::1 [25/Feb/2026:12:53:23 +0000] "POST /api/auth/register HTTP/1.1" 201 322 "http://localhost:4200/" - 379.917 ms
::1 [25/Feb/2026:12:53:36 +0000] "POST /api/auth/login HTTP/1.1" 200 495 "http://localhost:4200/" - 507.457 ms
::1 [25/Feb/2026:12:53:37 +0000] "GET /api/plaintes/mes-plaintes HTTP/1.1" 200 36 "http://localhost:4200/" - 834.683 ms
::1 [25/Feb/2026:12:54:40 +0000] "POST /api/auth/login HTTP/1.1" 200 484 "http://localhost:4200/" - 137.773 ms
::1 [25/Feb/2026:12:54:40 +0000] "GET /api/users HTTP/1.1" 200 444 "http://localhost:4200/" - 43.026 ms
::1 [25/Feb/2026:12:54:40 +0000] "GET /api/vehicules HTTP/1.1" 200 440 "http://localhost:4200/" - 41.703 ms
::1 [25/Feb/2026:12:54:40 +0000] "GET /api/zones HTTP/1.1" 200 378 "http://localhost:4200/" - 19.538 ms
::1 [25/Feb/2026:12:54:40 +0000] "GET /api/tournees HTTP/1.1" 200 36 "http://localhost:4200/" - 18.416 ms
::1 [25/Feb/2026:12:54:40 +0000] "GET /api/plaintes HTTP/1.1" 200 36 "http://localhost:4200/" - 15.922 ms
::1 [25/Feb/2026:12:54:59 +0000] "GET /api/vehicules HTTP/1.1" 304 - "http://localhost:4200/" - 8.132 ms
::1 [25/Feb/2026:12:55:07 +0000] "GET /api/zones HTTP/1.1" 304 - "http://localhost:4200/" - 9.205 ms
::1 [25/Feb/2026:12:55:09 +0000] "GET /api/vehicules HTTP/1.1" 304 - "http://localhost:4200/" - 10.657 ms
::1 [25/Feb/2026:12:55:09 +0000] "GET /api/users HTTP/1.1" 304 - "http://localhost:4200/" - 14.237 ms
::1 [25/Feb/2026:12:55:09 +0000] "GET /api/equipes HTTP/1.1" 200 284 "http://localhost:4200/" - 132.622 ms
::1 [25/Feb/2026:12:55:10 +0000] "GET /api/users HTTP/1.1" 304 - "http://localhost:4200/" - 21.691 ms
::1 [25/Feb/2026:12:55:10 +0000] "GET /api/zones HTTP/1.1" 304 - "http://localhost:4200/" - 32.832 ms
::1 [25/Feb/2026:12:55:10 +0000] "GET /api/vehicules HTTP/1.1" 304 - "http://localhost:4200/" - 25.205 ms
::1 [25/Feb/2026:12:55:10 +0000] "GET /api/tournees HTTP/1.1" 304 - "http://localhost:4200/" - 21.844 ms
::1 [25/Feb/2026:12:55:10 +0000] "GET /api/plaintes HTTP/1.1" 304 - "http://localhost:4200/" - 18.038 ms
::1 [25/Feb/2026:12:55:11 +0000] "GET /api/tournees HTTP/1.1" 304 - "http://localhost:4200/" - 6.553 ms
::1 [25/Feb/2026:12:55:11 +0000] "GET /api/zones HTTP/1.1" 304 - "http://localhost:4200/" - 19.840 ms
::1 [25/Feb/2026:12:55:11 +0000] "GET /api/vehicules HTTP/1.1" 304 - "http://localhost:4200/" - 13.385 ms
::1 [25/Feb/2026:12:55:11 +0000] "GET /api/equipes HTTP/1.1" 304 - "http://localhost:4200/" - 28.257 ms
::1 [25/Feb/2026:12:55:12 +0000] "GET /api/plaintes HTTP/1.1" 304 - "http://localhost:4200/" - 14.342 ms
::1 [25/Feb/2026:12:55:12 +0000] "GET /api/tournees HTTP/1.1" 304 - "http://localhost:4200/" - 16.429 ms
::1 [25/Feb/2026:12:55:12 +0000] "GET /api/incidents HTTP/1.1" 200 36 "http://localhost:4200/" - 11.308 ms
::1 [25/Feb/2026:12:55:14 +0000] "GET /api/tournees HTTP/1.1" 304 - "http://localhost:4200/" - 19.262 ms
::1 [25/Feb/2026:12:55:14 +0000] "GET /api/zones HTTP/1.1" 304 - "http://localhost:4200/" - 15.088 ms
::1 [25/Feb/2026:12:55:14 +0000] "GET /api/vehicules HTTP/1.1" 304 - "http://localhost:4200/" - 13.566 ms
::1 [25/Feb/2026:12:55:14 +0000] "GET /api/equipes HTTP/1.1" 304 - "http://localhost:4200/" - 32.648 ms
::1 [25/Feb/2026:12:55:15 +0000] "GET /api/zones HTTP/1.1" 304 - "http://localhost:4200/" - 7.181 ms
::1 [25/Feb/2026:12:55:15 +0000] "GET /api/vehicules HTTP/1.1" 304 - "http://localhost:4200/" - 5.798 ms
::1 [25/Feb/2026:12:55:15 +0000] "GET /api/users HTTP/1.1" 304 - "http://localhost:4200/" - 14.920 ms
::1 [25/Feb/2026:12:55:16 +0000] "GET /api/equipes HTTP/1.1" 304 - "http://localhost:4200/" - 24.429 ms
::1 [25/Feb/2026:12:55:16 +0000] "GET /api/users HTTP/1.1" 304 - "http://localhost:4200/" - 20.903 ms
::1 [25/Feb/2026:12:55:16 +0000] "GET /api/vehicules HTTP/1.1" 304 - "http://localhost:4200/" - 27.128 ms
::1 [25/Feb/2026:12:55:16 +0000] "GET /api/zones HTTP/1.1" 304 - "http://localhost:4200/" - 33.077 ms
::1 [25/Feb/2026:12:55:16 +0000] "GET /api/tournees HTTP/1.1" 304 - "http://localhost:4200/" - 24.890 ms
::1 [25/Feb/2026:12:55:16 +0000] "GET /api/plaintes HTTP/1.1" 304 - "http://localhost:4200/" - 22.923 ms
::1 [25/Feb/2026:12:55:48 +0000] "POST /api/auth/login HTTP/1.1" 200 495 "http://localhost:4200/" - 132.103 ms
::1 [25/Feb/2026:12:55:48 +0000] "GET /api/plaintes/mes-plaintes HTTP/1.1" 304 - "http://localhost:4200/" - 9.259 ms
::1 [25/Feb/2026:12:55:51 +0000] "GET /api/zones HTTP/1.1" 304 - "http://localhost:4200/" - 7.738 ms
::1 [25/Feb/2026:12:56:04 +0000] "GET /api/plaintes/mes-plaintes HTTP/1.1" 304 - "http://localhost:4200/" - 11.719 ms
::1 [25/Feb/2026:12:56:07 +0000] "GET /api/tournees HTTP/1.1" 304 - "http://localhost:4200/" - 15.275 ms
::1 [25/Feb/2026:12:56:07 +0000] "GET /api/zones HTTP/1.1" 304 - "http://localhost:4200/" - 17.520 ms
::1 [25/Feb/2026:12:57:04 +0000] "POST /api/auth/login HTTP/1.1" 200 484 "http://localhost:4200/" - 131.339 ms
::1 [25/Feb/2026:12:57:04 +0000] "GET /api/users HTTP/1.1" 304 - "http://localhost:4200/" - 16.868 ms
::1 [25/Feb/2026:12:57:05 +0000] "GET /api/vehicules HTTP/1.1" 304 - "http://localhost:4200/" - 28.672 ms
::1 [25/Feb/2026:12:57:05 +0000] "GET /api/zones HTTP/1.1" 304 - "http://localhost:4200/" - 19.445 ms
::1 [25/Feb/2026:12:57:05 +0000] "GET /api/plaintes HTTP/1.1" 304 - "http://localhost:4200/" - 15.953 ms
::1 [25/Feb/2026:12:57:05 +0000] "GET /api/tournees HTTP/1.1" 304 - "http://localhost:4200/" - 15.021 ms
::1 [25/Feb/2026:12:57:09 +0000] "GET /api/users HTTP/1.1" 304 - "http://localhost:4200/" - 13.096 ms
::1 [25/Feb/2026:12:57:09 +0000] "GET /api/equipes HTTP/1.1" 304 - "http://localhost:4200/" - 15.028 ms
::1 [25/Feb/2026:12:57:26 +0000] "GET /api/vehicules HTTP/1.1" 304 - "http://localhost:4200/" - 8.532 ms
::1 [25/Feb/2026:12:57:27 +0000] "GET /api/vehicules HTTP/1.1" 304 - "http://localhost:4200/" - 7.573 ms
::1 [25/Feb/2026:12:57:27 +0000] "GET /api/users HTTP/1.1" 304 - "http://localhost:4200/" - 26.651 ms
::1 [25/Feb/2026:12:57:27 +0000] "GET /api/zones HTTP/1.1" 304 - "http://localhost:4200/" - 25.122 ms
::1 [25/Feb/2026:12:57:27 +0000] "GET /api/tournees HTTP/1.1" 304 - "http://localhost:4200/" - 21.012 ms
::1 [25/Feb/2026:12:57:27 +0000] "GET /api/plaintes HTTP/1.1" 304 - "http://localhost:4200/" - 18.106 ms
::1 [25/Feb/2026:12:57:41 +0000] "GET /api/users HTTP/1.1" 304 - "http://localhost:4200/" - 21.332 ms
::1 [25/Feb/2026:12:57:41 +0000] "GET /api/equipes HTTP/1.1" 304 - "http://localhost:4200/" - 24.299 ms
::1 [25/Feb/2026:12:58:22 +0000] "PUT /api/users/699499c22d5d0f03d0cd616e HTTP/1.1" 200 251 "http://localhost:4200/" - 69.166 ms
::1 [25/Feb/2026:12:58:22 +0000] "GET /api/users HTTP/1.1" 200 472 "http://localhost:4200/" - 37.396 ms
::1 [25/Feb/2026:12:58:22 +0000] "GET /api/equipes HTTP/1.1" 304 - "http://localhost:4200/" - 21.671 ms
::1 [25/Feb/2026:12:59:28 +0000] "POST /api/auth/login HTTP/1.1" 200 512 "http://localhost:4200/" - 129.685 ms
::1 [25/Feb/2026:12:59:28 +0000] "GET /api/users HTTP/1.1" 304 - "http://localhost:4200/" - 30.429 ms
::1 [25/Feb/2026:12:59:28 +0000] "GET /api/vehicules HTTP/1.1" 304 - "http://localhost:4200/" - 32.119 ms
::1 [25/Feb/2026:12:59:28 +0000] "GET /api/zones HTTP/1.1" 304 - "http://localhost:4200/" - 28.472 ms
::1 [25/Feb/2026:12:59:28 +0000] "GET /api/tournees HTTP/1.1" 304 - "http://localhost:4200/" - 25.798 ms
::1 [25/Feb/2026:12:59:28 +0000] "GET /api/plaintes HTTP/1.1" 304 - "http://localhost:4200/" - 16.933 ms
::1 [25/Feb/2026:12:59:32 +0000] "GET /api/users HTTP/1.1" 304 - "http://localhost:4200/" - 11.775 ms
::1 [25/Feb/2026:12:59:32 +0000] "GET /api/equipes HTTP/1.1" 304 - "http://localhost:4200/" - 11.259 ms
::1 [25/Feb/2026:13:01:44 +0000] "POST /api/auth/register HTTP/1.1" 400 151 "http://localhost:4200/" - 3.631 ms
::1 [25/Feb/2026:13:39:16 +0000] "POST /api/auth/login HTTP/1.1" 200 512 "http://localhost:4200/" - 202.594 ms
::1 [25/Feb/2026:13:39:16 +0000] "GET /api/users HTTP/1.1" 200 456 "http://localhost:4200/" - 49.605 ms
::1 [25/Feb/2026:13:39:16 +0000] "GET /api/vehicules HTTP/1.1" 304 - "http://localhost:4200/" - 42.427 ms
::1 [25/Feb/2026:13:39:16 +0000] "GET /api/zones HTTP/1.1" 304 - "http://localhost:4200/" - 44.801 ms
::1 [25/Feb/2026:13:39:16 +0000] "GET /api/tournees HTTP/1.1" 304 - "http://localhost:4200/" - 40.950 ms
::1 [25/Feb/2026:13:39:16 +0000] "GET /api/plaintes HTTP/1.1" 304 - "http://localhost:4200/" - 38.511 ms
::1 [25/Feb/2026:13:39:21 +0000] "GET /api/tournees HTTP/1.1" 304 - "http://localhost:4200/" - 25.001 ms
::1 [25/Feb/2026:13:39:21 +0000] "GET /api/zones HTTP/1.1" 304 - "http://localhost:4200/" - 21.004 ms
::1 [25/Feb/2026:13:39:21 +0000] "GET /api/vehicules HTTP/1.1" 304 - "http://localhost:4200/" - 21.285 ms
::1 [25/Feb/2026:13:39:21 +0000] "GET /api/equipes HTTP/1.1" 304 - "http://localhost:4200/" - 32.694 ms
::1 [25/Feb/2026:13:39:24 +0000] "GET /api/users HTTP/1.1" 304 - "http://localhost:4200/" - 12.922 ms
::1 [25/Feb/2026:13:39:24 +0000] "GET /api/equipes HTTP/1.1" 304 - "http://localhost:4200/" - 29.107 ms
::1 [25/Feb/2026:13:40:14 +0000] "PUT /api/users/699ef0c21c460b3211295d6c HTTP/1.1" 200 256 "http://localhost:4200/" - 35.147 ms
::1 [25/Feb/2026:13:40:14 +0000] "GET /api/users HTTP/1.1" 200 480 "http://localhost:4200/" - 14.656 ms
::1 [25/Feb/2026:13:40:14 +0000] "GET /api/equipes HTTP/1.1" 304 - "http://localhost:4200/" - 24.610 ms
::1 [25/Feb/2026:13:55:32 +0000] "POST /api/auth/login HTTP/1.1" 200 512 "http://localhost:4200/" - 116.599 ms
::1 [25/Feb/2026:13:55:32 +0000] "GET /api/users HTTP/1.1" 304 - "http://localhost:4200/" - 45.588 ms
::1 [25/Feb/2026:13:55:32 +0000] "GET /api/vehicules HTTP/1.1" 304 - "http://localhost:4200/" - 45.487 ms
::1 [25/Feb/2026:13:55:32 +0000] "GET /api/zones HTTP/1.1" 304 - "http://localhost:4200/" - 34.099 ms
::1 [25/Feb/2026:13:55:32 +0000] "GET /api/tournees HTTP/1.1" 304 - "http://localhost:4200/" - 27.070 ms
::1 [25/Feb/2026:13:55:32 +0000] "GET /api/plaintes HTTP/1.1" 304 - "http://localhost:4200/" - 21.639 ms
::1 [25/Feb/2026:13:55:37 +0000] "GET /api/zones HTTP/1.1" 304 - "http://localhost:4200/" - 5.586 ms
::1 [25/Feb/2026:13:55:38 +0000] "GET /api/users HTTP/1.1" 304 - "http://localhost:4200/" - 13.609 ms
::1 [25/Feb/2026:13:55:38 +0000] "GET /api/vehicules HTTP/1.1" 304 - "http://localhost:4200/" - 10.128 ms
::1 [25/Feb/2026:13:55:38 +0000] "GET /api/equipes HTTP/1.1" 304 - "http://localhost:4200/" - 27.407 ms
::1 [25/Feb/2026:13:56:01 +0000] "GET /api/vehicules HTTP/1.1" 304 - "http://localhost:4200/" - 9.972 ms
::1 [25/Feb/2026:13:56:44 +0000] "PUT /api/vehicules/699499c22d5d0f03d0cd617a HTTP/1.1" 200 228 "http://localhost:4200/" - 26.680 ms
::1 [25/Feb/2026:13:56:44 +0000] "GET /api/vehicules HTTP/1.1" 200 442 "http://localhost:4200/" - 7.486 ms
::1 [25/Feb/2026:14:04:13 +0000] "GET /api/users HTTP/1.1" 304 - "http://localhost:4200/" - 37.125 ms
::1 [25/Feb/2026:14:04:13 +0000] "GET /api/vehicules HTTP/1.1" 304 - "http://localhost:4200/" - 30.251 ms
::1 [25/Feb/2026:14:04:13 +0000] "GET /api/zones HTTP/1.1" 304 - "http://localhost:4200/" - 27.999 ms
::1 [25/Feb/2026:14:04:13 +0000] "GET /api/tournees HTTP/1.1" 304 - "http://localhost:4200/" - 28.462 ms
::1 [25/Feb/2026:14:04:13 +0000] "GET /api/plaintes HTTP/1.1" 304 - "http://localhost:4200/" - 35.195 ms
::1 [25/Feb/2026:14:04:19 +0000] "GET /api/users HTTP/1.1" 304 - "http://localhost:4200/" - 8.565 ms
::1 [25/Feb/2026:14:04:19 +0000] "GET /api/equipes HTTP/1.1" 200 286 "http://localhost:4200/" - 11.882 ms
::1 [25/Feb/2026:14:22:27 +0000] "POST /api/auth/register HTTP/1.1" 400 151 "http://localhost:4200/" - 7.416 ms
::1 [25/Feb/2026:15:11:49 +0000] "GET /api/users HTTP/1.1" 304 - "http://localhost:4200/" - 88.148 ms
::1 [25/Feb/2026:15:11:49 +0000] "GET /api/vehicules HTTP/1.1" 304 - "http://localhost:4200/" - 37.864 ms
::1 [25/Feb/2026:15:11:49 +0000] "GET /api/zones HTTP/1.1" 304 - "http://localhost:4200/" - 39.301 ms
::1 [25/Feb/2026:15:11:49 +0000] "GET /api/tournees HTTP/1.1" 304 - "http://localhost:4200/" - 35.590 ms
::1 [25/Feb/2026:15:11:49 +0000] "GET /api/plaintes HTTP/1.1" 304 - "http://localhost:4200/" - 33.149 ms
::1 [25/Feb/2026:15:17:37 +0000] "GET /api/users HTTP/1.1" 304 - "http://localhost:4200/" - 18.619 ms
::1 [25/Feb/2026:15:17:37 +0000] "GET /api/equipes HTTP/1.1" 304 - "http://localhost:4200/" - 26.355 ms
::1 [25/Feb/2026:15:18:12 +0000] "POST /api/auth/register HTTP/1.1" 400 151 "http://localhost:4200/" - 11.391 ms
::1 [25/Feb/2026:17:55:16 +0000] "GET /api/users HTTP/1.1" 304 - "http://localhost:4200/" - 61.662 ms
::1 [25/Feb/2026:17:55:16 +0000] "GET /api/vehicules HTTP/1.1" 304 - "http://localhost:4200/" - 51.134 ms
::1 [25/Feb/2026:17:55:16 +0000] "GET /api/zones HTTP/1.1" 304 - "http://localhost:4200/" - 53.469 ms
::1 [25/Feb/2026:17:55:16 +0000] "GET /api/tournees HTTP/1.1" 304 - "http://localhost:4200/" - 52.868 ms
::1 [25/Feb/2026:17:55:16 +0000] "GET /api/plaintes HTTP/1.1" 304 - "http://localhost:4200/" - 50.702 ms
::1 [25/Feb/2026:17:56:16 +0000] "POST /api/auth/login HTTP/1.1" 200 512 "http://localhost:4200/" - 137.150 ms
::1 [25/Feb/2026:17:56:17 +0000] "GET /api/users HTTP/1.1" 304 - "http://localhost:4200/" - 12.330 ms
::1 [25/Feb/2026:17:56:17 +0000] "GET /api/vehicules HTTP/1.1" 304 - "http://localhost:4200/" - 25.834 ms
::1 [25/Feb/2026:17:56:17 +0000] "GET /api/zones HTTP/1.1" 304 - "http://localhost:4200/" - 20.320 ms
::1 [25/Feb/2026:17:56:17 +0000] "GET /api/tournees HTTP/1.1" 304 - "http://localhost:4200/" - 18.249 ms
::1 [25/Feb/2026:17:56:17 +0000] "GET /api/plaintes HTTP/1.1" 304 - "http://localhost:4200/" - 16.628 ms
::1 [25/Feb/2026:18:00:22 +0000] "GET /api/zones HTTP/1.1" 304 - "http://localhost:4200/" - 9.513 ms
::1 [25/Feb/2026:18:21:23 +0000] "GET /api/users HTTP/1.1" 304 - "http://localhost:4200/" - 69.963 ms
::1 [25/Feb/2026:18:21:23 +0000] "GET /api/vehicules HTTP/1.1" 304 - "http://localhost:4200/" - 56.598 ms
::1 [25/Feb/2026:18:21:23 +0000] "GET /api/zones HTTP/1.1" 304 - "http://localhost:4200/" - 54.022 ms
::1 [25/Feb/2026:18:21:23 +0000] "GET /api/tournees HTTP/1.1" 304 - "http://localhost:4200/" - 51.129 ms
::1 [25/Feb/2026:18:21:23 +0000] "GET /api/plaintes HTTP/1.1" 304 - "http://localhost:4200/" - 47.632 ms
::1 [25/Feb/2026:18:21:35 +0000] "GET /api/users HTTP/1.1" 304 - "http://localhost:4200/" - 14.216 ms
::1 [25/Feb/2026:18:21:35 +0000] "GET /api/equipes HTTP/1.1" 304 - "http://localhost:4200/" - 20.489 ms
::1 [25/Feb/2026:18:21:53 +0000] "PUT /api/users/699ef0c21c460b3211295d6c HTTP/1.1" 200 256 "http://localhost:4200/" - 29.754 ms
::1 [25/Feb/2026:18:21:53 +0000] "GET /api/equipes HTTP/1.1" 304 - "http://localhost:4200/" - 15.350 ms
::1 [25/Feb/2026:18:21:53 +0000] "GET /api/users HTTP/1.1" 200 480 "http://localhost:4200/" - 77.457 ms
::1 [25/Feb/2026:18:22:45 +0000] "POST /api/users HTTP/1.1" 201 246 "http://localhost:4200/" - 174.546 ms
::1 [25/Feb/2026:18:22:45 +0000] "POST /api/equipes/699499c22d5d0f03d0cd617e/membres HTTP/1.1" 200 306 "http://localhost:4200/" - 14.866 ms
::1 [25/Feb/2026:18:22:45 +0000] "GET /api/users HTTP/1.1" 200 703 "http://localhost:4200/" - 14.654 ms
::1 [25/Feb/2026:18:22:45 +0000] "GET /api/equipes HTTP/1.1" 200 363 "http://localhost:4200/" - 27.339 ms
::1 [25/Feb/2026:18:23:10 +0000] "GET /api/vehicules HTTP/1.1" 304 - "http://localhost:4200/" - 13.483 ms
::1 [25/Feb/2026:18:23:38 +0000] "PUT /api/vehicules/699499c22d5d0f03d0cd617c HTTP/1.1" 200 227 "http://localhost:4200/" - 38.088 ms
::1 [25/Feb/2026:18:23:38 +0000] "GET /api/vehicules HTTP/1.1" 200 444 "http://localhost:4200/" - 10.773 ms
::1 [25/Feb/2026:18:23:54 +0000] "DELETE /api/vehicules/699499c22d5d0f03d0cd617a HTTP/1.1" 200 61 "http://localhost:4200/" - 541.819 ms
::1 [25/Feb/2026:18:23:54 +0000] "GET /api/vehicules HTTP/1.1" 200 239 "http://localhost:4200/" - 4.796 ms
::1 [25/Feb/2026:18:24:42 +0000] "POST /api/vehicules HTTP/1.1" 201 226 "http://localhost:4200/" - 10.850 ms
::1 [25/Feb/2026:18:24:42 +0000] "GET /api/vehicules HTTP/1.1" 200 442 "http://localhost:4200/" - 4.884 ms
::1 [25/Feb/2026:18:27:02 +0000] "PUT /api/vehicules/699f3e6a9c4d2de7c9aed69f HTTP/1.1" 200 226 "http://localhost:4200/" - 9.856 ms
::1 [25/Feb/2026:18:27:02 +0000] "GET /api/vehicules HTTP/1.1" 200 442 "http://localhost:4200/" - 8.762 ms
::1 [25/Feb/2026:18:27:06 +0000] "GET /api/users HTTP/1.1" 304 - "http://localhost:4200/" - 14.218 ms
::1 [25/Feb/2026:18:27:06 +0000] "GET /api/equipes HTTP/1.1" 200 281 "http://localhost:4200/" - 20.212 ms
::1 [25/Feb/2026:18:27:33 +0000] "GET /api/zones HTTP/1.1" 304 - "http://localhost:4200/" - 5.929 ms
::1 [25/Feb/2026:18:28:05 +0000] "PUT /api/zones/699499c22d5d0f03d0cd6170 HTTP/1.1" 200 192 "http://localhost:4200/" - 177.597 ms
::1 [25/Feb/2026:18:28:05 +0000] "GET /api/zones HTTP/1.1" 200 377 "http://localhost:4200/" - 6.199 ms
::1 [25/Feb/2026:18:35:09 +0000] "POST /api/zones HTTP/1.1" 201 179 "http://localhost:4200/" - 9.452 ms
::1 [25/Feb/2026:18:35:09 +0000] "GET /api/zones HTTP/1.1" 200 533 "http://localhost:4200/" - 8.395 ms
::1 [25/Feb/2026:18:40:22 +0000] "GET /api/plaintes HTTP/1.1" 304 - "http://localhost:4200/" - 18.417 ms
::1 [25/Feb/2026:18:40:22 +0000] "GET /api/incidents HTTP/1.1" 304 - "http://localhost:4200/" - 14.806 ms
::1 [25/Feb/2026:18:40:22 +0000] "GET /api/tournees HTTP/1.1" 304 - "http://localhost:4200/" - 10.231 ms
::1 [25/Feb/2026:18:40:27 +0000] "GET /api/equipes HTTP/1.1" 304 - "http://localhost:4200/" - 27.399 ms
::1 [25/Feb/2026:18:40:27 +0000] "GET /api/users HTTP/1.1" 304 - "http://localhost:4200/" - 14.213 ms
::1 [25/Feb/2026:18:40:27 +0000] "GET /api/vehicules HTTP/1.1" 304 - "http://localhost:4200/" - 13.373 ms
::1 [25/Feb/2026:18:40:29 +0000] "GET /api/zones HTTP/1.1" 304 - "http://localhost:4200/" - 6.635 ms
::1 [25/Feb/2026:18:40:46 +0000] "GET /api/vehicules HTTP/1.1" 304 - "http://localhost:4200/" - 31.634 ms
::1 [25/Feb/2026:18:40:46 +0000] "GET /api/users HTTP/1.1" 304 - "http://localhost:4200/" - 24.938 ms
::1 [25/Feb/2026:18:40:46 +0000] "GET /api/zones HTTP/1.1" 304 - "http://localhost:4200/" - 24.092 ms
::1 [25/Feb/2026:18:40:46 +0000] "GET /api/tournees HTTP/1.1" 304 - "http://localhost:4200/" - 20.342 ms
::1 [25/Feb/2026:18:40:46 +0000] "GET /api/plaintes HTTP/1.1" 304 - "http://localhost:4200/" - 17.997 ms
::1 [25/Feb/2026:18:42:37 +0000] "GET /api/users HTTP/1.1" 304 - "http://localhost:4200/" - 10.180 ms
::1 [25/Feb/2026:18:42:37 +0000] "GET /api/equipes HTTP/1.1" 304 - "http://localhost:4200/" - 15.042 ms
::1 [25/Feb/2026:18:43:25 +0000] "POST /api/users HTTP/1.1" 201 239 "http://localhost:4200/" - 124.776 ms
::1 [25/Feb/2026:18:43:25 +0000] "GET /api/users HTTP/1.1" 200 919 "http://localhost:4200/" - 11.244 ms
::1 [25/Feb/2026:18:43:25 +0000] "GET /api/equipes HTTP/1.1" 304 - "http://localhost:4200/" - 13.929 ms
::1 [25/Feb/2026:18:43:44 +0000] "DELETE /api/users/699f42cd9c4d2de7c9aed6c1 HTTP/1.1" 200 63 "http://localhost:4200/" - 5.437 ms
::1 [25/Feb/2026:18:43:44 +0000] "GET /api/users HTTP/1.1" 200 703 "http://localhost:4200/" - 6.684 ms
::1 [25/Feb/2026:18:43:56 +0000] "GET /api/users HTTP/1.1" 304 - "http://localhost:4200/" - 32.028 ms
::1 [25/Feb/2026:18:43:56 +0000] "GET /api/vehicules HTTP/1.1" 304 - "http://localhost:4200/" - 25.891 ms
::1 [25/Feb/2026:18:43:56 +0000] "GET /api/zones HTTP/1.1" 304 - "http://localhost:4200/" - 25.825 ms
::1 [25/Feb/2026:18:43:56 +0000] "GET /api/tournees HTTP/1.1" 304 - "http://localhost:4200/" - 25.070 ms
::1 [25/Feb/2026:18:43:56 +0000] "GET /api/plaintes HTTP/1.1" 304 - "http://localhost:4200/" - 20.811 ms
::1 [25/Feb/2026:18:44:17 +0000] "GET /api/users HTTP/1.1" 304 - "http://localhost:4200/" - 12.005 ms
::1 [25/Feb/2026:18:44:17 +0000] "GET /api/equipes HTTP/1.1" 304 - "http://localhost:4200/" - 23.143 ms
::1 [25/Feb/2026:18:45:04 +0000] "POST /api/users HTTP/1.1" 201 240 "http://localhost:4200/" - 112.543 ms
::1 [25/Feb/2026:18:45:04 +0000] "GET /api/users HTTP/1.1" 200 920 "http://localhost:4200/" - 15.541 ms
::1 [25/Feb/2026:18:45:04 +0000] "GET /api/equipes HTTP/1.1" 304 - "http://localhost:4200/" - 20.432 ms
::1 [25/Feb/2026:18:45:41 +0000] "POST /api/auth/login HTTP/1.1" 200 501 "http://localhost:4200/" - 117.775 ms
::1 [25/Feb/2026:18:45:41 +0000] "GET /api/users HTTP/1.1" 304 - "http://localhost:4200/" - 21.358 ms
::1 [25/Feb/2026:18:45:41 +0000] "GET /api/vehicules HTTP/1.1" 304 - "http://localhost:4200/" - 24.450 ms
::1 [25/Feb/2026:18:45:41 +0000] "GET /api/zones HTTP/1.1" 304 - "http://localhost:4200/" - 25.492 ms
::1 [25/Feb/2026:18:45:41 +0000] "GET /api/tournees HTTP/1.1" 304 - "http://localhost:4200/" - 24.073 ms
::1 [25/Feb/2026:18:45:41 +0000] "GET /api/plaintes HTTP/1.1" 304 - "http://localhost:4200/" - 17.716 ms
::1 [25/Feb/2026:18:45:49 +0000] "GET /api/users HTTP/1.1" 304 - "http://localhost:4200/" - 9.916 ms
::1 [25/Feb/2026:18:45:49 +0000] "GET /api/equipes HTTP/1.1" 304 - "http://localhost:4200/" - 12.631 ms
::1 [25/Feb/2026:18:46:22 +0000] "GET /api/users HTTP/1.1" 304 - "http://localhost:4200/" - 35.670 ms
::1 [25/Feb/2026:18:46:22 +0000] "GET /api/vehicules HTTP/1.1" 304 - "http://localhost:4200/" - 29.734 ms
::1 [25/Feb/2026:18:46:22 +0000] "GET /api/zones HTTP/1.1" 304 - "http://localhost:4200/" - 27.029 ms
::1 [25/Feb/2026:18:46:22 +0000] "GET /api/tournees HTTP/1.1" 304 - "http://localhost:4200/" - 21.802 ms
::1 [25/Feb/2026:18:46:22 +0000] "GET /api/plaintes HTTP/1.1" 304 - "http://localhost:4200/" - 21.322 ms
::1 [25/Feb/2026:19:21:29 +0000] "GET /api/stats/dashboard HTTP/1.1" 200 321 "http://localhost:4200/" - 67.583 ms
::1 [25/Feb/2026:19:21:39 +0000] "GET /api/users HTTP/1.1" 304 - "http://localhost:4200/" - 50.072 ms
::1 [25/Feb/2026:19:21:39 +0000] "GET /api/vehicules HTTP/1.1" 304 - "http://localhost:4200/" - 58.176 ms
::1 [25/Feb/2026:19:21:39 +0000] "GET /api/equipes HTTP/1.1" 304 - "http://localhost:4200/" - 87.354 ms
::1 [25/Feb/2026:19:21:41 +0000] "GET /api/tournees HTTP/1.1" 304 - "http://localhost:4200/" - 17.808 ms
::1 [25/Feb/2026:19:21:41 +0000] "GET /api/vehicules HTTP/1.1" 304 - "http://localhost:4200/" - 16.753 ms
::1 [25/Feb/2026:19:21:41 +0000] "GET /api/zones HTTP/1.1" 304 - "http://localhost:4200/" - 17.459 ms
::1 [25/Feb/2026:19:21:41 +0000] "GET /api/equipes HTTP/1.1" 304 - "http://localhost:4200/" - 40.247 ms
::1 [25/Feb/2026:19:21:43 +0000] "GET /api/users HTTP/1.1" 304 - "http://localhost:4200/" - 12.157 ms
::1 [25/Feb/2026:19:21:43 +0000] "GET /api/equipes HTTP/1.1" 304 - "http://localhost:4200/" - 14.872 ms
::1 [25/Feb/2026:19:23:08 +0000] "POST /api/users HTTP/1.1" 201 258 "http://localhost:4200/" - 192.275 ms
::1 [25/Feb/2026:19:23:08 +0000] "GET /api/users HTTP/1.1" 200 1155 "http://localhost:4200/" - 27.899 ms
::1 [25/Feb/2026:19:23:08 +0000] "GET /api/equipes HTTP/1.1" 304 - "http://localhost:4200/" - 29.631 ms
::1 [25/Feb/2026:19:23:36 +0000] "POST /api/auth/login HTTP/1.1" 200 519 "http://localhost:4200/" - 127.905 ms
::1 [25/Feb/2026:19:23:36 +0000] "GET /api/stats/dashboard HTTP/1.1" 200 321 "http://localhost:4200/" - 28.459 ms
::1 [25/Feb/2026:19:23:57 +0000] "GET /api/tournees HTTP/1.1" 304 - "http://localhost:4200/" - 29.585 ms
::1 [25/Feb/2026:19:23:57 +0000] "GET /api/zones HTTP/1.1" 304 - "http://localhost:4200/" - 24.071 ms
::1 [25/Feb/2026:19:23:57 +0000] "GET /api/vehicules HTTP/1.1" 304 - "http://localhost:4200/" - 24.203 ms
::1 [25/Feb/2026:19:23:57 +0000] "GET /api/equipes HTTP/1.1" 304 - "http://localhost:4200/" - 33.749 ms
::1 [25/Feb/2026:19:24:00 +0000] "GET /api/users HTTP/1.1" 304 - "http://localhost:4200/" - 10.018 ms
::1 [25/Feb/2026:19:24:00 +0000] "GET /api/equipes HTTP/1.1" 304 - "http://localhost:4200/" - 21.967 ms
::1 [25/Feb/2026:19:24:03 +0000] "GET /api/stats/dashboard HTTP/1.1" 304 - "http://localhost:4200/" - 31.580 ms
::1 [25/Feb/2026:19:24:10 +0000] "GET /api/stats/dashboard HTTP/1.1" 304 - "http://localhost:4200/" - 41.011 ms
::1 [25/Feb/2026:19:24:28 +0000] "GET /api/users HTTP/1.1" 304 - "http://localhost:4200/" - 14.107 ms
::1 [25/Feb/2026:19:24:28 +0000] "GET /api/vehicules HTTP/1.1" 304 - "http://localhost:4200/" - 14.596 ms
::1 [25/Feb/2026:19:24:28 +0000] "GET /api/equipes HTTP/1.1" 304 - "http://localhost:4200/" - 31.245 ms
::1 [25/Feb/2026:19:24:33 +0000] "GET /api/tournees HTTP/1.1" 304 - "http://localhost:4200/" - 24.552 ms
::1 [25/Feb/2026:19:24:33 +0000] "GET /api/zones HTTP/1.1" 304 - "http://localhost:4200/" - 18.303 ms
::1 [25/Feb/2026:19:24:33 +0000] "GET /api/equipes HTTP/1.1" 304 - "http://localhost:4200/" - 23.151 ms
::1 [25/Feb/2026:19:24:33 +0000] "GET /api/vehicules HTTP/1.1" 304 - "http://localhost:4200/" - 8.229 ms
::1 [25/Feb/2026:19:24:36 +0000] "GET /api/users HTTP/1.1" 304 - "http://localhost:4200/" - 15.716 ms
::1 [25/Feb/2026:19:24:36 +0000] "GET /api/equipes HTTP/1.1" 304 - "http://localhost:4200/" - 29.316 ms
::1 [25/Feb/2026:19:24:46 +0000] "GET /api/vehicules HTTP/1.1" 304 - "http://localhost:4200/" - 11.437 ms
::1 [25/Feb/2026:19:24:55 +0000] "GET /api/zones HTTP/1.1" 304 - "http://localhost:4200/" - 11.143 ms
::1 [26/Feb/2026:06:58:13 +0000] "GET /api/stats/dashboard HTTP/1.1" 200 321 "http://localhost:4200/" - 83.285 ms
::1 [26/Feb/2026:06:58:34 +0000] "GET /api/plaintes HTTP/1.1" 304 - "http://localhost:4200/" - 49.988 ms
::1 [26/Feb/2026:06:58:34 +0000] "GET /api/tournees HTTP/1.1" 304 - "http://localhost:4200/" - 31.031 ms
::1 [26/Feb/2026:06:58:34 +0000] "GET /api/incidents HTTP/1.1" 304 - "http://localhost:4200/" - 60.328 ms
::1 [26/Feb/2026:06:58:37 +0000] "GET /api/tournees HTTP/1.1" 304 - "http://localhost:4200/" - 57.668 ms
::1 [26/Feb/2026:06:58:37 +0000] "GET /api/zones HTTP/1.1" 200 36 "http://localhost:4200/" - 49.997 ms
::1 [26/Feb/2026:06:58:37 +0000] "GET /api/equipes HTTP/1.1" 200 36 "http://localhost:4200/" - 41.764 ms
::1 [26/Feb/2026:06:58:37 +0000] "GET /api/vehicules HTTP/1.1" 200 36 "http://localhost:4200/" - 41.133 ms
::1 [26/Feb/2026:06:58:38 +0000] "GET /api/equipes HTTP/1.1" 304 - "http://localhost:4200/" - 13.891 ms
::1 [26/Feb/2026:06:58:38 +0000] "GET /api/vehicules HTTP/1.1" 304 - "http://localhost:4200/" - 11.438 ms
::1 [26/Feb/2026:06:58:38 +0000] "GET /api/users HTTP/1.1" 200 36 "http://localhost:4200/" - 10.949 ms
::1 [26/Feb/2026:06:59:17 +0000] "POST /api/auth/login HTTP/1.1" 200 529 "http://localhost:4200/" - 293.851 ms
::1 [26/Feb/2026:06:59:17 +0000] "GET /api/stats/dashboard HTTP/1.1" 304 - "http://localhost:4200/" - 66.159 ms
::1 [26/Feb/2026:06:59:31 +0000] "GET /api/users HTTP/1.1" 304 - "http://localhost:4200/" - 21.092 ms
::1 [26/Feb/2026:06:59:31 +0000] "GET /api/equipes HTTP/1.1" 304 - "http://localhost:4200/" - 12.742 ms
::1 [26/Feb/2026:06:59:39 +0000] "GET /api/vehicules HTTP/1.1" 304 - "http://localhost:4200/" - 14.053 ms
::1 [26/Feb/2026:06:59:41 +0000] "GET /api/users HTTP/1.1" 304 - "http://localhost:4200/" - 33.433 ms
::1 [26/Feb/2026:06:59:41 +0000] "GET /api/equipes HTTP/1.1" 304 - "http://localhost:4200/" - 27.080 ms
::1 [26/Feb/2026:07:01:10 +0000] "POST /api/users HTTP/1.1" 201 316 "http://localhost:4200/" - 246.916 ms
::1 [26/Feb/2026:07:01:10 +0000] "GET /api/equipes HTTP/1.1" 304 - "http://localhost:4200/" - 13.644 ms
::1 [26/Feb/2026:07:01:10 +0000] "GET /api/users HTTP/1.1" 200 328 "http://localhost:4200/" - 112.595 ms
::1 [26/Feb/2026:07:02:29 +0000] "POST /api/users HTTP/1.1" 201 300 "http://localhost:4200/" - 263.999 ms
::1 [26/Feb/2026:07:02:30 +0000] "GET /api/users HTTP/1.1" 200 605 "http://localhost:4200/" - 53.778 ms
::1 [26/Feb/2026:07:02:30 +0000] "GET /api/equipes HTTP/1.1" 304 - "http://localhost:4200/" - 48.066 ms
::1 [26/Feb/2026:07:04:08 +0000] "POST /api/auth/login HTTP/1.1" 200 561 "http://localhost:4200/" - 170.190 ms
::1 [26/Feb/2026:07:04:08 +0000] "GET /api/stats/dashboard HTTP/1.1" 304 - "http://localhost:4200/" - 34.724 ms
::1 [26/Feb/2026:07:06:17 +0000] "GET /api/tournees HTTP/1.1" 304 - "http://localhost:4200/" - 63.392 ms
::1 [26/Feb/2026:07:06:17 +0000] "GET /api/zones HTTP/1.1" 304 - "http://localhost:4200/" - 58.727 ms
::1 [26/Feb/2026:07:06:17 +0000] "GET /api/equipes HTTP/1.1" 304 - "http://localhost:4200/" - 45.938 ms
::1 [26/Feb/2026:07:06:17 +0000] "GET /api/vehicules HTTP/1.1" 304 - "http://localhost:4200/" - 45.877 ms
::1 [26/Feb/2026:07:06:25 +0000] "GET /api/stats/dashboard HTTP/1.1" 304 - "http://localhost:4200/" - 66.044 ms
::1 [26/Feb/2026:07:06:54 +0000] "GET /api/zones HTTP/1.1" 304 - "http://localhost:4200/" - 11.656 ms
::1 [26/Feb/2026:07:06:58 +0000] "GET /api/users HTTP/1.1" 200 36 "http://localhost:4200/" - 13.819 ms
::1 [26/Feb/2026:07:06:58 +0000] "GET /api/equipes HTTP/1.1" 304 - "http://localhost:4200/" - 9.800 ms
::1 [26/Feb/2026:07:07:37 +0000] "GET /api/equipes HTTP/1.1" 304 - "http://localhost:4200/" - 30.463 ms
::1 [26/Feb/2026:07:07:37 +0000] "GET /api/users HTTP/1.1" 304 - "http://localhost:4200/" - 31.389 ms
::1 [26/Feb/2026:07:07:37 +0000] "GET /api/vehicules HTTP/1.1" 304 - "http://localhost:4200/" - 32.899 ms
::1 [26/Feb/2026:07:11:02 +0000] "GET /api/users HTTP/1.1" 304 - "http://localhost:4200/" - 28.705 ms
::1 [26/Feb/2026:07:11:02 +0000] "GET /api/equipes HTTP/1.1" 304 - "http://localhost:4200/" - 31.219 ms
::1 [26/Feb/2026:07:11:09 +0000] "GET /api/vehicules HTTP/1.1" 304 - "http://localhost:4200/" - 13.991 ms
::1 [26/Feb/2026:07:11:43 +0000] "POST /api/vehicules HTTP/1.1" 201 265 "http://localhost:4200/" - 372.649 ms
::1 [26/Feb/2026:07:11:43 +0000] "GET /api/vehicules HTTP/1.1" 200 277 "http://localhost:4200/" - 20.893 ms
::1 [26/Feb/2026:07:11:50 +0000] "GET /api/zones HTTP/1.1" 304 - "http://localhost:4200/" - 16.938 ms
::1 [26/Feb/2026:08:00:05 +0000] "GET /api/stats/dashboard HTTP/1.1" 200 321 "http://localhost:4200/" - 87.580 ms
::1 [26/Feb/2026:08:01:28 +0000] "GET /api/users HTTP/1.1" 304 - "http://localhost:4200/" - 33.440 ms
::1 [26/Feb/2026:08:01:28 +0000] "GET /api/equipes HTTP/1.1" 304 - "http://localhost:4200/" - 25.755 ms
::1 [26/Feb/2026:08:01:35 +0000] "GET /api/vehicules HTTP/1.1" 304 - "http://localhost:4200/" - 29.497 ms
::1 [26/Feb/2026:08:01:36 +0000] "GET /api/zones HTTP/1.1" 304 - "http://localhost:4200/" - 16.840 ms
::1 [26/Feb/2026:08:01:36 +0000] "GET /api/zones/arrondissements HTTP/1.1" 200 488 "http://localhost:4200/" - 18.852 ms
::1 [26/Feb/2026:08:01:51 +0000] "GET /api/equipes HTTP/1.1" 304 - "http://localhost:4200/" - 20.672 ms
::1 [26/Feb/2026:08:01:51 +0000] "GET /api/users HTTP/1.1" 304 - "http://localhost:4200/" - 18.248 ms
::1 [26/Feb/2026:08:01:51 +0000] "GET /api/vehicules HTTP/1.1" 304 - "http://localhost:4200/" - 15.236 ms
::1 [26/Feb/2026:08:01:55 +0000] "GET /api/vehicules HTTP/1.1" 304 - "http://localhost:4200/" - 7.793 ms
::1 [26/Feb/2026:08:01:56 +0000] "GET /api/zones HTTP/1.1" 304 - "http://localhost:4200/" - 17.503 ms
::1 [26/Feb/2026:08:01:56 +0000] "GET /api/zones/arrondissements HTTP/1.1" 304 - "http://localhost:4200/" - 22.008 ms
::1 [26/Feb/2026:08:02:12 +0000] "POST /api/zones/bulk HTTP/1.1" 201 1861 "http://localhost:4200/" - 50.607 ms
::1 [26/Feb/2026:08:02:12 +0000] "GET /api/zones HTTP/1.1" 200 1811 "http://localhost:4200/" - 29.911 ms
::1 [26/Feb/2026:08:02:12 +0000] "GET /api/zones/arrondissements HTTP/1.1" 200 481 "http://localhost:4200/" - 28.095 ms
::1 [26/Feb/2026:08:03:07 +0000] "GET /api/equipes HTTP/1.1" 304 - "http://localhost:4200/" - 21.748 ms
::1 [26/Feb/2026:08:03:07 +0000] "GET /api/users HTTP/1.1" 304 - "http://localhost:4200/" - 18.028 ms
::1 [26/Feb/2026:08:03:07 +0000] "GET /api/vehicules HTTP/1.1" 304 - "http://localhost:4200/" - 20.378 ms
::1 [26/Feb/2026:08:03:12 +0000] "GET /api/vehicules HTTP/1.1" 304 - "http://localhost:4200/" - 6.917 ms
::1 [26/Feb/2026:08:03:18 +0000] "GET /api/users HTTP/1.1" 304 - "http://localhost:4200/" - 18.263 ms
::1 [26/Feb/2026:08:03:18 +0000] "GET /api/equipes HTTP/1.1" 304 - "http://localhost:4200/" - 17.209 ms
::1 [26/Feb/2026:08:06:50 +0000] "GET /api/equipes HTTP/1.1" 304 - "http://localhost:4200/" - 25.155 ms
::1 [26/Feb/2026:08:06:50 +0000] "GET /api/users HTTP/1.1" 304 - "http://localhost:4200/" - 24.476 ms
::1 [26/Feb/2026:08:06:50 +0000] "GET /api/vehicules HTTP/1.1" 304 - "http://localhost:4200/" - 20.581 ms
::1 [26/Feb/2026:08:07:09 +0000] "POST /api/equipes HTTP/1.1" 201 252 "http://localhost:4200/" - 49.562 ms
::1 [26/Feb/2026:08:07:09 +0000] "GET /api/equipes HTTP/1.1" 200 324 "http://localhost:4200/" - 35.499 ms
::1 [26/Feb/2026:08:07:15 +0000] "GET /api/equipes/699fff2de7c3bb1d31598ded HTTP/1.1" 200 326 "http://localhost:4200/" - 89.999 ms
::1 [26/Feb/2026:08:07:16 +0000] "GET /api/equipes/699fff2de7c3bb1d31598ded HTTP/1.1" 304 - "http://localhost:4200/" - 13.516 ms
::1 [26/Feb/2026:08:07:31 +0000] "GET /api/users HTTP/1.1" 304 - "http://localhost:4200/" - 17.758 ms
::1 [26/Feb/2026:08:07:31 +0000] "GET /api/equipes HTTP/1.1" 304 - "http://localhost:4200/" - 25.025 ms
::1 [26/Feb/2026:08:08:03 +0000] "POST /api/users HTTP/1.1" 201 297 "http://localhost:4200/" - 181.548 ms
::1 [26/Feb/2026:08:08:03 +0000] "POST /api/equipes/699fff2de7c3bb1d31598ded/membres HTTP/1.1" 200 337 "http://localhost:4200/" - 28.778 ms
::1 [26/Feb/2026:08:08:03 +0000] "GET /api/users HTTP/1.1" 200 309 "http://localhost:4200/" - 30.625 ms
::1 [26/Feb/2026:08:08:03 +0000] "GET /api/equipes HTTP/1.1" 200 394 "http://localhost:4200/" - 37.169 ms
::1 [26/Feb/2026:08:08:16 +0000] "PUT /api/users/699fff63e7c3bb1d31598df9 HTTP/1.1" 200 296 "http://localhost:4200/" - 22.711 ms
::1 [26/Feb/2026:08:08:16 +0000] "GET /api/users HTTP/1.1" 200 308 "http://localhost:4200/" - 20.617 ms
::1 [26/Feb/2026:08:08:16 +0000] "GET /api/equipes HTTP/1.1" 200 393 "http://localhost:4200/" - 29.551 ms
::1 [26/Feb/2026:08:08:22 +0000] "GET /api/zones HTTP/1.1" 304 - "http://localhost:4200/" - 16.255 ms
::1 [26/Feb/2026:08:08:22 +0000] "GET /api/zones/arrondissements HTTP/1.1" 304 - "http://localhost:4200/" - 22.451 ms
::1 [26/Feb/2026:08:08:31 +0000] "GET /api/users HTTP/1.1" 304 - "http://localhost:4200/" - 17.074 ms
::1 [26/Feb/2026:08:08:31 +0000] "GET /api/vehicules HTTP/1.1" 304 - "http://localhost:4200/" - 16.279 ms
::1 [26/Feb/2026:08:08:31 +0000] "GET /api/equipes HTTP/1.1" 304 - "http://localhost:4200/" - 31.066 ms
::1 [26/Feb/2026:08:08:39 +0000] "GET /api/equipes/699fff2de7c3bb1d31598ded HTTP/1.1" 200 410 "http://localhost:4200/" - 9.937 ms
::1 [26/Feb/2026:08:08:40 +0000] "GET /api/equipes/699fff2de7c3bb1d31598ded HTTP/1.1" 304 - "http://localhost:4200/" - 15.551 ms
::1 [26/Feb/2026:08:08:45 +0000] "DELETE /api/equipes/699fff2de7c3bb1d31598ded/membres/699fff63e7c3bb1d31598df9 HTTP/1.1" 200 252 "http://localhost:4200/" - 47.771 ms
::1 [26/Feb/2026:08:08:45 +0000] "GET /api/equipes HTTP/1.1" 200 324 "http://localhost:4200/" - 8.914 ms
::1 [26/Feb/2026:08:09:02 +0000] "POST /api/equipes/699fff2de7c3bb1d31598ded/membres HTTP/1.1" 200 336 "http://localhost:4200/" - 14.475 ms
::1 [26/Feb/2026:08:09:02 +0000] "GET /api/equipes HTTP/1.1" 200 393 "http://localhost:4200/" - 12.703 ms
::1 [26/Feb/2026:08:09:10 +0000] "GET /api/zones HTTP/1.1" 304 - "http://localhost:4200/" - 30.734 ms
::1 [26/Feb/2026:08:09:10 +0000] "GET /api/tournees HTTP/1.1" 304 - "http://localhost:4200/" - 31.830 ms
::1 [26/Feb/2026:08:09:10 +0000] "GET /api/vehicules HTTP/1.1" 304 - "http://localhost:4200/" - 23.371 ms
::1 [26/Feb/2026:08:09:10 +0000] "GET /api/equipes HTTP/1.1" 304 - "http://localhost:4200/" - 41.010 ms
::1 [26/Feb/2026:08:09:13 +0000] "GET /api/equipes HTTP/1.1" 304 - "http://localhost:4200/" - 32.522 ms
::1 [26/Feb/2026:08:09:13 +0000] "GET /api/vehicules HTTP/1.1" 304 - "http://localhost:4200/" - 16.727 ms
::1 [26/Feb/2026:08:09:13 +0000] "GET /api/users HTTP/1.1" 304 - "http://localhost:4200/" - 6.593 ms
::1 [26/Feb/2026:08:09:14 +0000] "GET /api/tournees HTTP/1.1" 304 - "http://localhost:4200/" - 12.739 ms
::1 [26/Feb/2026:08:09:14 +0000] "GET /api/zones HTTP/1.1" 304 - "http://localhost:4200/" - 18.707 ms
::1 [26/Feb/2026:08:09:14 +0000] "GET /api/vehicules HTTP/1.1" 304 - "http://localhost:4200/" - 13.372 ms
::1 [26/Feb/2026:08:09:14 +0000] "GET /api/equipes HTTP/1.1" 304 - "http://localhost:4200/" - 26.471 ms
::1 [26/Feb/2026:08:10:02 +0000] "POST /api/auth/register HTTP/1.1" 201 332 "http://localhost:4200/" - 141.532 ms
::1 [26/Feb/2026:08:10:08 +0000] "POST /api/auth/login HTTP/1.1" 200 505 "http://localhost:4200/" - 144.508 ms
::1 [26/Feb/2026:08:10:08 +0000] "GET /api/plaintes/mes-plaintes HTTP/1.1" 200 36 "http://localhost:4200/" - 8.483 ms
::1 [26/Feb/2026:08:10:44 +0000] "POST /api/auth/login HTTP/1.1" 200 505 "http://localhost:4200/" - 152.819 ms
::1 [26/Feb/2026:08:10:44 +0000] "GET /api/plaintes/mes-plaintes HTTP/1.1" 304 - "http://localhost:4200/" - 5.579 ms
::1 [26/Feb/2026:08:10:47 +0000] "GET /api/zones HTTP/1.1" 200 2310 "http://localhost:4200/" - 10.851 ms
::1 [26/Feb/2026:08:10:49 +0000] "GET /api/plaintes/mes-plaintes HTTP/1.1" 304 - "http://localhost:4200/" - 12.979 ms
::1 [26/Feb/2026:08:10:51 +0000] "GET /api/zones HTTP/1.1" 304 - "http://localhost:4200/" - 11.130 ms
::1 [26/Feb/2026:08:11:23 +0000] "GET /api/plaintes/mes-plaintes HTTP/1.1" 304 - "http://localhost:4200/" - 12.392 ms
::1 [26/Feb/2026:08:11:30 +0000] "GET /api/zones HTTP/1.1" 304 - "http://localhost:4200/" - 7.596 ms
::1 [26/Feb/2026:08:16:33 +0000] "GET /api/stats/dashboard HTTP/1.1" 200 321 "http://localhost:4200/" - 24.159 ms
::1 [26/Feb/2026:08:17:48 +0000] "POST /api/auth/login HTTP/1.1" 200 529 "http://localhost:4200/" - 250.725 ms
::1 [26/Feb/2026:08:17:48 +0000] "GET /api/stats/dashboard HTTP/1.1" 200 321 "http://localhost:4200/" - 38.569 ms
::1 [26/Feb/2026:08:18:09 +0000] "GET /api/plaintes HTTP/1.1" 304 - "http://localhost:4200/" - 24.654 ms
::1 [26/Feb/2026:08:18:09 +0000] "GET /api/tournees HTTP/1.1" 304 - "http://localhost:4200/" - 14.767 ms
::1 [26/Feb/2026:08:18:09 +0000] "GET /api/incidents HTTP/1.1" 304 - "http://localhost:4200/" - 31.522 ms
::1 [26/Feb/2026:08:18:44 +0000] "POST /api/auth/login HTTP/1.1" 200 561 "http://localhost:4200/" - 132.362 ms
::1 [26/Feb/2026:08:18:44 +0000] "GET /api/stats/dashboard HTTP/1.1" 200 321 "http://localhost:4200/" - 30.549 ms
::1 [26/Feb/2026:08:18:47 +0000] "GET /api/users HTTP/1.1" 304 - "http://localhost:4200/" - 13.829 ms
::1 [26/Feb/2026:08:18:47 +0000] "GET /api/equipes HTTP/1.1" 304 - "http://localhost:4200/" - 16.065 ms
::1 [26/Feb/2026:08:18:54 +0000] "GET /api/vehicules HTTP/1.1" 304 - "http://localhost:4200/" - 6.138 ms
::1 [26/Feb/2026:08:18:57 +0000] "GET /api/zones HTTP/1.1" 304 - "http://localhost:4200/" - 9.650 ms
::1 [26/Feb/2026:08:18:57 +0000] "GET /api/zones/arrondissements HTTP/1.1" 304 - "http://localhost:4200/" - 15.096 ms
::1 [26/Feb/2026:08:19:05 +0000] "GET /api/tournees HTTP/1.1" 304 - "http://localhost:4200/" - 7.434 ms
::1 [26/Feb/2026:08:20:40 +0000] "POST /api/tournees HTTP/1.1" 400 94 "http://localhost:4200/" - 8.458 ms
::1 [26/Feb/2026:08:22:00 +0000] "POST /api/tournees HTTP/1.1" 400 94 "http://localhost:4200/" - 5.859 ms
::1 [26/Feb/2026:08:22:09 +0000] "POST /api/tournees HTTP/1.1" 400 94 "http://localhost:4200/" - 6.826 ms
::1 [26/Feb/2026:08:22:39 +0000] "POST /api/auth/login HTTP/1.1" 200 557 "http://localhost:4200/" - 155.308 ms
::1 [26/Feb/2026:08:22:39 +0000] "GET /api/tournees/agent/mes-tournees HTTP/1.1" 200 36 "http://localhost:4200/" - 37.271 ms
::1 [26/Feb/2026:08:23:04 +0000] "GET /api/incidents/mes-incidents HTTP/1.1" 200 36 "http://localhost:4200/" - 8.258 ms
::1 [26/Feb/2026:09:43:41 +0000] "GET /api/stats/dashboard HTTP/1.1" 304 - "http://localhost:4200/" - 1168.812 ms
::1 [26/Feb/2026:09:43:43 +0000] "GET /api/users HTTP/1.1" 304 - "http://localhost:4200/" - 61.932 ms
::1 [26/Feb/2026:09:43:43 +0000] "GET /api/equipes HTTP/1.1" 304 - "http://localhost:4200/" - 110.770 ms
::1 [26/Feb/2026:09:43:45 +0000] "GET /api/vehicules HTTP/1.1" 304 - "http://localhost:4200/" - 34.775 ms
::1 [26/Feb/2026:09:43:47 +0000] "GET /api/zones HTTP/1.1" 304 - "http://localhost:4200/" - 21.196 ms
::1 [26/Feb/2026:09:43:47 +0000] "GET /api/zones/arrondissements HTTP/1.1" 304 - "http://localhost:4200/" - 15.776 ms
::1 [26/Feb/2026:09:43:50 +0000] "GET /api/tournees HTTP/1.1" 304 - "http://localhost:4200/" - 24.257 ms
::1 [26/Feb/2026:09:43:50 +0000] "GET /api/quartiers HTTP/1.1" 200 36 "http://localhost:4200/" - 14.631 ms
::1 [26/Feb/2026:09:44:14 +0000] "POST /api/tournees HTTP/1.1" 201 438 "http://localhost:4200/" - 85.142 ms
::1 [26/Feb/2026:09:44:14 +0000] "GET /api/tournees HTTP/1.1" 200 581 "http://localhost:4200/" - 96.671 ms
::1 [26/Feb/2026:09:44:23 +0000] "GET /api/plaintes HTTP/1.1" 304 - "http://localhost:4200/" - 15.657 ms
::1 [26/Feb/2026:09:44:23 +0000] "GET /api/incidents HTTP/1.1" 304 - "http://localhost:4200/" - 15.049 ms
::1 [26/Feb/2026:09:44:53 +0000] "GET /api/tournees/agent/mes-tournees HTTP/1.1" 200 581 "http://localhost:4200/" - 121.808 ms
::1 [26/Feb/2026:09:44:55 +0000] "GET /api/tournees/69a015eeaf6b4faa31017b9d HTTP/1.1" 200 622 "http://localhost:4200/" - 32.857 ms
::1 [26/Feb/2026:09:44:55 +0000] "GET /api/collectes/tournee/69a015eeaf6b4faa31017b9d HTTP/1.1" 200 36 "http://localhost:4200/" - 10.135 ms
::1 [26/Feb/2026:09:45:13 +0000] "GET /api/plaintes/mes-plaintes HTTP/1.1" 304 - "http://localhost:4200/" - 7.757 ms
::1 [26/Feb/2026:09:45:20 +0000] "GET /api/zones HTTP/1.1" 304 - "http://localhost:4200/" - 14.835 ms
::1 [26/Feb/2026:09:46:38 +0000] "POST /api/tournees HTTP/1.1" 201 436 "http://localhost:4200/" - 28.850 ms
::1 [26/Feb/2026:09:46:38 +0000] "GET /api/tournees HTTP/1.1" 200 1127 "http://localhost:4200/" - 163.076 ms
::1 [26/Feb/2026:09:46:41 +0000] "GET /api/plaintes HTTP/1.1" 304 - "http://localhost:4200/" - 118.124 ms
::1 [26/Feb/2026:09:46:41 +0000] "GET /api/incidents HTTP/1.1" 304 - "http://localhost:4200/" - 119.978 ms
::1 [26/Feb/2026:09:46:48 +0000] "GET /api/users HTTP/1.1" 304 - "http://localhost:4200/" - 72.052 ms
::1 [26/Feb/2026:09:46:48 +0000] "GET /api/equipes HTTP/1.1" 304 - "http://localhost:4200/" - 129.072 ms
::1 [26/Feb/2026:09:46:48 +0000] "GET /api/vehicules HTTP/1.1" 304 - "http://localhost:4200/" - 34.309 ms
::1 [26/Feb/2026:09:47:41 +0000] "POST /api/vehicules HTTP/1.1" 201 267 "http://localhost:4200/" - 23.360 ms
::1 [26/Feb/2026:09:47:41 +0000] "GET /api/vehicules HTTP/1.1" 200 521 "http://localhost:4200/" - 6.846 ms
::1 [26/Feb/2026:09:48:48 +0000] "GET /api/users HTTP/1.1" 304 - "http://localhost:4200/" - 21.727 ms
::1 [26/Feb/2026:09:48:48 +0000] "GET /api/vehicules HTTP/1.1" 304 - "http://localhost:4200/" - 21.055 ms
::1 [26/Feb/2026:09:48:48 +0000] "GET /api/equipes HTTP/1.1" 304 - "http://localhost:4200/" - 44.081 ms
::1 [26/Feb/2026:09:49:24 +0000] "POST /api/equipes HTTP/1.1" 201 251 "http://localhost:4200/" - 23.196 ms
::1 [26/Feb/2026:09:49:24 +0000] "GET /api/equipes HTTP/1.1" 200 681 "http://localhost:4200/" - 15.262 ms
::1 [26/Feb/2026:09:49:52 +0000] "PUT /api/equipes/69a01724af6b4faa31017bc9 HTTP/1.1" 200 312 "http://localhost:4200/" - 116.603 ms
::1 [26/Feb/2026:09:49:52 +0000] "GET /api/equipes HTTP/1.1" 200 682 "http://localhost:4200/" - 12.142 ms
::1 [26/Feb/2026:09:50:00 +0000] "GET /api/users HTTP/1.1" 304 - "http://localhost:4200/" - 11.526 ms
::1 [26/Feb/2026:09:50:58 +0000] "POST /api/users HTTP/1.1" 201 302 "http://localhost:4200/" - 224.013 ms
::1 [26/Feb/2026:09:50:58 +0000] "POST /api/equipes/69a01724af6b4faa31017bc9/membres HTTP/1.1" 200 341 "http://localhost:4200/" - 71.779 ms
::1 [26/Feb/2026:09:50:58 +0000] "GET /api/users HTTP/1.1" 200 587 "http://localhost:4200/" - 9.105 ms
::1 [26/Feb/2026:09:50:58 +0000] "GET /api/equipes HTTP/1.1" 200 757 "http://localhost:4200/" - 20.531 ms
::1 [26/Feb/2026:09:51:14 +0000] "GET /api/vehicules HTTP/1.1" 304 - "http://localhost:4200/" - 10.712 ms
::1 [26/Feb/2026:09:51:18 +0000] "GET /api/equipes/69a01724af6b4faa31017bc9 HTTP/1.1" 200 417 "http://localhost:4200/" - 12.562 ms
::1 [26/Feb/2026:09:51:25 +0000] "POST /api/equipes/69a01724af6b4faa31017bc9/membres HTTP/1.1" 200 426 "http://localhost:4200/" - 33.971 ms
::1 [26/Feb/2026:09:51:25 +0000] "GET /api/equipes HTTP/1.1" 200 827 "http://localhost:4200/" - 36.272 ms
::1 [26/Feb/2026:09:51:41 +0000] "GET /api/equipes/69a01724af6b4faa31017bc9 HTTP/1.1" 200 502 "http://localhost:4200/" - 10.721 ms
::1 [26/Feb/2026:09:51:46 +0000] "DELETE /api/equipes/69a01724af6b4faa31017bc9/membres/699fff63e7c3bb1d31598df9 HTTP/1.1" 200 341 "http://localhost:4200/" - 30.506 ms
::1 [26/Feb/2026:09:51:46 +0000] "GET /api/equipes HTTP/1.1" 200 757 "http://localhost:4200/" - 9.746 ms
::1 [26/Feb/2026:09:54:47 +0000] "GET /api/zones HTTP/1.1" 304 - "http://localhost:4200/" - 17.364 ms
::1 [26/Feb/2026:09:54:47 +0000] "GET /api/zones/arrondissements HTTP/1.1" 304 - "http://localhost:4200/" - 17.955 ms
::1 [26/Feb/2026:09:54:53 +0000] "GET /api/vehicules HTTP/1.1" 304 - "http://localhost:4200/" - 25.008 ms
::1 [26/Feb/2026:09:54:53 +0000] "GET /api/tournees HTTP/1.1" 304 - "http://localhost:4200/" - 50.160 ms
::1 [26/Feb/2026:09:54:53 +0000] "GET /api/equipes HTTP/1.1" 304 - "http://localhost:4200/" - 45.292 ms
::1 [26/Feb/2026:09:54:53 +0000] "GET /api/quartiers HTTP/1.1" 304 - "http://localhost:4200/" - 23.315 ms
::1 [26/Feb/2026:09:54:53 +0000] "GET /api/users HTTP/1.1" 304 - "http://localhost:4200/" - 6.861 ms
::1 [26/Feb/2026:09:54:55 +0000] "GET /api/equipes/699fff2de7c3bb1d31598ded HTTP/1.1" 200 410 "http://localhost:4200/" - 10.232 ms
::1 [26/Feb/2026:09:56:56 +0000] "GET /api/users HTTP/1.1" 304 - "http://localhost:4200/" - 16.101 ms
::1 [26/Feb/2026:09:56:56 +0000] "GET /api/vehicules HTTP/1.1" 304 - "http://localhost:4200/" - 19.638 ms
::1 [26/Feb/2026:09:56:56 +0000] "GET /api/equipes HTTP/1.1" 304 - "http://localhost:4200/" - 48.873 ms
::1 [26/Feb/2026:09:57:30 +0000] "GET /api/zones HTTP/1.1" 304 - "http://localhost:4200/" - 22.142 ms
::1 [26/Feb/2026:09:57:30 +0000] "GET /api/quartiers HTTP/1.1" 304 - "http://localhost:4200/" - 19.504 ms
::1 [26/Feb/2026:09:57:30 +0000] "GET /api/tournees HTTP/1.1" 304 - "http://localhost:4200/" - 41.823 ms
::1 [26/Feb/2026:09:59:13 +0000] "POST /api/tournees HTTP/1.1" 201 438 "http://localhost:4200/" - 14.386 ms
::1 [26/Feb/2026:09:59:13 +0000] "GET /api/tournees HTTP/1.1" 200 1675 "http://localhost:4200/" - 16.245 ms
::1 [26/Feb/2026:09:59:35 +0000] "GET /api/tournees/agent/mes-tournees HTTP/1.1" 200 1127 "http://localhost:4200/" - 31.591 ms
::1 [26/Feb/2026:09:59:39 +0000] "GET /api/tournees/69a0167eaf6b4faa31017bb3 HTTP/1.1" 200 622 "http://localhost:4200/" - 25.261 ms
::1 [26/Feb/2026:09:59:39 +0000] "GET /api/collectes/tournee/69a0167eaf6b4faa31017bb3 HTTP/1.1" 200 36 "http://localhost:4200/" - 8.305 ms
::1 [26/Feb/2026:09:59:45 +0000] "GET /api/tournees/69a015eeaf6b4faa31017b9d HTTP/1.1" 304 - "http://localhost:4200/" - 23.660 ms
::1 [26/Feb/2026:09:59:46 +0000] "GET /api/collectes/tournee/69a015eeaf6b4faa31017b9d HTTP/1.1" 304 - "http://localhost:4200/" - 4.402 ms
::1 [26/Feb/2026:10:00:31 +0000] "PUT /api/tournees/69a0167eaf6b4faa31017bb3/terminer HTTP/1.1" 200 510 "http://localhost:4200/" - 31.203 ms
::1 [26/Feb/2026:10:00:33 +0000] "GET /api/tournees/agent/mes-tournees HTTP/1.1" 200 1170 "http://localhost:4200/" - 76.040 ms
::1 [26/Feb/2026:10:00:38 +0000] "GET /api/tournees/69a015eeaf6b4faa31017b9d HTTP/1.1" 304 - "http://localhost:4200/" - 19.580 ms
::1 [26/Feb/2026:10:00:45 +0000] "GET /api/tournees/69a0167eaf6b4faa31017bb3 HTTP/1.1" 200 665 "http://localhost:4200/" - 22.927 ms
::1 [26/Feb/2026:10:00:45 +0000] "GET /api/collectes/tournee/69a0167eaf6b4faa31017bb3 HTTP/1.1" 304 - "http://localhost:4200/" - 4.572 ms
::1 [26/Feb/2026:10:00:49 +0000] "GET /api/collectes/tournee/69a015eeaf6b4faa31017b9d HTTP/1.1" 304 - "http://localhost:4200/" - 6.345 ms
::1 [26/Feb/2026:10:00:55 +0000] "GET /api/incidents/mes-incidents HTTP/1.1" 304 - "http://localhost:4200/" - 6.110 ms
::1 [26/Feb/2026:10:02:17 +0000] "POST /api/incidents HTTP/1.1" 201 385 "http://localhost:4200/" - 26.244 ms
::1 [26/Feb/2026:10:02:17 +0000] "GET /api/tournees/agent/mes-tournees HTTP/1.1" 304 - "http://localhost:4200/" - 12.935 ms
::1 [26/Feb/2026:10:02:17 +0000] "GET /api/incidents/mes-incidents HTTP/1.1" 200 460 "http://localhost:4200/" - 59.345 ms
::1 [26/Feb/2026:10:02:42 +0000] "GET /api/collectes/tournee/69a015eeaf6b4faa31017b9d HTTP/1.1" 304 - "http://localhost:4200/" - 138.337 ms
::1 [26/Feb/2026:10:02:42 +0000] "GET /api/tournees/69a015eeaf6b4faa31017b9d HTTP/1.1" 304 - "http://localhost:4200/" - 231.443 ms
::1 [26/Feb/2026:10:02:44 +0000] "PUT /api/tournees/69a015eeaf6b4faa31017b9d/demarrer HTTP/1.1" 200 603 "http://localhost:4200/" - 28.413 ms
::1 [26/Feb/2026:10:02:48 +0000] "GET /api/tournees/agent/mes-tournees HTTP/1.1" 200 1212 "http://localhost:4200/" - 144.246 ms
::1 [26/Feb/2026:10:02:48 +0000] "GET /api/tournees/69a015eeaf6b4faa31017b9d HTTP/1.1" 200 664 "http://localhost:4200/" - 13.897 ms
::1 [26/Feb/2026:10:04:50 +0000] "PUT /api/tournees/69a015eeaf6b4faa31017b9d/terminer HTTP/1.1" 200 554 "http://localhost:4200/" - 64.972 ms
::1 [26/Feb/2026:10:04:52 +0000] "GET /api/tournees/agent/mes-tournees HTTP/1.1" 200 1255 "http://localhost:4200/" - 18.880 ms
::1 [26/Feb/2026:10:05:04 +0000] "GET /api/tournees/69a0167eaf6b4faa31017bb3 HTTP/1.1" 304 - "http://localhost:4200/" - 13.668 ms
::1 [26/Feb/2026:10:05:04 +0000] "GET /api/collectes/tournee/69a0167eaf6b4faa31017bb3 HTTP/1.1" 304 - "http://localhost:4200/" - 4.282 ms
::1 [26/Feb/2026:10:05:13 +0000] "GET /api/incidents/mes-incidents HTTP/1.1" 304 - "http://localhost:4200/" - 14.839 ms
::1 [26/Feb/2026:10:06:38 +0000] "GET /api/zones HTTP/1.1" 304 - "http://localhost:4200/" - 8.239 ms
::1 [26/Feb/2026:10:07:18 +0000] "POST /api/plaintes HTTP/1.1" 201 331 "http://localhost:4200/" - 10.096 ms
::1 [26/Feb/2026:10:07:21 +0000] "GET /api/plaintes/mes-plaintes HTTP/1.1" 200 372 "http://localhost:4200/" - 12.868 ms
::1 [26/Feb/2026:10:07:49 +0000] "GET /api/zones HTTP/1.1" 304 - "http://localhost:4200/" - 24.841 ms
::1 [26/Feb/2026:10:07:49 +0000] "GET /api/tournees HTTP/1.1" 200 1803 "http://localhost:4200/" - 36.667 ms
::1 [26/Feb/2026:10:08:32 +0000] "GET /api/users HTTP/1.1" 304 - "http://localhost:4200/" - 17.807 ms
::1 [26/Feb/2026:10:08:32 +0000] "GET /api/equipes HTTP/1.1" 304 - "http://localhost:4200/" - 30.270 ms
::1 [26/Feb/2026:10:09:15 +0000] "POST /api/users HTTP/1.1" 201 301 "http://localhost:4200/" - 116.336 ms
::1 [26/Feb/2026:10:09:15 +0000] "GET /api/users HTTP/1.1" 200 865 "http://localhost:4200/" - 5.847 ms
::1 [26/Feb/2026:10:09:26 +0000] "GET /api/stats/dashboard HTTP/1.1" 200 2189 "http://localhost:4200/" - 33.574 ms
::1 [26/Feb/2026:10:10:02 +0000] "POST /api/auth/login HTTP/1.1" 200 562 "http://localhost:4200/" - 191.740 ms
::1 [26/Feb/2026:10:10:02 +0000] "GET /api/stats/dashboard HTTP/1.1" 200 657 "http://localhost:4200/" - 30.541 ms
::1 [26/Feb/2026:10:10:06 +0000] "GET /api/zones HTTP/1.1" 200 36 "http://localhost:4200/" - 7.372 ms
::1 [26/Feb/2026:10:10:06 +0000] "GET /api/zones/arrondissements HTTP/1.1" 200 243 "http://localhost:4200/" - 11.329 ms
::1 [26/Feb/2026:10:10:14 +0000] "POST /api/zones/bulk HTTP/1.1" 201 851 "http://localhost:4200/" - 32.614 ms
::1 [26/Feb/2026:10:10:14 +0000] "GET /api/zones HTTP/1.1" 200 800 "http://localhost:4200/" - 14.902 ms
::1 [26/Feb/2026:10:10:14 +0000] "GET /api/zones/arrondissements HTTP/1.1" 200 240 "http://localhost:4200/" - 20.325 ms
::1 [26/Feb/2026:10:11:00 +0000] "GET /api/plaintes/mes-plaintes HTTP/1.1" 304 - "http://localhost:4200/" - 9.436 ms
::1 [26/Feb/2026:10:11:01 +0000] "GET /api/zones HTTP/1.1" 200 3075 "http://localhost:4200/" - 15.755 ms
::1 [26/Feb/2026:10:11:02 +0000] "GET /api/tournees HTTP/1.1" 304 - "http://localhost:4200/" - 15.272 ms
::1 [26/Feb/2026:10:11:34 +0000] "GET /api/tournees HTTP/1.1" 200 36 "http://localhost:4200/" - 41.650 ms
::1 [26/Feb/2026:10:11:34 +0000] "GET /api/zones HTTP/1.1" 304 - "http://localhost:4200/" - 35.102 ms
::1 [26/Feb/2026:10:11:34 +0000] "GET /api/equipes HTTP/1.1" 200 36 "http://localhost:4200/" - 43.239 ms
::1 [26/Feb/2026:10:11:34 +0000] "GET /api/vehicules HTTP/1.1" 200 36 "http://localhost:4200/" - 30.245 ms
::1 [26/Feb/2026:10:11:34 +0000] "GET /api/quartiers HTTP/1.1" 304 - "http://localhost:4200/" - 12.471 ms
::1 [26/Feb/2026:10:11:40 +0000] "GET /api/plaintes HTTP/1.1" 200 399 "http://localhost:4200/" - 22.320 ms
::1 [26/Feb/2026:10:11:40 +0000] "GET /api/incidents HTTP/1.1" 304 - "http://localhost:4200/" - 17.457 ms
::1 [26/Feb/2026:10:11:48 +0000] "GET /api/users HTTP/1.1" 200 36 "http://localhost:4200/" - 8.833 ms
::1 [26/Feb/2026:10:11:51 +0000] "GET /api/zones/arrondissements HTTP/1.1" 304 - "http://localhost:4200/" - 8.058 ms
::1 [26/Feb/2026:10:12:00 +0000] "GET /api/tournees HTTP/1.1" 304 - "http://localhost:4200/" - 17.723 ms
::1 [26/Feb/2026:10:12:00 +0000] "GET /api/zones HTTP/1.1" 304 - "http://localhost:4200/" - 19.811 ms
::1 [26/Feb/2026:10:12:00 +0000] "GET /api/equipes HTTP/1.1" 304 - "http://localhost:4200/" - 16.644 ms
::1 [26/Feb/2026:10:12:00 +0000] "GET /api/vehicules HTTP/1.1" 304 - "http://localhost:4200/" - 13.827 ms
::1 [26/Feb/2026:10:12:00 +0000] "GET /api/quartiers HTTP/1.1" 304 - "http://localhost:4200/" - 4.271 ms
::1 [26/Feb/2026:10:12:06 +0000] "GET /api/zones/arrondissements HTTP/1.1" 304 - "http://localhost:4200/" - 18.684 ms
::1 [26/Feb/2026:10:12:10 +0000] "GET /api/users HTTP/1.1" 304 - "http://localhost:4200/" - 6.924 ms
::1 [26/Feb/2026:10:12:11 +0000] "GET /api/stats/dashboard HTTP/1.1" 200 657 "http://localhost:4200/" - 88.138 ms
::1 [26/Feb/2026:10:45:39 +0000] "GET /api/stats/dashboard HTTP/1.1" 304 - "http://localhost:4200/" - 363.861 ms
::1 [26/Feb/2026:10:45:46 +0000] "GET /api/vehicules HTTP/1.1" 304 - "http://localhost:4200/" - 7.465 ms
::1 [26/Feb/2026:10:45:47 +0000] "GET /api/users HTTP/1.1" 304 - "http://localhost:4200/" - 11.101 ms
::1 [26/Feb/2026:10:45:47 +0000] "GET /api/equipes HTTP/1.1" 304 - "http://localhost:4200/" - 9.320 ms
::1 [26/Feb/2026:10:45:48 +0000] "GET /api/zones HTTP/1.1" 304 - "http://localhost:4200/" - 21.367 ms
::1 [26/Feb/2026:10:45:48 +0000] "GET /api/zones/arrondissements HTTP/1.1" 304 - "http://localhost:4200/" - 11.789 ms
::1 [26/Feb/2026:10:46:00 +0000] "POST /api/auth/login HTTP/1.1" 200 561 "http://localhost:4200/" - 182.847 ms
::1 [26/Feb/2026:10:46:00 +0000] "GET /api/stats/dashboard HTTP/1.1" 200 2189 "http://localhost:4200/" - 33.761 ms
::1 [26/Feb/2026:10:46:08 +0000] "GET /api/users HTTP/1.1" 200 865 "http://localhost:4200/" - 17.810 ms
::1 [26/Feb/2026:10:46:08 +0000] "GET /api/vehicules HTTP/1.1" 200 521 "http://localhost:4200/" - 15.300 ms
::1 [26/Feb/2026:10:46:08 +0000] "GET /api/equipes HTTP/1.1" 200 757 "http://localhost:4200/" - 50.896 ms
::1 [26/Feb/2026:10:46:32 +0000] "POST /api/vehicules HTTP/1.1" 201 264 "http://localhost:4200/" - 66.203 ms
::1 [26/Feb/2026:10:46:32 +0000] "GET /api/vehicules HTTP/1.1" 200 762 "http://localhost:4200/" - 8.611 ms
::1 [26/Feb/2026:10:46:53 +0000] "POST /api/equipes HTTP/1.1" 409 596 "http://localhost:4200/" - 14.231 ms
::1 [26/Feb/2026:10:47:06 +0000] "POST /api/equipes HTTP/1.1" 409 594 "http://localhost:4200/" - 7.797 ms
::1 [26/Feb/2026:10:47:13 +0000] "POST /api/equipes HTTP/1.1" 201 252 "http://localhost:4200/" - 23.658 ms
::1 [26/Feb/2026:10:47:13 +0000] "GET /api/equipes HTTP/1.1" 200 1046 "http://localhost:4200/" - 21.260 ms
::1 [26/Feb/2026:10:47:16 +0000] "GET /api/plaintes HTTP/1.1" 304 - "http://localhost:4200/" - 31.193 ms
::1 [26/Feb/2026:10:47:16 +0000] "GET /api/tournees HTTP/1.1" 200 1803 "http://localhost:4200/" - 36.643 ms
::1 [26/Feb/2026:10:47:16 +0000] "GET /api/incidents HTTP/1.1" 200 503 "http://localhost:4200/" - 48.768 ms
::1 [26/Feb/2026:10:48:03 +0000] "GET /api/stats/dashboard HTTP/1.1" 200 2189 "http://localhost:4200/" - 46.834 ms
::1 [26/Feb/2026:10:48:14 +0000] "GET /api/plaintes/mes-plaintes HTTP/1.1" 304 - "http://localhost:4200/" - 10.496 ms
::1 [26/Feb/2026:10:48:16 +0000] "GET /api/zones HTTP/1.1" 304 - "http://localhost:4200/" - 11.503 ms
::1 [26/Feb/2026:10:48:16 +0000] "GET /api/tournees HTTP/1.1" 304 - "http://localhost:4200/" - 23.241 ms
::1 [26/Feb/2026:10:48:33 +0000] "GET /api/plaintes HTTP/1.1" 304 - "http://localhost:4200/" - 54.002 ms
::1 [26/Feb/2026:10:48:33 +0000] "GET /api/tournees HTTP/1.1" 304 - "http://localhost:4200/" - 34.200 ms
::1 [26/Feb/2026:10:48:33 +0000] "GET /api/incidents HTTP/1.1" 304 - "http://localhost:4200/" - 47.325 ms
::1 [26/Feb/2026:10:51:16 +0000] "GET /api/zones HTTP/1.1" 304 - "http://localhost:4200/" - 10.649 ms
::1 [26/Feb/2026:10:51:48 +0000] "POST /api/plaintes HTTP/1.1" 201 354 "http://localhost:4200/" - 25.234 ms
::1 [26/Feb/2026:10:51:51 +0000] "GET /api/plaintes/mes-plaintes HTTP/1.1" 200 734 "http://localhost:4200/" - 63.432 ms
::1 [26/Feb/2026:10:52:37 +0000] "GET /api/stats/dashboard HTTP/1.1" 200 2549 "http://localhost:4200/" - 17.482 ms
::1 [26/Feb/2026:10:52:39 +0000] "GET /api/plaintes HTTP/1.1" 200 786 "http://localhost:4200/" - 32.061 ms
::1 [26/Feb/2026:10:52:39 +0000] "GET /api/tournees HTTP/1.1" 304 - "http://localhost:4200/" - 25.242 ms
::1 [26/Feb/2026:10:52:39 +0000] "GET /api/incidents HTTP/1.1" 304 - "http://localhost:4200/" - 41.821 ms
::1 [26/Feb/2026:10:52:42 +0000] "GET /api/zones HTTP/1.1" 200 1811 "http://localhost:4200/" - 18.348 ms
::1 [26/Feb/2026:10:52:42 +0000] "GET /api/vehicules HTTP/1.1" 304 - "http://localhost:4200/" - 20.375 ms
::1 [26/Feb/2026:10:52:42 +0000] "GET /api/quartiers HTTP/1.1" 304 - "http://localhost:4200/" - 14.036 ms
::1 [26/Feb/2026:10:52:42 +0000] "GET /api/equipes HTTP/1.1" 304 - "http://localhost:4200/" - 31.618 ms
::1 [26/Feb/2026:10:54:31 +0000] "GET /api/zones HTTP/1.1" 304 - "http://localhost:4200/" - 7.741 ms
::1 [26/Feb/2026:10:55:08 +0000] "GET /api/zones HTTP/1.1" 304 - "http://localhost:4200/" - 14.451 ms
::1 [26/Feb/2026:10:55:08 +0000] "GET /api/zones/arrondissements HTTP/1.1" 200 481 "http://localhost:4200/" - 16.090 ms
::1 [26/Feb/2026:10:55:08 +0000] "GET /api/vehicules HTTP/1.1" 304 - "http://localhost:4200/" - 7.038 ms
::1 [26/Feb/2026:10:55:12 +0000] "GET /api/users HTTP/1.1" 304 - "http://localhost:4200/" - 9.477 ms
::1 [26/Feb/2026:10:55:12 +0000] "GET /api/equipes HTTP/1.1" 304 - "http://localhost:4200/" - 20.111 ms
::1 [26/Feb/2026:10:55:16 +0000] "GET /api/equipes/69a024b1c1e5f2561c8feb94 HTTP/1.1" 200 325 "http://localhost:4200/" - 42.463 ms
::1 [26/Feb/2026:10:55:21 +0000] "POST /api/equipes/69a024b1c1e5f2561c8feb94/membres HTTP/1.1" 409 579 "http://localhost:4200/" - 46.830 ms
::1 [26/Feb/2026:10:55:29 +0000] "POST /api/equipes/69a024b1c1e5f2561c8feb94/membres HTTP/1.1" 409 577 "http://localhost:4200/" - 9.161 ms
::1 [26/Feb/2026:10:55:34 +0000] "POST /api/equipes/69a024b1c1e5f2561c8feb94/membres HTTP/1.1" 409 577 "http://localhost:4200/" - 8.866 ms
::1 [26/Feb/2026:10:55:39 +0000] "GET /api/equipes HTTP/1.1" 304 - "http://localhost:4200/" - 12.835 ms
::1 [26/Feb/2026:10:56:01 +0000] "PUT /api/users/69a01bcbaf6b4faa31017c76 HTTP/1.1" 200 301 "http://localhost:4200/" - 250.363 ms
::1 [26/Feb/2026:10:56:01 +0000] "GET /api/users HTTP/1.1" 200 865 "http://localhost:4200/" - 9.516 ms
::1 [26/Feb/2026:10:56:54 +0000] "POST /api/users HTTP/1.1" 201 300 "http://localhost:4200/" - 163.892 ms
::1 [26/Feb/2026:10:56:54 +0000] "POST /api/equipes/69a024b1c1e5f2561c8feb94/membres HTTP/1.1" 200 340 "http://localhost:4200/" - 185.362 ms
::1 [26/Feb/2026:10:56:54 +0000] "GET /api/users HTTP/1.1" 200 1142 "http://localhost:4200/" - 12.625 ms
::1 [26/Feb/2026:10:56:54 +0000] "GET /api/equipes HTTP/1.1" 200 1119 "http://localhost:4200/" - 16.992 ms
::1 [26/Feb/2026:10:57:02 +0000] "GET /api/vehicules HTTP/1.1" 304 - "http://localhost:4200/" - 11.672 ms
::1 [26/Feb/2026:10:57:04 +0000] "GET /api/equipes/69a024b1c1e5f2561c8feb94 HTTP/1.1" 200 413 "http://localhost:4200/" - 7.686 ms
::1 [26/Feb/2026:10:57:48 +0000] "POST /api/vehicules HTTP/1.1" 201 265 "http://localhost:4200/" - 12.302 ms
::1 [26/Feb/2026:10:57:48 +0000] "GET /api/vehicules HTTP/1.1" 200 1004 "http://localhost:4200/" - 7.239 ms
::1 [26/Feb/2026:10:58:10 +0000] "POST /api/equipes HTTP/1.1" 201 251 "http://localhost:4200/" - 17.674 ms
::1 [26/Feb/2026:10:58:10 +0000] "GET /api/equipes HTTP/1.1" 200 1407 "http://localhost:4200/" - 14.013 ms
::1 [26/Feb/2026:10:58:13 +0000] "GET /api/plaintes HTTP/1.1" 304 - "http://localhost:4200/" - 21.066 ms
::1 [26/Feb/2026:10:58:13 +0000] "GET /api/tournees HTTP/1.1" 304 - "http://localhost:4200/" - 17.713 ms
::1 [26/Feb/2026:10:58:13 +0000] "GET /api/incidents HTTP/1.1" 304 - "http://localhost:4200/" - 27.214 ms
::1 [26/Feb/2026:10:58:18 +0000] "GET /api/stats/dashboard HTTP/1.1" 200 2549 "http://localhost:4200/" - 71.583 ms
::1 [26/Feb/2026:10:58:37 +0000] "GET /api/stats/dashboard HTTP/1.1" 304 - "http://localhost:4200/" - 98.041 ms
::1 [26/Feb/2026:10:58:53 +0000] "GET /api/plaintes HTTP/1.1" 304 - "http://localhost:4200/" - 31.144 ms
::1 [26/Feb/2026:10:58:53 +0000] "GET /api/tournees HTTP/1.1" 304 - "http://localhost:4200/" - 30.519 ms
::1 [26/Feb/2026:10:58:53 +0000] "GET /api/incidents HTTP/1.1" 304 - "http://localhost:4200/" - 41.299 ms
::1 [26/Feb/2026:10:59:27 +0000] "GET /api/vehicules HTTP/1.1" 304 - "http://localhost:4200/" - 7.061 ms
::1 [26/Feb/2026:10:59:37 +0000] "GET /api/zones HTTP/1.1" 304 - "http://localhost:4200/" - 201.229 ms
::1 [26/Feb/2026:10:59:37 +0000] "GET /api/zones/arrondissements HTTP/1.1" 304 - "http://localhost:4200/" - 226.051 ms
::1 [26/Feb/2026:10:59:46 +0000] "GET /api/users HTTP/1.1" 304 - "http://localhost:4200/" - 16.244 ms
::1 [26/Feb/2026:10:59:46 +0000] "GET /api/equipes HTTP/1.1" 304 - "http://localhost:4200/" - 42.588 ms
::1 [26/Feb/2026:10:59:48 +0000] "GET /api/quartiers HTTP/1.1" 304 - "http://localhost:4200/" - 5.793 ms
::1 [26/Feb/2026:11:00:16 +0000] "GET /api/equipes/69a01724af6b4faa31017bc9 HTTP/1.1" 200 417 "http://localhost:4200/" - 8.576 ms
::1 [26/Feb/2026:11:00:33 +0000] "GET /api/tournees/agent/mes-tournees HTTP/1.1" 304 - "http://localhost:4200/" - 14.389 ms
::1 [26/Feb/2026:11:00:39 +0000] "POST /api/auth/login HTTP/1.1" 200 563 "http://localhost:4200/" - 104.975 ms
::1 [26/Feb/2026:11:00:39 +0000] "GET /api/tournees/agent/mes-tournees HTTP/1.1" 200 583 "http://localhost:4200/" - 28.358 ms
::1 [26/Feb/2026:11:00:45 +0000] "GET /api/tournees/69a01971af6b4faa31017c09 HTTP/1.1" 200 625 "http://localhost:4200/" - 21.069 ms
::1 [26/Feb/2026:11:00:45 +0000] "GET /api/collectes/tournee/69a01971af6b4faa31017c09 HTTP/1.1" 200 36 "http://localhost:4200/" - 9.522 ms
::1 [26/Feb/2026:11:00:52 +0000] "PUT /api/tournees/69a01971af6b4faa31017c09/demarrer HTTP/1.1" 200 605 "http://localhost:4200/" - 62.172 ms
::1 [26/Feb/2026:11:01:00 +0000] "GET /api/tournees/agent/mes-tournees HTTP/1.1" 200 625 "http://localhost:4200/" - 19.370 ms
::1 [26/Feb/2026:11:01:00 +0000] "GET /api/incidents/mes-incidents HTTP/1.1" 200 36 "http://localhost:4200/" - 5.197 ms
::1 [26/Feb/2026:11:01:02 +0000] "GET /api/tournees/69a01971af6b4faa31017c09 HTTP/1.1" 200 667 "http://localhost:4200/" - 15.689 ms
::1 [26/Feb/2026:11:01:11 +0000] "PUT /api/tournees/69a01971af6b4faa31017c09/terminer HTTP/1.1" 200 554 "http://localhost:4200/" - 21.337 ms
::1 [26/Feb/2026:11:01:13 +0000] "GET /api/tournees/agent/mes-tournees HTTP/1.1" 200 668 "http://localhost:4200/" - 20.261 ms
::1 [26/Feb/2026:11:02:17 +0000] "POST /api/incidents HTTP/1.1" 201 347 "http://localhost:4200/" - 6.849 ms
::1 [26/Feb/2026:11:02:17 +0000] "GET /api/incidents/mes-incidents HTTP/1.1" 200 422 "http://localhost:4200/" - 9.458 ms
::1 [26/Feb/2026:11:02:17 +0000] "GET /api/tournees/agent/mes-tournees HTTP/1.1" 304 - "http://localhost:4200/" - 13.874 ms
::1 [26/Feb/2026:12:52:20 +0000] "GET /api/stats/dashboard HTTP/1.1" 200 2634 "http://localhost:4200/" - 511.809 ms
::1 [26/Feb/2026:12:52:35 +0000] "GET /api/zones HTTP/1.1" 304 - "http://localhost:4200/" - 63.546 ms
::1 [26/Feb/2026:12:52:35 +0000] "GET /api/tournees HTTP/1.1" 200 1888 "http://localhost:4200/" - 90.496 ms
::1 [26/Feb/2026:12:52:35 +0000] "GET /api/vehicules HTTP/1.1" 304 - "http://localhost:4200/" - 86.304 ms
::1 [26/Feb/2026:12:52:35 +0000] "GET /api/quartiers HTTP/1.1" 304 - "http://localhost:4200/" - 94.091 ms
::1 [26/Feb/2026:12:52:35 +0000] "GET /api/equipes HTTP/1.1" 304 - "http://localhost:4200/" - 185.749 ms
::1 [26/Feb/2026:12:52:39 +0000] "GET /api/plaintes HTTP/1.1" 304 - "http://localhost:4200/" - 33.383 ms
::1 [26/Feb/2026:12:52:39 +0000] "GET /api/incidents HTTP/1.1" 200 939 "http://localhost:4200/" - 26.438 ms
::1 [26/Feb/2026:12:53:26 +0000] "GET /api/plaintes/mes-plaintes HTTP/1.1" 304 - "http://localhost:4200/" - 9.760 ms
::1 [26/Feb/2026:12:53:29 +0000] "GET /api/zones HTTP/1.1" 304 - "http://localhost:4200/" - 15.192 ms
::1 [26/Feb/2026:12:54:08 +0000] "POST /api/plaintes HTTP/1.1" 201 346 "http://localhost:4200/" - 30.525 ms
::1 [26/Feb/2026:12:54:11 +0000] "GET /api/plaintes/mes-plaintes HTTP/1.1" 200 1088 "http://localhost:4200/" - 45.819 ms
::1 [26/Feb/2026:12:55:32 +0000] "GET /api/zones HTTP/1.1" 304 - "http://localhost:4200/" - 13.600 ms
::1 [26/Feb/2026:12:55:34 +0000] "GET /api/plaintes/mes-plaintes HTTP/1.1" 304 - "http://localhost:4200/" - 14.808 ms
::1 [26/Feb/2026:13:32:51 +0000] "GET /api/stats/dashboard HTTP/1.1" 200 2986 "http://localhost:4200/" - 145.537 ms
::1 [26/Feb/2026:14:06:52 +0000] "GET /api/stats/dashboard HTTP/1.1" 304 - "http://localhost:4200/" - 294.476 ms
::1 [26/Feb/2026:14:07:08 +0000] "GET /api/plaintes HTTP/1.1" 200 1165 "http://localhost:4200/" - 16.560 ms
::1 [26/Feb/2026:14:07:21 +0000] "GET /api/incidents HTTP/1.1" 304 - "http://localhost:4200/" - 38.819 ms
::1 [26/Feb/2026:14:07:53 +0000] "PUT /api/incidents/69a02839c1e5f2561c8fec67 HTTP/1.1" 200 460 "http://localhost:4200/" - 59.614 ms
::1 [26/Feb/2026:14:07:53 +0000] "GET /api/incidents HTTP/1.1" 200 940 "http://localhost:4200/" - 16.307 ms
::1 [26/Feb/2026:14:09:04 +0000] "GET /api/users HTTP/1.1" 304 - "http://localhost:4200/" - 17.126 ms
::1 [26/Feb/2026:14:09:04 +0000] "GET /api/equipes HTTP/1.1" 304 - "http://localhost:4200/" - 23.004 ms
::1 [26/Feb/2026:14:09:09 +0000] "GET /api/plaintes HTTP/1.1" 304 - "http://localhost:4200/" - 21.534 ms
::1 [26/Feb/2026:14:09:09 +0000] "GET /api/incidents HTTP/1.1" 304 - "http://localhost:4200/" - 21.205 ms
::1 [26/Feb/2026:14:09:09 +0000] "GET /api/tournees HTTP/1.1" 304 - "http://localhost:4200/" - 13.652 ms
::1 [26/Feb/2026:14:09:31 +0000] "PUT /api/incidents/69a01a29af6b4faa31017c36 HTTP/1.1" 200 493 "http://localhost:4200/" - 13.919 ms
::1 [26/Feb/2026:14:09:31 +0000] "GET /api/incidents HTTP/1.1" 200 942 "http://localhost:4200/" - 17.128 ms
::1 [26/Feb/2026:14:09:56 +0000] "GET /api/plaintes/mes-plaintes HTTP/1.1" 304 - "http://localhost:4200/" - 16.228 ms
::1 [26/Feb/2026:14:10:53 +0000] "GET /api/tournees HTTP/1.1" 200 1888 "http://localhost:4200/" - 44.108 ms
::1 [26/Feb/2026:14:10:53 +0000] "GET /api/zones HTTP/1.1" 304 - "http://localhost:4200/" - 46.944 ms
::1 [26/Feb/2026:14:11:11 +0000] "GET /api/plaintes/mes-plaintes HTTP/1.1" 304 - "http://localhost:4200/" - 14.541 ms
::1 [26/Feb/2026:14:12:52 +0000] "GET /api/tournees/agent/mes-tournees HTTP/1.1" 304 - "http://localhost:4200/" - 16.802 ms
::1 [26/Feb/2026:14:14:10 +0000] "GET /api/stats/dashboard HTTP/1.1" 304 - "http://localhost:4200/" - 46.427 ms
::1 [26/Feb/2026:14:18:29 +0000] "GET /api/users HTTP/1.1" 304 - "http://localhost:4200/" - 20.394 ms
::1 [26/Feb/2026:14:18:29 +0000] "GET /api/vehicules HTTP/1.1" 304 - "http://localhost:4200/" - 22.943 ms
::1 [26/Feb/2026:14:18:29 +0000] "GET /api/equipes HTTP/1.1" 304 - "http://localhost:4200/" - 104.010 ms
::1 [26/Feb/2026:14:18:31 +0000] "GET /api/zones HTTP/1.1" 304 - "http://localhost:4200/" - 17.396 ms
::1 [26/Feb/2026:14:18:31 +0000] "GET /api/zones/arrondissements HTTP/1.1" 304 - "http://localhost:4200/" - 16.978 ms
::1 [26/Feb/2026:14:21:58 +0000] "GET /api/zones HTTP/1.1" 304 - "http://localhost:4200/" - 32.457 ms
::1 [26/Feb/2026:14:21:58 +0000] "GET /api/vehicules HTTP/1.1" 304 - "http://localhost:4200/" - 26.480 ms
::1 [26/Feb/2026:14:21:58 +0000] "GET /api/quartiers HTTP/1.1" 304 - "http://localhost:4200/" - 26.788 ms
::1 [26/Feb/2026:14:21:58 +0000] "GET /api/tournees HTTP/1.1" 304 - "http://localhost:4200/" - 57.944 ms
::1 [26/Feb/2026:14:21:58 +0000] "GET /api/equipes HTTP/1.1" 304 - "http://localhost:4200/" - 50.478 ms
::1 [26/Feb/2026:14:24:25 +0000] "POST /api/tournees HTTP/1.1" 201 439 "http://localhost:4200/" - 125.707 ms
::1 [26/Feb/2026:14:24:25 +0000] "GET /api/tournees HTTP/1.1" 200 2436 "http://localhost:4200/" - 26.971 ms
::1 [26/Feb/2026:14:25:45 +0000] "GET /api/users HTTP/1.1" 304 - "http://localhost:4200/" - 20.903 ms
::1 [26/Feb/2026:14:25:45 +0000] "GET /api/vehicules HTTP/1.1" 304 - "http://localhost:4200/" - 21.238 ms
::1 [26/Feb/2026:14:25:45 +0000] "GET /api/equipes HTTP/1.1" 304 - "http://localhost:4200/" - 41.747 ms
::1 [26/Feb/2026:14:25:49 +0000] "GET /api/equipes/69a02742c1e5f2561c8fec02 HTTP/1.1" 200 325 "http://localhost:4200/" - 17.733 ms
::1 [26/Feb/2026:14:26:17 +0000] "GET /api/zones HTTP/1.1" 304 - "http://localhost:4200/" - 18.043 ms
::1 [26/Feb/2026:14:26:17 +0000] "GET /api/zones/arrondissements HTTP/1.1" 304 - "http://localhost:4200/" - 12.649 ms
::1 [26/Feb/2026:14:26:19 +0000] "GET /api/stats/dashboard HTTP/1.1" 200 3456 "http://localhost:4200/" - 45.447 ms
::1 [26/Feb/2026:14:26:21 +0000] "GET /api/quartiers HTTP/1.1" 304 - "http://localhost:4200/" - 15.974 ms
::1 [26/Feb/2026:14:26:21 +0000] "GET /api/tournees HTTP/1.1" 304 - "http://localhost:4200/" - 36.453 ms
::1 [26/Feb/2026:14:26:33 +0000] "GET /api/plaintes HTTP/1.1" 304 - "http://localhost:4200/" - 11.560 ms
::1 [26/Feb/2026:14:26:54 +0000] "GET /api/incidents HTTP/1.1" 304 - "http://localhost:4200/" - 37.323 ms
::1 [27/Feb/2026:09:30:57 +0000] "GET /api/plaintes/mes-plaintes HTTP/1.1" 400 28 "http://localhost:4200/" - 24.265 ms
::1 [27/Feb/2026:09:30:58 +0000] "GET /api/stats/dashboard HTTP/1.1" 304 - "http://localhost:4200/" - 166.511 ms
::1 [27/Feb/2026:09:31:11 +0000] "GET /api/zones HTTP/1.1" 400 28 "http://localhost:4200/" - 4.848 ms
::1 [27/Feb/2026:09:31:14 +0000] "GET /api/tournees HTTP/1.1" 400 28 "http://localhost:4200/" - 18.050 ms
::1 [27/Feb/2026:09:31:14 +0000] "GET /api/zones HTTP/1.1" 400 28 "http://localhost:4200/" - 43.544 ms
::1 [27/Feb/2026:09:31:15 +0000] "GET /api/zones HTTP/1.1" 400 28 "http://localhost:4200/" - 82.711 ms
::1 [27/Feb/2026:09:31:15 +0000] "GET /api/tournees HTTP/1.1" 400 28 "http://localhost:4200/" - 39.931 ms
::1 [27/Feb/2026:09:31:15 +0000] "GET /api/zones HTTP/1.1" 400 28 "http://localhost:4200/" - 13.689 ms
::1 [27/Feb/2026:09:31:35 +0000] "GET /api/zones HTTP/1.1" 400 28 "http://localhost:4200/" - 7.115 ms
::1 [27/Feb/2026:09:31:37 +0000] "GET /api/plaintes/mes-plaintes HTTP/1.1" 400 28 "http://localhost:4200/" - 6.560 ms
::1 [27/Feb/2026:09:31:39 +0000] "GET /api/zones HTTP/1.1" 400 28 "http://localhost:4200/" - 2.664 ms
::1 [27/Feb/2026:09:32:45 +0000] "GET /api/users HTTP/1.1" 304 - "http://localhost:4200/" - 74.706 ms
::1 [27/Feb/2026:09:32:45 +0000] "GET /api/equipes HTTP/1.1" 304 - "http://localhost:4200/" - 93.598 ms
::1 [27/Feb/2026:09:32:46 +0000] "GET /api/vehicules HTTP/1.1" 304 - "http://localhost:4200/" - 21.999 ms
::1 [27/Feb/2026:09:32:58 +0000] "GET /api/tournees HTTP/1.1" 400 28 "http://localhost:4200/" - 1.865 ms
::1 [27/Feb/2026:09:32:58 +0000] "GET /api/zones HTTP/1.1" 400 28 "http://localhost:4200/" - 2.719 ms
::1 [27/Feb/2026:09:33:03 +0000] "GET /api/plaintes/mes-plaintes HTTP/1.1" 400 28 "http://localhost:4200/" - 2.608 ms
::1 [27/Feb/2026:09:33:05 +0000] "GET /api/zones HTTP/1.1" 400 28 "http://localhost:4200/" - 2.950 ms
::1 [27/Feb/2026:09:33:07 +0000] "GET /api/plaintes/mes-plaintes HTTP/1.1" 400 28 "http://localhost:4200/" - 2.666 ms
::1 [27/Feb/2026:09:33:58 +0000] "GET /api/tournees HTTP/1.1" 400 28 "http://localhost:4200/" - 3.590 ms
::1 [27/Feb/2026:09:33:58 +0000] "GET /api/zones HTTP/1.1" 400 28 "http://localhost:4200/" - 2.677 ms
::1 [27/Feb/2026:09:34:00 +0000] "GET /api/zones HTTP/1.1" 400 28 "http://localhost:4200/" - 3.683 ms
::1 [27/Feb/2026:09:34:00 +0000] "GET /api/plaintes/mes-plaintes HTTP/1.1" 400 28 "http://localhost:4200/" - 4.837 ms
::1 [27/Feb/2026:09:34:01 +0000] "GET /api/zones HTTP/1.1" 400 28 "http://localhost:4200/" - 2.819 ms
::1 [27/Feb/2026:09:34:04 +0000] "GET /api/tournees HTTP/1.1" 400 28 "http://localhost:4200/" - 5.204 ms
::1 [27/Feb/2026:09:34:04 +0000] "GET /api/zones HTTP/1.1" 400 28 "http://localhost:4200/" - 2.389 ms
::1 [27/Feb/2026:09:34:05 +0000] "GET /api/zones HTTP/1.1" 400 28 "http://localhost:4200/" - 2.762 ms
::1 [27/Feb/2026:09:35:09 +0000] "POST /api/auth/register HTTP/1.1" 201 323 "http://localhost:4200/" - 500.004 ms
::1 [27/Feb/2026:09:35:14 +0000] "POST /api/auth/login HTTP/1.1" 200 496 "http://localhost:4200/" - 133.477 ms
::1 [27/Feb/2026:09:35:14 +0000] "GET /api/plaintes/mes-plaintes HTTP/1.1" 200 36 "http://localhost:4200/" - 93.130 ms
::1 [27/Feb/2026:09:35:19 +0000] "GET /api/zones HTTP/1.1" 200 3075 "http://localhost:4200/" - 25.605 ms
::1 [27/Feb/2026:09:35:19 +0000] "GET /api/tournees HTTP/1.1" 200 2436 "http://localhost:4200/" - 38.793 ms
::1 [27/Feb/2026:09:35:29 +0000] "POST /api/auth/login HTTP/1.1" 200 505 "http://localhost:4200/" - 135.918 ms
::1 [27/Feb/2026:09:35:29 +0000] "GET /api/plaintes/mes-plaintes HTTP/1.1" 200 1088 "http://localhost:4200/" - 12.005 ms
::1 [27/Feb/2026:09:35:31 +0000] "GET /api/zones HTTP/1.1" 304 - "http://localhost:4200/" - 16.508 ms
::1 [27/Feb/2026:09:35:31 +0000] "GET /api/tournees HTTP/1.1" 304 - "http://localhost:4200/" - 41.600 ms
::1 [27/Feb/2026:09:37:14 +0000] "GET /api/stats/dashboard HTTP/1.1" 304 - "http://localhost:4200/" - 43.378 ms
::1 [27/Feb/2026:09:37:23 +0000] "GET /api/plaintes HTTP/1.1" 304 - "http://localhost:4200/" - 12.441 ms
::1 [27/Feb/2026:09:37:37 +0000] "GET /api/zones HTTP/1.1" 304 - "http://localhost:4200/" - 12.683 ms
::1 [27/Feb/2026:09:37:39 +0000] "GET /api/plaintes/mes-plaintes HTTP/1.1" 304 - "http://localhost:4200/" - 9.847 ms
::1 [27/Feb/2026:09:38:30 +0000] "PUT /api/plaintes/69a04270c1e5f2561c8fec8d HTTP/1.1" 200 443 "http://localhost:4200/" - 107.957 ms
::1 [27/Feb/2026:09:38:30 +0000] "GET /api/plaintes HTTP/1.1" 200 1206 "http://localhost:4200/" - 15.917 ms
::1 [27/Feb/2026:09:38:42 +0000] "GET /api/plaintes/mes-plaintes HTTP/1.1" 200 1129 "http://localhost:4200/" - 17.046 ms
::1 [27/Feb/2026:09:39:18 +0000] "GET /api/tournees/agent/mes-tournees HTTP/1.1" 304 - "http://localhost:4200/" - 15.856 ms
::1 [27/Feb/2026:09:39:40 +0000] "GET /api/zones HTTP/1.1" 304 - "http://localhost:4200/" - 31.651 ms
::1 [27/Feb/2026:09:39:40 +0000] "GET /api/vehicules HTTP/1.1" 304 - "http://localhost:4200/" - 27.770 ms
::1 [27/Feb/2026:09:39:40 +0000] "GET /api/quartiers HTTP/1.1" 304 - "http://localhost:4200/" - 29.442 ms
::1 [27/Feb/2026:09:39:40 +0000] "GET /api/tournees HTTP/1.1" 304 - "http://localhost:4200/" - 63.055 ms
::1 [27/Feb/2026:09:39:40 +0000] "GET /api/equipes HTTP/1.1" 304 - "http://localhost:4200/" - 56.286 ms
::1 [27/Feb/2026:09:39:52 +0000] "GET /api/users HTTP/1.1" 304 - "http://localhost:4200/" - 7.889 ms
::1 [27/Feb/2026:09:40:04 +0000] "GET /api/equipes/69a024b1c1e5f2561c8feb94 HTTP/1.1" 304 - "http://localhost:4200/" - 140.918 ms
::1 [27/Feb/2026:09:40:12 +0000] "GET /api/equipes/69a02742c1e5f2561c8fec02 HTTP/1.1" 304 - "http://localhost:4200/" - 7.381 ms
::1 [27/Feb/2026:09:40:17 +0000] "POST /api/equipes/69a02742c1e5f2561c8fec02/membres HTTP/1.1" 409 577 "http://localhost:4200/" - 9.230 ms
::1 [27/Feb/2026:09:40:28 +0000] "GET /api/equipes/69a01724af6b4faa31017bc9 HTTP/1.1" 304 - "http://localhost:4200/" - 8.926 ms
::1 [27/Feb/2026:09:40:33 +0000] "DELETE /api/equipes/69a01724af6b4faa31017bc9/membres/69a01782af6b4faa31017bd5 HTTP/1.1" 200 251 "http://localhost:4200/" - 74.261 ms
::1 [27/Feb/2026:09:40:33 +0000] "GET /api/equipes HTTP/1.1" 200 1332 "http://localhost:4200/" - 15.056 ms
::1 [27/Feb/2026:09:40:38 +0000] "GET /api/equipes/69a02742c1e5f2561c8fec02 HTTP/1.1" 304 - "http://localhost:4200/" - 9.491 ms
::1 [27/Feb/2026:09:40:43 +0000] "POST /api/equipes/69a02742c1e5f2561c8fec02/membres HTTP/1.1" 200 341 "http://localhost:4200/" - 91.483 ms
::1 [27/Feb/2026:09:40:43 +0000] "GET /api/equipes HTTP/1.1" 200 1407 "http://localhost:4200/" - 14.222 ms
::1 [27/Feb/2026:09:40:54 +0000] "GET /api/tournees/agent/mes-tournees HTTP/1.1" 200 583 "http://localhost:4200/" - 17.643 ms
::1 [27/Feb/2026:09:40:55 +0000] "GET /api/tournees/69a05799f67f96472904e2af HTTP/1.1" 200 624 "http://localhost:4200/" - 28.236 ms
::1 [27/Feb/2026:09:40:55 +0000] "GET /api/collectes/tournee/69a05799f67f96472904e2af HTTP/1.1" 200 36 "http://localhost:4200/" - 8.361 ms
::1 [27/Feb/2026:09:41:31 +0000] "PUT /api/tournees/69a05799f67f96472904e2af/terminer HTTP/1.1" 200 513 "http://localhost:4200/" - 27.499 ms
::1 [27/Feb/2026:09:41:33 +0000] "GET /api/tournees/agent/mes-tournees HTTP/1.1" 200 626 "http://localhost:4200/" - 28.320 ms
::1 [27/Feb/2026:09:41:42 +0000] "GET /api/incidents/mes-incidents HTTP/1.1" 200 423 "http://localhost:4200/" - 84.227 ms
::1 [27/Feb/2026:09:43:15 +0000] "GET /api/incidents HTTP/1.1" 304 - "http://localhost:4200/" - 21.682 ms
::1 [27/Feb/2026:09:43:27 +0000] "GET /api/plaintes HTTP/1.1" 304 - "http://localhost:4200/" - 18.098 ms
::1 [27/Feb/2026:09:43:27 +0000] "GET /api/tournees HTTP/1.1" 200 2479 "http://localhost:4200/" - 17.108 ms
::1 [27/Feb/2026:09:43:43 +0000] "GET /api/zones HTTP/1.1" 304 - "http://localhost:4200/" - 21.001 ms
::1 [27/Feb/2026:09:43:43 +0000] "GET /api/zones/arrondissements HTTP/1.1" 304 - "http://localhost:4200/" - 20.919 ms
::1 [27/Feb/2026:09:43:44 +0000] "GET /api/vehicules HTTP/1.1" 304 - "http://localhost:4200/" - 9.689 ms
::1 [27/Feb/2026:09:43:46 +0000] "GET /api/stats/dashboard HTTP/1.1" 200 3540 "http://localhost:4200/" - 63.026 ms
::1 [27/Feb/2026:09:43:47 +0000] "GET /api/users HTTP/1.1" 304 - "http://localhost:4200/" - 26.969 ms
::1 [27/Feb/2026:09:43:47 +0000] "GET /api/equipes HTTP/1.1" 304 - "http://localhost:4200/" - 24.169 ms
::1 [27/Feb/2026:09:44:03 +0000] "POST /api/auth/login HTTP/1.1" 200 529 "http://localhost:4200/" - 183.731 ms
::1 [27/Feb/2026:09:44:03 +0000] "GET /api/stats/dashboard HTTP/1.1" 200 1410 "http://localhost:4200/" - 21.860 ms
::1 [27/Feb/2026:09:44:13 +0000] "POST /api/auth/login HTTP/1.1" 200 561 "http://localhost:4200/" - 128.751 ms
::1 [27/Feb/2026:09:44:13 +0000] "GET /api/stats/dashboard HTTP/1.1" 200 3540 "http://localhost:4200/" - 99.402 ms
::1 [27/Feb/2026:09:44:20 +0000] "POST /api/auth/login HTTP/1.1" 200 529 "http://localhost:4200/" - 163.663 ms
::1 [27/Feb/2026:09:44:20 +0000] "GET /api/stats/dashboard HTTP/1.1" 200 1410 "http://localhost:4200/" - 32.801 ms
::1 [27/Feb/2026:09:44:22 +0000] "GET /api/zones HTTP/1.1" 200 36 "http://localhost:4200/" - 14.708 ms
::1 [27/Feb/2026:09:44:22 +0000] "GET /api/zones/arrondissements HTTP/1.1" 200 348 "http://localhost:4200/" - 17.872 ms
::1 [27/Feb/2026:09:50:14 +0000] "GET /api/stats/dashboard HTTP/1.1" 304 - "http://localhost:4200/" - 23.992 ms
::1 [27/Feb/2026:09:50:17 +0000] "GET /api/users HTTP/1.1" 200 605 "http://localhost:4200/" - 17.283 ms
::1 [27/Feb/2026:09:50:17 +0000] "GET /api/equipes HTTP/1.1" 200 36 "http://localhost:4200/" - 13.904 ms
::1 [27/Feb/2026:09:52:00 +0000] "GET /api/equipes HTTP/1.1" 304 - "http://localhost:4200/" - 22.137 ms
::1 [27/Feb/2026:09:52:00 +0000] "GET /api/users HTTP/1.1" 304 - "http://localhost:4200/" - 24.621 ms
::1 [27/Feb/2026:09:52:00 +0000] "GET /api/vehicules HTTP/1.1" 200 36 "http://localhost:4200/" - 28.715 ms
::1 [27/Feb/2026:09:52:02 +0000] "GET /api/incidents HTTP/1.1" 200 36 "http://localhost:4200/" - 15.254 ms
::1 [27/Feb/2026:09:52:08 +0000] "GET /api/tournees HTTP/1.1" 200 36 "http://localhost:4200/" - 13.605 ms
::1 [27/Feb/2026:09:52:08 +0000] "GET /api/plaintes HTTP/1.1" 304 - "http://localhost:4200/" - 28.259 ms
::1 [27/Feb/2026:09:52:55 +0000] "GET /api/zones HTTP/1.1" 304 - "http://localhost:4200/" - 11.967 ms
::1 [27/Feb/2026:09:52:55 +0000] "GET /api/quartiers HTTP/1.1" 304 - "http://localhost:4200/" - 7.914 ms
::1 [27/Feb/2026:09:53:02 +0000] "GET /api/equipes HTTP/1.1" 304 - "http://localhost:4200/" - 11.817 ms
::1 [27/Feb/2026:09:53:02 +0000] "GET /api/vehicules HTTP/1.1" 304 - "http://localhost:4200/" - 12.562 ms
::1 [27/Feb/2026:09:53:03 +0000] "GET /api/users HTTP/1.1" 304 - "http://localhost:4200/" - 10.465 ms
::1 [27/Feb/2026:09:53:04 +0000] "GET /api/zones/arrondissements HTTP/1.1" 304 - "http://localhost:4200/" - 15.259 ms
::1 [27/Feb/2026:09:53:07 +0000] "GET /api/stats/dashboard HTTP/1.1" 304 - "http://localhost:4200/" - 44.496 ms
::1 [27/Feb/2026:09:53:10 +0000] "GET /api/plaintes HTTP/1.1" 304 - "http://localhost:4200/" - 11.794 ms
::1 [27/Feb/2026:09:56:14 +0000] "PUT /api/plaintes/69a025c4c1e5f2561c8febbf HTTP/1.1" 200 463 "http://localhost:4200/" - 33.566 ms
::1 [27/Feb/2026:09:56:14 +0000] "GET /api/plaintes HTTP/1.1" 200 1259 "http://localhost:4200/" - 15.968 ms
::1 [27/Feb/2026:09:56:32 +0000] "POST /api/auth/login HTTP/1.1" 200 561 "http://localhost:4200/" - 141.101 ms
::1 [27/Feb/2026:09:56:32 +0000] "GET /api/stats/dashboard HTTP/1.1" 200 3593 "http://localhost:4200/" - 49.091 ms
::1 [27/Feb/2026:09:56:34 +0000] "GET /api/incidents HTTP/1.1" 200 942 "http://localhost:4200/" - 17.193 ms
::1 [27/Feb/2026:09:56:34 +0000] "GET /api/plaintes HTTP/1.1" 304 - "http://localhost:4200/" - 12.342 ms
::1 [27/Feb/2026:09:59:44 +0000] "GET /api/users HTTP/1.1" 200 1142 "http://localhost:4200/" - 19.718 ms
::1 [27/Feb/2026:09:59:44 +0000] "GET /api/equipes HTTP/1.1" 200 1407 "http://localhost:4200/" - 40.007 ms
::1 [27/Feb/2026:10:00:08 +0000] "POST /api/auth/login HTTP/1.1" 200 529 "http://localhost:4200/" - 135.644 ms
::1 [27/Feb/2026:10:00:08 +0000] "GET /api/stats/dashboard HTTP/1.1" 200 1463 "http://localhost:4200/" - 32.696 ms
::1 [27/Feb/2026:10:00:09 +0000] "GET /api/users HTTP/1.1" 200 605 "http://localhost:4200/" - 15.535 ms
::1 [27/Feb/2026:10:00:09 +0000] "GET /api/equipes HTTP/1.1" 200 36 "http://localhost:4200/" - 9.980 ms
::1 [27/Feb/2026:10:00:28 +0000] "GET /api/plaintes/mes-plaintes HTTP/1.1" 200 1182 "http://localhost:4200/" - 18.451 ms
::1 [27/Feb/2026:10:00:34 +0000] "POST /api/auth/login HTTP/1.1" 200 579 "http://localhost:4200/" - 128.848 ms
::1 [27/Feb/2026:10:00:34 +0000] "GET /api/plaintes/mes-plaintes HTTP/1.1" 200 36 "http://localhost:4200/" - 7.680 ms
::1 [27/Feb/2026:10:00:37 +0000] "GET /api/zones HTTP/1.1" 304 - "http://localhost:4200/" - 11.036 ms
::1 [27/Feb/2026:10:00:38 +0000] "GET /api/tournees HTTP/1.1" 200 2479 "http://localhost:4200/" - 18.761 ms
::1 [27/Feb/2026:10:01:24 +0000] "GET /api/vehicules HTTP/1.1" 304 - "http://localhost:4200/" - 12.573 ms
::1 [27/Feb/2026:10:01:41 +0000] "POST /api/vehicules HTTP/1.1" 400 161 "http://localhost:4200/" - 5.421 ms
::1 [27/Feb/2026:10:01:52 +0000] "POST /api/vehicules HTTP/1.1" 201 265 "http://localhost:4200/" - 118.423 ms
::1 [27/Feb/2026:10:01:52 +0000] "GET /api/vehicules HTTP/1.1" 200 277 "http://localhost:4200/" - 10.934 ms
::1 [27/Feb/2026:10:01:58 +0000] "GET /api/equipes HTTP/1.1" 304 - "http://localhost:4200/" - 11.531 ms
::1 [27/Feb/2026:10:01:58 +0000] "GET /api/users HTTP/1.1" 304 - "http://localhost:4200/" - 15.346 ms
::1 [27/Feb/2026:10:02:18 +0000] "POST /api/equipes HTTP/1.1" 201 253 "http://localhost:4200/" - 28.629 ms
::1 [27/Feb/2026:10:02:18 +0000] "GET /api/equipes HTTP/1.1" 200 325 "http://localhost:4200/" - 23.458 ms
::1 [27/Feb/2026:10:02:22 +0000] "GET /api/zones HTTP/1.1" 304 - "http://localhost:4200/" - 14.706 ms
::1 [27/Feb/2026:10:02:22 +0000] "GET /api/zones/arrondissements HTTP/1.1" 304 - "http://localhost:4200/" - 12.489 ms
::1 [27/Feb/2026:10:02:54 +0000] "POST /api/zones HTTP/1.1" 201 268 "http://localhost:4200/" - 34.450 ms
::1 [27/Feb/2026:10:02:54 +0000] "GET /api/zones HTTP/1.1" 200 280 "http://localhost:4200/" - 15.821 ms
::1 [27/Feb/2026:10:02:54 +0000] "GET /api/zones/arrondissements HTTP/1.1" 200 347 "http://localhost:4200/" - 11.817 ms
::1 [27/Feb/2026:10:03:19 +0000] "POST /api/zones HTTP/1.1" 201 273 "http://localhost:4200/" - 11.458 ms
::1 [27/Feb/2026:10:03:19 +0000] "GET /api/zones HTTP/1.1" 200 530 "http://localhost:4200/" - 22.687 ms
::1 [27/Feb/2026:10:03:19 +0000] "GET /api/zones/arrondissements HTTP/1.1" 200 346 "http://localhost:4200/" - 19.335 ms
::1 [27/Feb/2026:10:03:39 +0000] "GET /api/users HTTP/1.1" 304 - "http://localhost:4200/" - 12.795 ms
::1 [27/Feb/2026:10:03:39 +0000] "GET /api/equipes HTTP/1.1" 304 - "http://localhost:4200/" - 21.415 ms
::1 [27/Feb/2026:10:04:39 +0000] "POST /api/users HTTP/1.1" 201 306 "http://localhost:4200/" - 149.191 ms
::1 [27/Feb/2026:10:04:39 +0000] "POST /api/equipes/69a16baa5922759d661fc009/membres HTTP/1.1" 200 349 "http://localhost:4200/" - 17.640 ms
::1 [27/Feb/2026:10:04:39 +0000] "GET /api/users HTTP/1.1" 200 888 "http://localhost:4200/" - 29.544 ms
::1 [27/Feb/2026:10:04:39 +0000] "GET /api/equipes HTTP/1.1" 200 406 "http://localhost:4200/" - 20.424 ms
192.168.100.181 [27/Feb/2026:10:41:38 +0000] "POST /api/auth/login HTTP/1.1" 200 579 "http://192.168.100.59:4200/" - 168.385 ms
192.168.100.181 [27/Feb/2026:10:51:23 +0000] "POST /api/auth/login HTTP/1.1" 200 579 "http://192.168.100.59:4200/" - 127.913 ms
192.168.100.129 [27/Feb/2026:10:53:32 +0000] "POST /api/auth/login HTTP/1.1" 400 36 "http://192.168.100.59:4200/" - 125.476 ms
192.168.100.181 [27/Feb/2026:10:58:03 +0000] "POST /api/auth/register HTTP/1.1" 201 327 "http://192.168.100.59:4200/" - 174.897 ms
192.168.100.181 [27/Feb/2026:10:58:09 +0000] "POST /api/auth/login HTTP/1.1" 200 500 "http://192.168.100.59:4200/" - 102.354 ms
127.0.0.1 [27/Feb/2026:11:00:58 +0000] "GET /api/plaintes/mes-plaintes HTTP/1.1" 304 - "http://localhost:4200/" - 49.905 ms
127.0.0.1 [27/Feb/2026:11:01:04 +0000] "GET /api/zones HTTP/1.1" 200 3570 "http://localhost:4200/" - 58.330 ms
192.168.100.59 [27/Feb/2026:11:09:58 +0000] "GET /api/users HTTP/1.1" 401 28 "-" - 0.756 ms
127.0.0.1 [27/Feb/2026:12:40:49 +0000] "GET /api/stats/dashboard HTTP/1.1" 200 1463 "http://localhost:4200/" - 168.799 ms
127.0.0.1 [27/Feb/2026:12:53:18 +0000] "GET /api/users HTTP/1.1" 304 - "http://localhost:4200/" - 14.180 ms
127.0.0.1 [27/Feb/2026:12:53:18 +0000] "GET /api/equipes HTTP/1.1" 304 - "http://localhost:4200/" - 18.961 ms
127.0.0.1 [27/Feb/2026:12:53:18 +0000] "GET /api/stats/dashboard HTTP/1.1" 304 - "http://localhost:4200/" - 34.503 ms
127.0.0.1 [27/Feb/2026:12:54:02 +0000] "GET /api/plaintes HTTP/1.1" 304 - "http://localhost:4200/" - 11.725 ms
127.0.0.1 [27/Feb/2026:12:54:22 +0000] "GET /api/plaintes/mes-plaintes HTTP/1.1" 304 - "http://localhost:4200/" - 8.011 ms
127.0.0.1 [27/Feb/2026:12:54:25 +0000] "GET /api/zones HTTP/1.1" 304 - "http://localhost:4200/" - 26.649 ms
127.0.0.1 [27/Feb/2026:12:54:25 +0000] "GET /api/tournees HTTP/1.1" 304 - "http://localhost:4200/" - 38.278 ms
127.0.0.1 [27/Feb/2026:12:55:17 +0000] "POST /api/plaintes HTTP/1.1" 201 367 "http://localhost:4200/" - 39.949 ms
127.0.0.1 [27/Feb/2026:12:55:20 +0000] "GET /api/plaintes/mes-plaintes HTTP/1.1" 200 402 "http://localhost:4200/" - 11.862 ms
127.0.0.1 [27/Feb/2026:12:55:36 +0000] "GET /api/incidents HTTP/1.1" 200 36 "http://localhost:4200/" - 6.579 ms
127.0.0.1 [27/Feb/2026:12:55:37 +0000] "GET /api/plaintes HTTP/1.1" 200 1666 "http://localhost:4200/" - 12.208 ms
127.0.0.1 [27/Feb/2026:12:55:37 +0000] "GET /api/tournees HTTP/1.1" 304 - "http://localhost:4200/" - 5.070 ms
127.0.0.1 [27/Feb/2026:12:55:55 +0000] "PUT /api/plaintes/69a1943589ec8427f8aaf37a HTTP/1.1" 200 428 "http://localhost:4200/" - 41.861 ms
127.0.0.1 [27/Feb/2026:12:55:55 +0000] "GET /api/plaintes HTTP/1.1" 200 1664 "http://localhost:4200/" - 9.939 ms
127.0.0.1 [27/Feb/2026:12:55:59 +0000] "GET /api/tournees HTTP/1.1" 304 - "http://localhost:4200/" - 14.824 ms
127.0.0.1 [27/Feb/2026:12:55:59 +0000] "GET /api/zones HTTP/1.1" 304 - "http://localhost:4200/" - 10.312 ms
127.0.0.1 [27/Feb/2026:12:56:23 +0000] "PUT /api/plaintes/69a1943589ec8427f8aaf37a HTTP/1.1" 200 461 "http://localhost:4200/" - 22.561 ms
127.0.0.1 [27/Feb/2026:12:56:23 +0000] "GET /api/plaintes HTTP/1.1" 200 1697 "http://localhost:4200/" - 8.018 ms
127.0.0.1 [27/Feb/2026:13:16:34 +0000] "GET /api/tournees/agent/mes-tournees HTTP/1.1" 400 28 "http://localhost:4200/" - 2.507 ms
127.0.0.1 [28/Feb/2026:08:38:54 +0000] "POST /api/auth/login HTTP/1.1" 400 36 "http://192.168.100.59:4200/login" - 155.381 ms
127.0.0.1 [28/Feb/2026:08:39:23 +0000] "POST /api/auth/login HTTP/1.1" 200 579 "http://192.168.100.59:4200/login" - 122.277 ms
127.0.0.1 [28/Feb/2026:08:39:23 +0000] "GET /api/plaintes/mes-plaintes HTTP/1.1" 200 433 "http://192.168.100.59:4200/citoyen/signalements" - 53.747 ms
127.0.0.1 [28/Feb/2026:08:39:40 +0000] "GET /api/zones HTTP/1.1" 200 3570 "http://192.168.100.59:4200/citoyen/planning" - 19.755 ms
127.0.0.1 [28/Feb/2026:08:39:40 +0000] "GET /api/tournees HTTP/1.1" 200 2479 "http://192.168.100.59:4200/citoyen/planning" - 41.883 ms
127.0.0.1 [28/Feb/2026:08:43:37 +0000] "GET /api/plaintes/mes-plaintes HTTP/1.1" 200 433 "http://localhost:4200/citoyen/signalements" - 13.386 ms
127.0.0.1 [28/Feb/2026:08:43:56 +0000] "GET /api/stats/dashboard HTTP/1.1" 200 1864 "http://localhost:4200/admin/dashboard" - 61.672 ms
127.0.0.1 [28/Feb/2026:08:44:01 +0000] "GET /api/users HTTP/1.1" 200 888 "http://localhost:4200/admin/users" - 14.593 ms
127.0.0.1 [28/Feb/2026:08:44:01 +0000] "GET /api/equipes HTTP/1.1" 200 406 "http://localhost:4200/admin/users" - 22.291 ms
127.0.0.1 [28/Feb/2026:08:44:53 +0000] "POST /api/auth/login HTTP/1.1" 200 561 "http://192.168.100.59:4200/login" - 81.694 ms
127.0.0.1 [28/Feb/2026:08:44:53 +0000] "GET /api/stats/dashboard HTTP/1.1" 200 3994 "http://192.168.100.59:4200/admin/dashboard" - 18.834 ms
127.0.0.1 [28/Feb/2026:08:45:01 +0000] "GET /api/users HTTP/1.1" 200 1142 "http://192.168.100.59:4200/admin/users" - 10.473 ms
127.0.0.1 [28/Feb/2026:08:45:01 +0000] "GET /api/equipes HTTP/1.1" 200 1407 "http://192.168.100.59:4200/admin/users" - 12.716 ms
127.0.0.1 [28/Feb/2026:08:45:04 +0000] "GET /api/vehicules HTTP/1.1" 200 1004 "http://192.168.100.59:4200/admin/vehicules" - 5.236 ms
127.0.0.1 [28/Feb/2026:08:45:13 +0000] "GET /api/tournees HTTP/1.1" 200 2479 "http://192.168.100.59:4200/admin/statistiques" - 24.044 ms
127.0.0.1 [28/Feb/2026:08:45:13 +0000] "GET /api/plaintes HTTP/1.1" 200 1697 "http://192.168.100.59:4200/admin/statistiques" - 24.307 ms
127.0.0.1 [28/Feb/2026:08:45:13 +0000] "GET /api/incidents HTTP/1.1" 200 942 "http://192.168.100.59:4200/admin/statistiques" - 29.216 ms
127.0.0.1 [28/Feb/2026:08:46:03 +0000] "POST /api/auth/login HTTP/1.1" 200 557 "http://localhost:4200/login" - 106.386 ms
127.0.0.1 [28/Feb/2026:08:46:03 +0000] "GET /api/tournees/agent/mes-tournees HTTP/1.1" 200 1255 "http://localhost:4200/agent/dashboard" - 20.431 ms
127.0.0.1 [28/Feb/2026:08:46:12 +0000] "GET /api/incidents/mes-incidents HTTP/1.1" 200 462 "http://localhost:4200/agent/incidents" - 32.040 ms
127.0.0.1 [28/Feb/2026:08:46:26 +0000] "PUT /api/incidents/69a01a29af6b4faa31017c36 HTTP/1.1" 200 492 "http://192.168.100.59:4200/admin/incidents" - 25.912 ms
127.0.0.1 [28/Feb/2026:08:46:26 +0000] "GET /api/incidents HTTP/1.1" 200 941 "http://192.168.100.59:4200/admin/incidents" - 15.432 ms
127.0.0.1 [28/Feb/2026:08:50:27 +0000] "GET /api/stats/dashboard HTTP/1.1" 304 - "http://192.168.100.59:4200/admin/dashboard" - 21.279 ms
127.0.0.1 [28/Feb/2026:08:50:34 +0000] "GET /api/vehicules HTTP/1.1" 304 - "http://192.168.100.59:4200/admin/vehicules" - 7.197 ms
127.0.0.1 [28/Feb/2026:08:51:41 +0000] "POST /api/auth/login HTTP/1.1" 200 579 "http://192.168.100.59:4200/login" - 84.803 ms
127.0.0.1 [28/Feb/2026:08:51:41 +0000] "GET /api/plaintes/mes-plaintes HTTP/1.1" 200 433 "http://192.168.100.59:4200/citoyen/signalements" - 6.801 ms
127.0.0.1 [28/Feb/2026:08:51:48 +0000] "GET /api/zones HTTP/1.1" 200 3570 "http://192.168.100.59:4200/citoyen/planning" - 6.618 ms
127.0.0.1 [28/Feb/2026:08:51:48 +0000] "GET /api/tournees HTTP/1.1" 304 - "http://192.168.100.59:4200/citoyen/planning" - 13.900 ms
127.0.0.1 [28/Feb/2026:08:58:33 +0000] "GET /api/plaintes/mes-plaintes HTTP/1.1" 304 - "http://localhost:4200/citoyen/signalements" - 11.496 ms
127.0.0.1 [28/Feb/2026:08:58:33 +0000] "GET /api/zones HTTP/1.1" 304 - "http://192.168.100.59:4200/citoyen/nouveau" - 9.493 ms
127.0.0.1 [28/Feb/2026:08:58:51 +0000] "GET /api/zones HTTP/1.1" 304 - "http://192.168.100.59:4200/citoyen/nouveau" - 8.885 ms
127.0.0.1 [28/Feb/2026:08:58:51 +0000] "GET /api/plaintes/mes-plaintes HTTP/1.1" 304 - "http://localhost:4200/citoyen/signalements" - 11.865 ms
127.0.0.1 [28/Feb/2026:08:59:15 +0000] "GET /api/plaintes/mes-plaintes HTTP/1.1" 304 - "http://localhost:4200/citoyen/signalements" - 16.786 ms
127.0.0.1 [28/Feb/2026:08:59:15 +0000] "GET /api/zones HTTP/1.1" 304 - "http://192.168.100.59:4200/citoyen/nouveau" - 12.650 ms
127.0.0.1 [28/Feb/2026:08:59:17 +0000] "GET /api/plaintes/mes-plaintes HTTP/1.1" 304 - "http://localhost:4200/citoyen/signalements" - 10.773 ms
127.0.0.1 [28/Feb/2026:08:59:17 +0000] "GET /api/zones HTTP/1.1" 304 - "http://192.168.100.59:4200/citoyen/nouveau" - 11.786 ms
127.0.0.1 [28/Feb/2026:09:01:13 +0000] "GET /api/zones HTTP/1.1" 304 - "http://192.168.100.59:4200/citoyen/nouveau" - 5.678 ms
127.0.0.1 [28/Feb/2026:09:01:14 +0000] "GET /api/zones HTTP/1.1" 304 - "http://192.168.100.59:4200/citoyen/nouveau" - 5.904 ms
127.0.0.1 [28/Feb/2026:09:01:16 +0000] "GET /api/zones HTTP/1.1" 200 3570 "http://192.168.100.59:4200/citoyen/nouveau" - 5.550 ms
127.0.0.1 [28/Feb/2026:09:01:17 +0000] "GET /api/zones HTTP/1.1" 200 3570 "http://192.168.100.59:4200/citoyen/nouveau" - 4.683 ms
127.0.0.1 [28/Feb/2026:09:01:32 +0000] "POST /api/auth/login HTTP/1.1" 200 579 "http://192.168.100.59:4200/login" - 93.466 ms
127.0.0.1 [28/Feb/2026:09:01:32 +0000] "GET /api/plaintes/mes-plaintes HTTP/1.1" 304 - "http://192.168.100.59:4200/citoyen/signalements" - 7.224 ms
127.0.0.1 [28/Feb/2026:09:01:33 +0000] "GET /api/zones HTTP/1.1" 304 - "http://192.168.100.59:4200/citoyen/planning" - 8.587 ms
127.0.0.1 [28/Feb/2026:09:01:33 +0000] "GET /api/tournees HTTP/1.1" 304 - "http://192.168.100.59:4200/citoyen/planning" - 18.291 ms
127.0.0.1 [28/Feb/2026:09:01:39 +0000] "GET /api/zones HTTP/1.1" 304 - "http://192.168.100.59:4200/citoyen/nouveau" - 6.445 ms
127.0.0.1 [28/Feb/2026:09:01:45 +0000] "GET /api/zones HTTP/1.1" 304 - "http://192.168.100.59:4200/citoyen/nouveau" - 5.147 ms
127.0.0.1 [28/Feb/2026:09:01:50 +0000] "GET /api/tournees HTTP/1.1" 304 - "http://192.168.100.59:4200/citoyen/planning" - 10.626 ms
127.0.0.1 [28/Feb/2026:09:02:21 +0000] "GET /api/zones HTTP/1.1" 304 - "http://192.168.100.59:4200/citoyen/nouveau" - 4.780 ms
127.0.0.1 [28/Feb/2026:09:02:24 +0000] "GET /api/tournees HTTP/1.1" 304 - "http://192.168.100.59:4200/citoyen/planning" - 14.794 ms
127.0.0.1 [28/Feb/2026:09:02:31 +0000] "GET /api/plaintes/mes-plaintes HTTP/1.1" 304 - "http://192.168.100.59:4200/citoyen/signalements" - 6.645 ms
127.0.0.1 [28/Feb/2026:09:02:57 +0000] "GET /api/zones HTTP/1.1" 304 - "http://192.168.100.59:4200/citoyen/nouveau" - 6.096 ms
127.0.0.1 [28/Feb/2026:09:03:01 +0000] "GET /api/tournees HTTP/1.1" 304 - "http://192.168.100.59:4200/citoyen/planning" - 14.999 ms
127.0.0.1 [28/Feb/2026:09:03:13 +0000] "GET /api/zones HTTP/1.1" 200 3570 "http://localhost:4200/citoyen/nouveau" - 4.541 ms
127.0.0.1 [28/Feb/2026:09:03:15 +0000] "GET /api/tournees HTTP/1.1" 200 2479 "http://localhost:4200/citoyen/planning" - 17.503 ms
127.0.0.1 [28/Feb/2026:09:06:21 +0000] "POST /api/auth/login HTTP/1.1" 200 529 "http://192.168.100.59:4200/login" - 90.902 ms
127.0.0.1 [28/Feb/2026:09:06:21 +0000] "GET /api/stats/dashboard HTTP/1.1" 200 1864 "http://192.168.100.59:4200/admin/dashboard" - 17.668 ms
127.0.0.1 [28/Feb/2026:09:06:35 +0000] "GET /api/plaintes HTTP/1.1" 200 1697 "http://192.168.100.59:4200/admin/plaintes" - 12.653 ms
127.0.0.1 [28/Feb/2026:09:06:54 +0000] "DELETE /api/plaintes/69a025c4c1e5f2561c8febbf HTTP/1.1" 200 60 "http://192.168.100.59:4200/admin/plaintes" - 15.609 ms
127.0.0.1 [28/Feb/2026:09:06:54 +0000] "GET /api/plaintes HTTP/1.1" 200 1257 "http://192.168.100.59:4200/admin/plaintes" - 9.130 ms
127.0.0.1 [28/Feb/2026:09:11:29 +0000] "GET /api/tournees HTTP/1.1" 200 36 "http://192.168.100.59:4200/admin/tournees" - 7.943 ms
127.0.0.1 [28/Feb/2026:09:11:29 +0000] "GET /api/vehicules HTTP/1.1" 200 277 "http://192.168.100.59:4200/admin/tournees" - 21.184 ms
127.0.0.1 [28/Feb/2026:09:11:29 +0000] "GET /api/quartiers HTTP/1.1" 200 36 "http://192.168.100.59:4200/admin/tournees" - 17.215 ms
127.0.0.1 [28/Feb/2026:09:11:29 +0000] "GET /api/zones HTTP/1.1" 200 530 "http://192.168.100.59:4200/admin/tournees" - 13.589 ms
127.0.0.1 [28/Feb/2026:09:11:29 +0000] "GET /api/equipes HTTP/1.1" 200 406 "http://192.168.100.59:4200/admin/tournees" - 41.417 ms
127.0.0.1 [28/Feb/2026:09:11:47 +0000] "GET /api/zones/arrondissements HTTP/1.1" 200 346 "http://192.168.100.59:4200/admin/zones" - 11.884 ms
127.0.0.1 [28/Feb/2026:09:12:58 +0000] "GET /api/tournees HTTP/1.1" 304 - "http://192.168.100.59:4200/admin/tournees" - 14.316 ms
127.0.0.1 [28/Feb/2026:09:12:58 +0000] "GET /api/zones HTTP/1.1" 304 - "http://192.168.100.59:4200/admin/tournees" - 25.321 ms
127.0.0.1 [28/Feb/2026:09:12:58 +0000] "GET /api/vehicules HTTP/1.1" 304 - "http://192.168.100.59:4200/admin/tournees" - 18.099 ms
127.0.0.1 [28/Feb/2026:09:12:58 +0000] "GET /api/quartiers HTTP/1.1" 304 - "http://192.168.100.59:4200/admin/tournees" - 16.725 ms
127.0.0.1 [28/Feb/2026:09:12:58 +0000] "GET /api/equipes HTTP/1.1" 304 - "http://192.168.100.59:4200/admin/tournees" - 30.897 ms
127.0.0.1 [28/Feb/2026:09:13:49 +0000] "POST /api/tournees HTTP/1.1" 201 455 "http://192.168.100.59:4200/admin/tournees" - 39.194 ms
127.0.0.1 [28/Feb/2026:09:13:49 +0000] "GET /api/tournees HTTP/1.1" 200 599 "http://192.168.100.59:4200/admin/tournees" - 16.976 ms
127.0.0.1 [28/Feb/2026:09:14:07 +0000] "PUT /api/tournees/69a2b1cddaa7c8c780794a34 HTTP/1.1" 200 509 "http://192.168.100.59:4200/admin/tournees" - 27.497 ms
127.0.0.1 [28/Feb/2026:09:14:07 +0000] "GET /api/tournees HTTP/1.1" 200 599 "http://192.168.100.59:4200/admin/tournees" - 15.432 ms
127.0.0.1 [28/Feb/2026:09:14:16 +0000] "GET /api/users HTTP/1.1" 200 888 "http://192.168.100.59:4200/admin/equipes" - 19.878 ms
127.0.0.1 [28/Feb/2026:09:14:16 +0000] "GET /api/vehicules HTTP/1.1" 304 - "http://192.168.100.59:4200/admin/equipes" - 12.844 ms
127.0.0.1 [28/Feb/2026:09:14:16 +0000] "GET /api/equipes HTTP/1.1" 304 - "http://192.168.100.59:4200/admin/equipes" - 25.857 ms
127.0.0.1 [28/Feb/2026:09:14:19 +0000] "GET /api/equipes/69a16baa5922759d661fc009 HTTP/1.1" 200 423 "http://192.168.100.59:4200/admin/equipes" - 7.503 ms
127.0.0.1 [28/Feb/2026:09:15:24 +0000] "POST /api/users HTTP/1.1" 201 300 "http://192.168.100.59:4200/admin/users" - 106.972 ms
127.0.0.1 [28/Feb/2026:09:15:25 +0000] "POST /api/equipes/69a16baa5922759d661fc009/membres HTTP/1.1" 200 440 "http://192.168.100.59:4200/admin/users" - 18.268 ms
127.0.0.1 [28/Feb/2026:09:15:25 +0000] "GET /api/users HTTP/1.1" 200 1165 "http://192.168.100.59:4200/admin/users" - 17.877 ms
127.0.0.1 [28/Feb/2026:09:15:25 +0000] "GET /api/equipes HTTP/1.1" 200 482 "http://192.168.100.59:4200/admin/users" - 18.601 ms
127.0.0.1 [28/Feb/2026:09:15:39 +0000] "GET /api/vehicules HTTP/1.1" 304 - "http://192.168.100.59:4200/admin/equipes" - 7.788 ms
127.0.0.1 [28/Feb/2026:09:15:45 +0000] "GET /api/equipes/69a16baa5922759d661fc009 HTTP/1.1" 200 514 "http://192.168.100.59:4200/admin/equipes" - 7.939 ms
127.0.0.1 [28/Feb/2026:09:16:09 +0000] "GET /api/zones HTTP/1.1" 304 - "http://192.168.100.59:4200/admin/tournees" - 30.729 ms
127.0.0.1 [28/Feb/2026:09:16:09 +0000] "GET /api/tournees HTTP/1.1" 304 - "http://192.168.100.59:4200/admin/tournees" - 52.964 ms
127.0.0.1 [28/Feb/2026:09:16:09 +0000] "GET /api/quartiers HTTP/1.1" 304 - "http://192.168.100.59:4200/admin/tournees" - 22.258 ms
127.0.0.1 [28/Feb/2026:09:16:13 +0000] "GET /api/plaintes HTTP/1.1" 304 - "http://192.168.100.59:4200/admin/plaintes" - 8.586 ms
127.0.0.1 [28/Feb/2026:09:16:15 +0000] "GET /api/zones/arrondissements HTTP/1.1" 304 - "http://192.168.100.59:4200/admin/zones" - 10.350 ms
127.0.0.1 [28/Feb/2026:09:16:40 +0000] "POST /api/auth/login HTTP/1.1" 400 36 "http://localhost:4200/login" - 100.599 ms
127.0.0.1 [28/Feb/2026:09:16:55 +0000] "POST /api/auth/login HTTP/1.1" 400 36 "http://localhost:4200/login" - 99.309 ms
127.0.0.1 [28/Feb/2026:09:17:17 +0000] "POST /api/auth/login HTTP/1.1" 200 561 "http://localhost:4200/login" - 94.374 ms
127.0.0.1 [28/Feb/2026:09:17:17 +0000] "GET /api/tournees/agent/mes-tournees HTTP/1.1" 200 599 "http://localhost:4200/agent/dashboard" - 11.968 ms
127.0.0.1 [28/Feb/2026:09:17:21 +0000] "GET /api/tournees/69a2b1cddaa7c8c780794a34 HTTP/1.1" 200 667 "http://localhost:4200/agent/tournee" - 13.519 ms
127.0.0.1 [28/Feb/2026:09:17:22 +0000] "GET /api/collectes/tournee/69a2b1cddaa7c8c780794a34 HTTP/1.1" 200 36 "http://localhost:4200/agent/tournee" - 4.432 ms
127.0.0.1 [28/Feb/2026:09:17:48 +0000] "GET /api/users HTTP/1.1" 304 - "http://192.168.100.59:4200/admin/users" - 13.968 ms
127.0.0.1 [28/Feb/2026:09:17:48 +0000] "GET /api/equipes HTTP/1.1" 304 - "http://192.168.100.59:4200/admin/users" - 15.303 ms
127.0.0.1 [28/Feb/2026:09:18:02 +0000] "PUT /api/users/69a16c375922759d661fc01e HTTP/1.1" 200 306 "http://192.168.100.59:4200/admin/users" - 106.280 ms
127.0.0.1 [28/Feb/2026:09:18:02 +0000] "GET /api/users HTTP/1.1" 200 1165 "http://192.168.100.59:4200/admin/users" - 8.514 ms
127.0.0.1 [28/Feb/2026:09:18:47 +0000] "POST /api/auth/login HTTP/1.1" 200 567 "http://192.168.100.59:4200/login?returnUrl=%2Fadmin%2Fusers" - 88.935 ms
127.0.0.1 [28/Feb/2026:09:19:17 +0000] "PUT /api/users/69a16c375922759d661fc01e HTTP/1.1" 200 306 "http://192.168.100.59:4200/admin/users" - 99.888 ms
127.0.0.1 [28/Feb/2026:09:19:17 +0000] "GET /api/users HTTP/1.1" 200 1165 "http://192.168.100.59:4200/admin/users" - 11.491 ms
127.0.0.1 [28/Feb/2026:09:19:17 +0000] "GET /api/equipes HTTP/1.1" 304 - "http://192.168.100.59:4200/admin/users" - 16.307 ms
127.0.0.1 [28/Feb/2026:09:20:15 +0000] "POST /api/auth/login HTTP/1.1" 200 567 "http://192.168.100.59:4200/login" - 94.493 ms
127.0.0.1 [28/Feb/2026:09:20:28 +0000] "DELETE /api/users/69a16c375922759d661fc01e HTTP/1.1" 200 63 "http://192.168.100.59:4200/admin/users" - 15.975 ms
127.0.0.1 [28/Feb/2026:09:20:28 +0000] "GET /api/users HTTP/1.1" 200 882 "http://192.168.100.59:4200/admin/users" - 12.348 ms
127.0.0.1 [28/Feb/2026:09:21:26 +0000] "POST /api/users HTTP/1.1" 201 306 "http://192.168.100.59:4200/admin/users" - 118.987 ms
127.0.0.1 [28/Feb/2026:09:21:26 +0000] "POST /api/equipes/69a16baa5922759d661fc009/membres HTTP/1.1" 200 440 "http://192.168.100.59:4200/admin/users" - 11.969 ms
127.0.0.1 [28/Feb/2026:09:21:27 +0000] "GET /api/users HTTP/1.1" 200 1165 "http://192.168.100.59:4200/admin/users" - 18.949 ms
127.0.0.1 [28/Feb/2026:09:21:27 +0000] "GET /api/equipes HTTP/1.1" 200 482 "http://192.168.100.59:4200/admin/users" - 16.354 ms
127.0.0.1 [28/Feb/2026:09:23:01 +0000] "GET /api/tournees/agent/mes-tournees HTTP/1.1" 200 599 "http://192.168.100.59:4200/agent/dashboard" - 12.910 ms
127.0.0.1 [28/Feb/2026:09:23:06 +0000] "GET /api/tournees/69a2b1cddaa7c8c780794a34 HTTP/1.1" 200 694 "http://192.168.100.59:4200/agent/tournee" - 18.571 ms
127.0.0.1 [28/Feb/2026:09:23:06 +0000] "GET /api/collectes/tournee/69a2b1cddaa7c8c780794a34 HTTP/1.1" 200 36 "http://192.168.100.59:4200/agent/tournee" - 5.084 ms
127.0.0.1 [28/Feb/2026:09:23:35 +0000] "GET /api/tournees/69a2b1cddaa7c8c780794a34 HTTP/1.1" 200 694 "http://localhost:4200/agent/tournee/69a2b1cddaa7c8c780794a34" - 14.563 ms
127.0.0.1 [28/Feb/2026:09:23:35 +0000] "GET /api/collectes/tournee/69a2b1cddaa7c8c780794a34 HTTP/1.1" 304 - "http://localhost:4200/agent/tournee/69a2b1cddaa7c8c780794a34" - 4.014 ms
127.0.0.1 [28/Feb/2026:09:23:38 +0000] "GET /api/tournees/69a2b1cddaa7c8c780794a34 HTTP/1.1" 304 - "http://localhost:4200/agent/tournee/69a2b1cddaa7c8c780794a34" - 80.179 ms
127.0.0.1 [28/Feb/2026:09:23:38 +0000] "GET /api/collectes/tournee/69a2b1cddaa7c8c780794a34 HTTP/1.1" 304 - "http://localhost:4200/agent/tournee/69a2b1cddaa7c8c780794a34" - 10.409 ms
127.0.0.1 [28/Feb/2026:09:23:48 +0000] "GET /api/tournees/agent/mes-tournees HTTP/1.1" 304 - "http://localhost:4200/agent/dashboard" - 10.210 ms
127.0.0.1 [28/Feb/2026:09:23:54 +0000] "PUT /api/tournees/69a2b1cddaa7c8c780794a34/demarrer HTTP/1.1" 200 621 "http://localhost:4200/agent/tournee" - 30.344 ms
127.0.0.1 [28/Feb/2026:09:24:04 +0000] "GET /api/tournees/agent/mes-tournees HTTP/1.1" 200 641 "http://localhost:4200/agent/dashboard" - 15.516 ms
127.0.0.1 [28/Feb/2026:09:24:05 +0000] "GET /api/tournees/69a2b1cddaa7c8c780794a34 HTTP/1.1" 200 736 "http://localhost:4200/agent/tournee" - 18.727 ms
127.0.0.1 [28/Feb/2026:09:24:12 +0000] "GET /api/tournees/69a2b1cddaa7c8c780794a34 HTTP/1.1" 200 736 "http://192.168.100.59:4200/agent/tournee/69a2b1cddaa7c8c780794a34" - 15.744 ms
127.0.0.1 [28/Feb/2026:09:24:12 +0000] "GET /api/collectes/tournee/69a2b1cddaa7c8c780794a34 HTTP/1.1" 304 - "http://192.168.100.59:4200/agent/tournee/69a2b1cddaa7c8c780794a34" - 4.885 ms
127.0.0.1 [28/Feb/2026:09:24:14 +0000] "GET /api/tournees/agent/mes-tournees HTTP/1.1" 200 641 "http://192.168.100.59:4200/agent/dashboard" - 16.614 ms
127.0.0.1 [28/Feb/2026:09:24:34 +0000] "PUT /api/tournees/69a2b1cddaa7c8c780794a34/terminer HTTP/1.1" 200 571 "http://localhost:4200/agent/tournee" - 12.971 ms
127.0.0.1 [28/Feb/2026:09:24:36 +0000] "GET /api/tournees/agent/mes-tournees HTTP/1.1" 200 684 "http://localhost:4200/agent/dashboard" - 21.701 ms
127.0.0.1 [28/Feb/2026:09:24:53 +0000] "GET /api/incidents/mes-incidents HTTP/1.1" 200 36 "http://localhost:4200/agent/incidents" - 5.143 ms
127.0.0.1 [28/Feb/2026:09:25:37 +0000] "POST /api/incidents HTTP/1.1" 201 362 "http://localhost:4200/agent/incidents" - 8.394 ms
127.0.0.1 [28/Feb/2026:09:25:37 +0000] "GET /api/incidents/mes-incidents HTTP/1.1" 200 437 "http://localhost:4200/agent/incidents" - 6.153 ms
127.0.0.1 [28/Feb/2026:09:25:51 +0000] "GET /api/tournees/agent/mes-tournees HTTP/1.1" 304 - "http://localhost:4200/agent/tournee" - 11.128 ms
127.0.0.1 [28/Feb/2026:09:26:10 +0000] "GET /api/users HTTP/1.1" 304 - "http://192.168.100.59:4200/admin/users" - 11.332 ms
127.0.0.1 [28/Feb/2026:09:26:10 +0000] "GET /api/equipes HTTP/1.1" 304 - "http://192.168.100.59:4200/admin/users" - 16.851 ms
127.0.0.1 [28/Feb/2026:09:26:12 +0000] "GET /api/stats/dashboard HTTP/1.1" 200 2021 "http://192.168.100.59:4200/admin/dashboard" - 27.861 ms
127.0.0.1 [28/Feb/2026:09:26:36 +0000] "GET /api/incidents HTTP/1.1" 200 486 "http://192.168.100.59:4200/admin/incidents" - 14.172 ms
127.0.0.1 [28/Feb/2026:09:26:56 +0000] "PUT /api/incidents/69a2b491daa7c8c780794aca HTTP/1.1" 200 475 "http://192.168.100.59:4200/admin/incidents" - 17.889 ms
127.0.0.1 [28/Feb/2026:09:26:56 +0000] "GET /api/incidents HTTP/1.1" 200 487 "http://192.168.100.59:4200/admin/incidents" - 14.505 ms
127.0.0.1 [28/Feb/2026:09:27:09 +0000] "GET /api/incidents/mes-incidents HTTP/1.1" 200 438 "http://localhost:4200/agent/incidents" - 16.600 ms
127.0.0.1 [28/Feb/2026:09:27:09 +0000] "GET /api/tournees/agent/mes-tournees HTTP/1.1" 304 - "http://localhost:4200/agent/incidents" - 22.750 ms
127.0.0.1 [28/Feb/2026:09:33:06 +0000] "GET /api/tournees HTTP/1.1" 200 3128 "http://192.168.100.59:4200/citoyen/planning" - 16.246 ms
127.0.0.1 [28/Feb/2026:09:33:06 +0000] "GET /api/zones HTTP/1.1" 304 - "http://192.168.100.59:4200/citoyen/planning" - 11.497 ms
127.0.0.1 [28/Feb/2026:09:36:36 +0000] "GET /api/zones HTTP/1.1" 304 - "http://192.168.100.59:4200/citoyen/planning" - 78.370 ms
127.0.0.1 [28/Feb/2026:09:36:36 +0000] "GET /api/tournees HTTP/1.1" 304 - "http://192.168.100.59:4200/citoyen/planning" - 118.995 ms
127.0.0.1 [28/Feb/2026:09:36:36 +0000] "GET /api/incidents HTTP/1.1" 304 - "http://192.168.100.59:4200/admin/incidents" - 18.431 ms
127.0.0.1 [28/Feb/2026:09:36:36 +0000] "GET /api/tournees/agent/mes-tournees HTTP/1.1" 200 684 "http://192.168.100.59:4200/agent/tournee" - 41.023 ms
127.0.0.1 [28/Feb/2026:09:36:36 +0000] "GET /api/incidents/mes-incidents HTTP/1.1" 304 - "http://localhost:4200/agent/incidents" - 14.846 ms
127.0.0.1 [28/Feb/2026:09:36:36 +0000] "GET /api/tournees/agent/mes-tournees HTTP/1.1" 304 - "http://localhost:4200/agent/incidents" - 25.392 ms
127.0.0.1 [28/Feb/2026:09:36:41 +0000] "GET /api/tournees HTTP/1.1" 304 - "http://192.168.100.59:4200/citoyen/planning" - 123.929 ms
127.0.0.1 [28/Feb/2026:09:36:41 +0000] "GET /api/zones HTTP/1.1" 304 - "http://192.168.100.59:4200/citoyen/planning" - 40.343 ms
127.0.0.1 [28/Feb/2026:09:36:41 +0000] "GET /api/tournees/agent/mes-tournees HTTP/1.1" 304 - "http://192.168.100.59:4200/agent/tournee" - 23.197 ms
127.0.0.1 [28/Feb/2026:09:36:41 +0000] "GET /api/incidents/mes-incidents HTTP/1.1" 304 - "http://localhost:4200/agent/incidents" - 27.838 ms
127.0.0.1 [28/Feb/2026:09:36:41 +0000] "GET /api/tournees/agent/mes-tournees HTTP/1.1" 304 - "http://localhost:4200/agent/incidents" - 30.198 ms
127.0.0.1 [28/Feb/2026:09:36:41 +0000] "GET /api/incidents HTTP/1.1" 304 - "http://192.168.100.59:4200/admin/incidents" - 22.448 ms
127.0.0.1 [28/Feb/2026:09:36:49 +0000] "GET /api/tournees/agent/mes-tournees HTTP/1.1" 304 - "http://192.168.100.59:4200/agent/tournee" - 36.212 ms
127.0.0.1 [28/Feb/2026:09:36:49 +0000] "GET /api/incidents/mes-incidents HTTP/1.1" 304 - "http://localhost:4200/agent/incidents" - 34.204 ms
127.0.0.1 [28/Feb/2026:09:36:49 +0000] "GET /api/tournees/agent/mes-tournees HTTP/1.1" 304 - "http://localhost:4200/agent/incidents" - 35.673 ms
127.0.0.1 [28/Feb/2026:09:36:49 +0000] "GET /api/incidents HTTP/1.1" 304 - "http://192.168.100.59:4200/admin/incidents" - 23.592 ms
127.0.0.1 [28/Feb/2026:09:36:50 +0000] "GET /api/zones HTTP/1.1" 304 - "http://192.168.100.59:4200/citoyen/planning" - 12.205 ms
127.0.0.1 [28/Feb/2026:09:36:50 +0000] "GET /api/tournees HTTP/1.1" 304 - "http://192.168.100.59:4200/citoyen/planning" - 21.271 ms
127.0.0.1 [28/Feb/2026:09:54:43 +0000] "GET /api/zones HTTP/1.1" 304 - "http://192.168.100.59:4200/citoyen/planning" - 22.313 ms
127.0.0.1 [28/Feb/2026:09:54:43 +0000] "GET /api/tournees HTTP/1.1" 200 2928 "http://192.168.100.59:4200/citoyen/planning" - 92.179 ms
127.0.0.1 [28/Feb/2026:10:18:08 +0000] "GET /api/zones HTTP/1.1" 304 - "http://192.168.100.59:4200/citoyen/planning" - 54.485 ms
127.0.0.1 [28/Feb/2026:10:18:08 +0000] "GET /api/tournees HTTP/1.1" 304 - "http://192.168.100.59:4200/citoyen/planning" - 116.509 ms
127.0.0.1 [28/Feb/2026:10:18:54 +0000] "GET /api/plaintes/mes-plaintes HTTP/1.1" 304 - "http://192.168.100.59:4200/citoyen/signalements" - 19.331 ms
127.0.0.1 [28/Feb/2026:10:32:49 +0000] "GET /api/zones HTTP/1.1" 304 - "http://192.168.100.59:4200/citoyen/nouveau" - 6.286 ms
127.0.0.1 [28/Feb/2026:10:58:41 +0000] "GET /api/incidents HTTP/1.1" 304 - "http://192.168.100.59:4200/admin/incidents" - 51.172 ms
127.0.0.1 [28/Feb/2026:10:58:56 +0000] "GET /api/plaintes HTTP/1.1" 304 - "http://192.168.100.59:4200/admin/plaintes" - 20.505 ms
127.0.0.1 [28/Feb/2026:10:59:10 +0000] "GET /api/users HTTP/1.1" 304 - "http://192.168.100.59:4200/admin/users" - 16.104 ms
127.0.0.1 [28/Feb/2026:10:59:10 +0000] "GET /api/equipes HTTP/1.1" 304 - "http://192.168.100.59:4200/admin/users" - 20.299 ms
127.0.0.1 [28/Feb/2026:11:00:36 +0000] "GET /api/plaintes HTTP/1.1" 304 - "http://192.168.100.59:4200/admin/plaintes" - 12.285 ms
127.0.0.1 [28/Feb/2026:11:00:45 +0000] "PUT /api/plaintes/69a01b56af6b4faa31017c68 HTTP/1.1" 200 385 "http://192.168.100.59:4200/admin/plaintes" - 37.153 ms
127.0.0.1 [28/Feb/2026:11:00:45 +0000] "GET /api/plaintes HTTP/1.1" 200 1255 "http://192.168.100.59:4200/admin/plaintes" - 10.240 ms
127.0.0.1 [28/Feb/2026:11:01:14 +0000] "POST /api/auth/login HTTP/1.1" 200 561 "http://192.168.100.59:4200/login" - 117.663 ms
127.0.0.1 [28/Feb/2026:11:01:15 +0000] "GET /api/tournees/agent/mes-tournees HTTP/1.1" 200 684 "http://192.168.100.59:4200/agent/dashboard" - 40.437 ms
127.0.0.1 [28/Feb/2026:11:01:17 +0000] "GET /api/incidents/mes-incidents HTTP/1.1" 200 438 "http://192.168.100.59:4200/agent/incidents" - 7.148 ms
127.0.0.1 [28/Feb/2026:11:01:51 +0000] "POST /api/incidents HTTP/1.1" 201 305 "http://192.168.100.59:4200/agent/incidents" - 48.630 ms
127.0.0.1 [28/Feb/2026:11:01:51 +0000] "GET /api/incidents/mes-incidents HTTP/1.1" 200 783 "http://192.168.100.59:4200/agent/incidents" - 10.988 ms
127.0.0.1 [28/Feb/2026:11:02:03 +0000] "GET /api/incidents HTTP/1.1" 200 881 "http://192.168.100.59:4200/admin/incidents" - 22.087 ms
127.0.0.1 [28/Feb/2026:11:02:06 +0000] "GET /api/incidents HTTP/1.1" 304 - "http://192.168.100.59:4200/admin/incidents" - 22.831 ms
127.0.0.1 [28/Feb/2026:11:02:32 +0000] "PUT /api/incidents/69a2cb1f5753ab9a4a7de20c HTTP/1.1" 200 418 "http://192.168.100.59:4200/admin/incidents" - 11.652 ms
127.0.0.1 [28/Feb/2026:11:02:32 +0000] "GET /api/incidents HTTP/1.1" 200 882 "http://192.168.100.59:4200/admin/incidents" - 16.282 ms
127.0.0.1 [28/Feb/2026:11:02:51 +0000] "GET /api/incidents/mes-incidents HTTP/1.1" 200 784 "http://192.168.100.59:4200/agent/incidents" - 9.386 ms
127.0.0.1 [28/Feb/2026:11:02:51 +0000] "GET /api/tournees/agent/mes-tournees HTTP/1.1" 304 - "http://192.168.100.59:4200/agent/incidents" - 24.384 ms
127.0.0.1 [28/Feb/2026:11:03:07 +0000] "GET /api/incidents/mes-incidents HTTP/1.1" 200 784 "http://localhost:4200/agent/incidents" - 24.584 ms
127.0.0.1 [28/Feb/2026:11:03:07 +0000] "GET /api/tournees/agent/mes-tournees HTTP/1.1" 304 - "http://localhost:4200/agent/incidents" - 35.750 ms
127.0.0.1 [28/Feb/2026:12:51:23 +0000] "POST /api/auth/register HTTP/1.1" 201 323 "http://192.168.56.1:4200/register" - 360.365 ms
127.0.0.1 [28/Feb/2026:12:51:32 +0000] "POST /api/auth/login HTTP/1.1" 200 496 "http://192.168.56.1:4200/login" - 251.151 ms
127.0.0.1 [28/Feb/2026:12:51:32 +0000] "GET /api/plaintes/mes-plaintes HTTP/1.1" 200 36 "http://192.168.56.1:4200/citoyen/signalements" - 70.320 ms
127.0.0.1 [28/Feb/2026:12:52:12 +0000] "GET /api/zones HTTP/1.1" 200 3570 "http://192.168.56.1:4200/citoyen/nouveau" - 27.897 ms
127.0.0.1 [28/Feb/2026:12:53:24 +0000] "POST /api/plaintes HTTP/1.1" 201 342 "http://192.168.56.1:4200/citoyen/nouveau" - 35.326 ms
127.0.0.1 [28/Feb/2026:12:53:26 +0000] "GET /api/plaintes/mes-plaintes HTTP/1.1" 200 381 "http://192.168.56.1:4200/citoyen/signalements" - 62.290 ms
127.0.0.1 [28/Feb/2026:12:54:15 +0000] "POST /api/auth/login HTTP/1.1" 200 529 "http://192.168.56.1:4200/login" - 128.774 ms
127.0.0.1 [28/Feb/2026:12:54:16 +0000] "GET /api/stats/dashboard HTTP/1.1" 200 2360 "http://192.168.56.1:4200/admin/dashboard" - 150.466 ms
127.0.0.1 [28/Feb/2026:12:54:31 +0000] "GET /api/incidents HTTP/1.1" 200 882 "http://192.168.56.1:4200/admin/incidents" - 36.185 ms
127.0.0.1 [28/Feb/2026:12:54:38 +0000] "GET /api/plaintes HTTP/1.1" 200 1621 "http://192.168.56.1:4200/admin/plaintes" - 19.414 ms
127.0.0.1 [28/Feb/2026:12:55:10 +0000] "GET /api/users HTTP/1.1" 200 1165 "http://192.168.56.1:4200/admin/users" - 28.001 ms
127.0.0.1 [28/Feb/2026:12:55:10 +0000] "GET /api/equipes HTTP/1.1" 200 482 "http://192.168.56.1:4200/admin/users" - 35.069 ms
127.0.0.1 [28/Feb/2026:12:55:38 +0000] "GET /api/vehicules HTTP/1.1" 200 277 "http://192.168.56.1:4200/admin/vehicules" - 15.771 ms
127.0.0.1 [28/Feb/2026:12:56:58 +0000] "POST /api/vehicules HTTP/1.1" 201 265 "http://192.168.56.1:4200/admin/vehicules" - 60.289 ms
127.0.0.1 [28/Feb/2026:12:56:58 +0000] "GET /api/vehicules HTTP/1.1" 200 519 "http://192.168.56.1:4200/admin/vehicules" - 20.656 ms
127.0.0.1 [28/Feb/2026:12:57:07 +0000] "GET /api/equipes HTTP/1.1" 304 - "http://192.168.56.1:4200/admin/equipes" - 57.576 ms
127.0.0.1 [28/Feb/2026:12:57:07 +0000] "GET /api/users HTTP/1.1" 304 - "http://192.168.56.1:4200/admin/equipes" - 24.646 ms
127.0.0.1 [28/Feb/2026:12:57:13 +0000] "GET /api/equipes/69a16baa5922759d661fc009 HTTP/1.1" 200 514 "http://192.168.56.1:4200/admin/equipes" - 41.069 ms
127.0.0.1 [28/Feb/2026:12:57:42 +0000] "DELETE /api/equipes/69a16baa5922759d661fc009/membres/69a2b22cdaa7c8c780794a4a HTTP/1.1" 200 349 "http://192.168.56.1:4200/admin/equipes" - 95.624 ms
127.0.0.1 [28/Feb/2026:12:57:42 +0000] "GET /api/equipes HTTP/1.1" 200 406 "http://192.168.56.1:4200/admin/equipes" - 26.222 ms
127.0.0.1 [28/Feb/2026:12:57:45 +0000] "DELETE /api/equipes/69a16baa5922759d661fc009/membres/69a2b396daa7c8c780794a7f HTTP/1.1" 200 253 "http://192.168.56.1:4200/admin/equipes" - 19.164 ms
127.0.0.1 [28/Feb/2026:12:57:45 +0000] "GET /api/equipes HTTP/1.1" 200 325 "http://192.168.56.1:4200/admin/equipes" - 18.601 ms
127.0.0.1 [28/Feb/2026:12:58:24 +0000] "POST /api/equipes HTTP/1.1" 409 598 "http://192.168.56.1:4200/admin/equipes" - 12.344 ms
127.0.0.1 [28/Feb/2026:12:58:32 +0000] "POST /api/equipes HTTP/1.1" 201 253 "http://192.168.56.1:4200/admin/equipes" - 19.045 ms
127.0.0.1 [28/Feb/2026:12:58:32 +0000] "GET /api/equipes HTTP/1.1" 200 615 "http://192.168.56.1:4200/admin/equipes" - 22.266 ms
127.0.0.1 [28/Feb/2026:12:58:45 +0000] "GET /api/users HTTP/1.1" 304 - "http://192.168.56.1:4200/admin/users" - 17.643 ms
127.0.0.1 [28/Feb/2026:12:59:09 +0000] "GET /api/vehicules HTTP/1.1" 304 - "http://192.168.56.1:4200/admin/equipes" - 15.040 ms
127.0.0.1 [28/Feb/2026:12:59:11 +0000] "GET /api/equipes/69a2e67855c78d4e6784655d HTTP/1.1" 200 327 "http://192.168.56.1:4200/admin/equipes" - 20.195 ms
127.0.0.1 [28/Feb/2026:12:59:18 +0000] "POST /api/equipes/69a2e67855c78d4e6784655d/membres HTTP/1.1" 200 343 "http://192.168.56.1:4200/admin/equipes" - 50.144 ms
127.0.0.1 [28/Feb/2026:12:59:18 +0000] "GET /api/equipes HTTP/1.1" 200 690 "http://192.168.56.1:4200/admin/equipes" - 20.359 ms
127.0.0.1 [28/Feb/2026:12:59:21 +0000] "POST /api/equipes/69a2e67855c78d4e6784655d/membres HTTP/1.1" 200 440 "http://192.168.56.1:4200/admin/equipes" - 23.962 ms
127.0.0.1 [28/Feb/2026:12:59:21 +0000] "GET /api/equipes HTTP/1.1" 200 772 "http://192.168.56.1:4200/admin/equipes" - 20.658 ms
127.0.0.1 [28/Feb/2026:12:59:32 +0000] "GET /api/zones HTTP/1.1" 200 530 "http://192.168.56.1:4200/admin/tournees" - 25.712 ms
127.0.0.1 [28/Feb/2026:12:59:32 +0000] "GET /api/quartiers HTTP/1.1" 200 36 "http://192.168.56.1:4200/admin/tournees" - 24.754 ms
127.0.0.1 [28/Feb/2026:12:59:32 +0000] "GET /api/tournees HTTP/1.1" 200 644 "http://192.168.56.1:4200/admin/tournees" - 53.977 ms
127.0.0.1 [28/Feb/2026:13:00:19 +0000] "POST /api/tournees HTTP/1.1" 201 443 "http://192.168.56.1:4200/admin/tournees" - 29.251 ms
127.0.0.1 [28/Feb/2026:13:00:20 +0000] "GET /api/tournees HTTP/1.1" 200 1154 "http://192.168.56.1:4200/admin/tournees" - 32.523 ms
127.0.0.1 [28/Feb/2026:13:01:17 +0000] "POST /api/auth/login HTTP/1.1" 200 567 "http://192.168.56.1:4200/login" - 241.843 ms
127.0.0.1 [28/Feb/2026:13:01:18 +0000] "GET /api/tournees/agent/mes-tournees HTTP/1.1" 200 585 "http://192.168.56.1:4200/agent/dashboard" - 92.630 ms
127.0.0.1 [28/Feb/2026:13:01:22 +0000] "GET /api/tournees/69a2e6e355c78d4e67846578 HTTP/1.1" 200 653 "http://192.168.56.1:4200/agent/tournee" - 39.973 ms
127.0.0.1 [28/Feb/2026:13:01:22 +0000] "GET /api/collectes/tournee/69a2e6e355c78d4e67846578 HTTP/1.1" 200 36 "http://192.168.56.1:4200/agent/tournee" - 11.288 ms
127.0.0.1 [28/Feb/2026:13:01:53 +0000] "POST /api/auth/login HTTP/1.1" 200 561 "http://192.168.56.1:4200/login" - 131.893 ms
127.0.0.1 [28/Feb/2026:13:01:53 +0000] "GET /api/tournees/agent/mes-tournees HTTP/1.1" 304 - "http://192.168.56.1:4200/agent/dashboard" - 54.743 ms
127.0.0.1 [28/Feb/2026:13:01:56 +0000] "GET /api/tournees/69a2e6e355c78d4e67846578 HTTP/1.1" 304 - "http://192.168.56.1:4200/agent/tournee" - 34.863 ms
127.0.0.1 [28/Feb/2026:13:01:56 +0000] "GET /api/collectes/tournee/69a2e6e355c78d4e67846578 HTTP/1.1" 304 - "http://192.168.56.1:4200/agent/tournee" - 7.385 ms
127.0.0.1 [28/Feb/2026:13:02:23 +0000] "PUT /api/tournees/69a2e6e355c78d4e67846578/demarrer HTTP/1.1" 200 607 "http://192.168.56.1:4200/agent/tournee/69a2e6e355c78d4e67846578" - 44.832 ms
127.0.0.1 [28/Feb/2026:13:02:26 +0000] "GET /api/tournees/agent/mes-tournees HTTP/1.1" 200 627 "http://192.168.56.1:4200/agent/dashboard" - 35.169 ms
127.0.0.1 [28/Feb/2026:13:02:27 +0000] "GET /api/tournees/69a2e6e355c78d4e67846578 HTTP/1.1" 200 695 "http://192.168.56.1:4200/agent/tournee" - 36.625 ms
127.0.0.1 [28/Feb/2026:13:02:46 +0000] "PUT /api/tournees/69a2e6e355c78d4e67846578/terminer HTTP/1.1" 200 559 "http://192.168.56.1:4200/agent/tournee" - 27.929 ms
127.0.0.1 [28/Feb/2026:13:02:48 +0000] "GET /api/tournees/agent/mes-tournees HTTP/1.1" 200 670 "http://192.168.56.1:4200/agent/dashboard" - 36.932 ms
127.0.0.1 [28/Feb/2026:13:03:18 +0000] "GET /api/zones HTTP/1.1" 304 - "http://192.168.56.1:4200/admin/tournees" - 79.913 ms
127.0.0.1 [28/Feb/2026:13:03:18 +0000] "GET /api/tournees HTTP/1.1" 200 1239 "http://192.168.56.1:4200/admin/tournees" - 103.742 ms
127.0.0.1 [28/Feb/2026:13:03:18 +0000] "GET /api/vehicules HTTP/1.1" 304 - "http://192.168.56.1:4200/admin/tournees" - 119.294 ms
127.0.0.1 [28/Feb/2026:13:03:18 +0000] "GET /api/quartiers HTTP/1.1" 304 - "http://192.168.56.1:4200/admin/tournees" - 89.894 ms
127.0.0.1 [28/Feb/2026:13:03:18 +0000] "GET /api/equipes HTTP/1.1" 304 - "http://192.168.56.1:4200/admin/tournees" - 203.545 ms
127.0.0.1 [28/Feb/2026:13:03:20 +0000] "GET /api/users HTTP/1.1" 304 - "http://192.168.56.1:4200/admin/equipes" - 30.345 ms
127.0.0.1 [28/Feb/2026:13:03:53 +0000] "GET /api/incidents HTTP/1.1" 304 - "http://192.168.56.1:4200/admin/incidents" - 35.249 ms
127.0.0.1 [28/Feb/2026:13:03:55 +0000] "GET /api/plaintes HTTP/1.1" 304 - "http://192.168.56.1:4200/admin/plaintes" - 20.066 ms
127.0.0.1 [28/Feb/2026:13:04:24 +0000] "PUT /api/plaintes/69a2e54455c78d4e6784652d HTTP/1.1" 200 438 "http://192.168.56.1:4200/admin/plaintes" - 39.240 ms
127.0.0.1 [28/Feb/2026:13:04:24 +0000] "GET /api/plaintes HTTP/1.1" 200 1670 "http://192.168.56.1:4200/admin/plaintes" - 23.531 ms
127.0.0.1 [28/Feb/2026:13:04:37 +0000] "GET /api/plaintes/mes-plaintes HTTP/1.1" 200 430 "http://192.168.56.1:4200/citoyen/signalements" - 29.299 ms
127.0.0.1 [28/Feb/2026:13:04:41 +0000] "GET /api/zones HTTP/1.1" 304 - "http://192.168.56.1:4200/citoyen/nouveau" - 11.417 ms
127.0.0.1 [28/Feb/2026:13:15:06 +0000] "GET /api/stats/dashboard HTTP/1.1" 200 2966 "http://192.168.56.1:4200/admin/dashboard" - 74.610 ms
127.0.0.1 [28/Feb/2026:13:18:09 +0000] "POST /api/auth/login HTTP/1.1" 400 37 "http://192.168.56.1:4200/login" - 8.221 ms
127.0.0.1 [28/Feb/2026:13:20:45 +0000] "POST /api/auth/register HTTP/1.1" 201 327 "http://192.168.56.1:4200/register" - 185.795 ms
127.0.0.1 [28/Feb/2026:13:20:55 +0000] "POST /api/auth/login HTTP/1.1" 200 500 "http://192.168.56.1:4200/login" - 158.650 ms
127.0.0.1 [28/Feb/2026:13:20:55 +0000] "GET /api/plaintes/mes-plaintes HTTP/1.1" 200 36 "http://192.168.56.1:4200/citoyen/signalements" - 10.465 ms
127.0.0.1 [28/Feb/2026:13:21:31 +0000] "GET /api/zones HTTP/1.1" 304 - "http://192.168.56.1:4200/citoyen/planning" - 20.264 ms
127.0.0.1 [28/Feb/2026:13:21:31 +0000] "GET /api/tournees HTTP/1.1" 200 3523 "http://192.168.56.1:4200/citoyen/planning" - 48.547 ms
127.0.0.1 [28/Feb/2026:13:22:26 +0000] "POST /api/plaintes HTTP/1.1" 201 349 "http://192.168.56.1:4200/citoyen/nouveau" - 33.513 ms
127.0.0.1 [28/Feb/2026:13:22:29 +0000] "GET /api/plaintes/mes-plaintes HTTP/1.1" 200 393 "http://192.168.56.1:4200/citoyen/signalements" - 30.712 ms
127.0.0.1 [28/Feb/2026:13:22:40 +0000] "GET /api/plaintes HTTP/1.1" 200 2047 "http://192.168.56.1:4200/admin/plaintes" - 23.700 ms
127.0.0.1 [28/Feb/2026:13:23:22 +0000] "POST /api/auth/login HTTP/1.1" 400 36 "http://192.168.56.1:4200/login" - 192.592 ms
127.0.0.1 [28/Feb/2026:13:23:55 +0000] "POST /api/auth/login HTTP/1.1" 200 561 "http://192.168.56.1:4200/login" - 151.017 ms
127.0.0.1 [28/Feb/2026:13:23:55 +0000] "GET /api/stats/dashboard HTTP/1.1" 200 4319 "http://192.168.56.1:4200/admin/dashboard" - 69.961 ms
127.0.0.1 [28/Feb/2026:13:24:00 +0000] "GET /api/plaintes HTTP/1.1" 304 - "http://192.168.56.1:4200/admin/plaintes" - 16.361 ms
127.0.0.1 [28/Feb/2026:13:24:13 +0000] "GET /api/users HTTP/1.1" 200 1142 "http://192.168.56.1:4200/admin/users" - 21.772 ms
127.0.0.1 [28/Feb/2026:13:24:13 +0000] "GET /api/equipes HTTP/1.1" 200 1407 "http://192.168.56.1:4200/admin/users" - 42.988 ms
127.0.0.1 [28/Feb/2026:13:27:43 +0000] "POST /api/users HTTP/1.1" 201 305 "http://192.168.56.1:4200/admin/users" - 147.665 ms
127.0.0.1 [28/Feb/2026:13:27:43 +0000] "GET /api/users HTTP/1.1" 200 1424 "http://192.168.56.1:4200/admin/users" - 20.100 ms
127.0.0.1 [28/Feb/2026:13:27:43 +0000] "GET /api/equipes HTTP/1.1" 304 - "http://192.168.56.1:4200/admin/users" - 31.110 ms
127.0.0.1 [28/Feb/2026:13:28:23 +0000] "DELETE /api/users/69a2ed4f55c78d4e678465f6 HTTP/1.1" 200 63 "http://192.168.56.1:4200/admin/users" - 51.673 ms
127.0.0.1 [28/Feb/2026:13:28:23 +0000] "GET /api/users HTTP/1.1" 200 1142 "http://192.168.56.1:4200/admin/users" - 9.487 ms
127.0.0.1 [28/Feb/2026:13:28:55 +0000] "POST /api/auth/login HTTP/1.1" 200 562 "http://192.168.56.1:4200/login" - 171.670 ms
127.0.0.1 [28/Feb/2026:13:28:55 +0000] "GET /api/stats/dashboard HTTP/1.1" 200 2189 "http://192.168.56.1:4200/admin/dashboard" - 148.517 ms
127.0.0.1 [28/Feb/2026:13:28:59 +0000] "GET /api/plaintes HTTP/1.1" 304 - "http://192.168.56.1:4200/admin/plaintes" - 18.906 ms
127.0.0.1 [28/Feb/2026:13:29:01 +0000] "GET /api/incidents HTTP/1.1" 200 36 "http://192.168.56.1:4200/admin/incidents" - 19.598 ms
127.0.0.1 [28/Feb/2026:13:29:02 +0000] "GET /api/tournees HTTP/1.1" 200 36 "http://192.168.56.1:4200/admin/tournees" - 38.461 ms
127.0.0.1 [28/Feb/2026:13:29:02 +0000] "GET /api/zones HTTP/1.1" 200 800 "http://192.168.56.1:4200/admin/tournees" - 50.125 ms
127.0.0.1 [28/Feb/2026:13:29:02 +0000] "GET /api/equipes HTTP/1.1" 200 36 "http://192.168.56.1:4200/admin/tournees" - 43.344 ms
127.0.0.1 [28/Feb/2026:13:29:02 +0000] "GET /api/vehicules HTTP/1.1" 200 36 "http://192.168.56.1:4200/admin/tournees" - 45.910 ms
127.0.0.1 [28/Feb/2026:13:29:02 +0000] "GET /api/quartiers HTTP/1.1" 304 - "http://192.168.56.1:4200/admin/tournees" - 45.303 ms
127.0.0.1 [28/Feb/2026:13:29:08 +0000] "GET /api/users HTTP/1.1" 200 36 "http://192.168.56.1:4200/admin/users" - 11.907 ms
127.0.0.1 [28/Feb/2026:13:29:27 +0000] "GET /api/zones HTTP/1.1" 304 - "http://192.168.56.1:4200/citoyen/nouveau" - 12.281 ms
127.0.0.1 [28/Feb/2026:13:29:41 +0000] "POST /api/plaintes HTTP/1.1" 201 341 "http://192.168.56.1:4200/citoyen/nouveau" - 22.119 ms
127.0.0.1 [28/Feb/2026:13:29:44 +0000] "GET /api/plaintes/mes-plaintes HTTP/1.1" 200 743 "http://192.168.56.1:4200/citoyen/signalements" - 18.315 ms
127.0.0.1 [28/Feb/2026:13:30:06 +0000] "POST /api/auth/login HTTP/1.1" 200 529 "http://192.168.56.1:4200/login" - 144.048 ms
127.0.0.1 [28/Feb/2026:13:30:06 +0000] "GET /api/stats/dashboard HTTP/1.1" 200 3323 "http://192.168.56.1:4200/admin/dashboard" - 41.194 ms
127.0.0.1 [28/Feb/2026:13:30:13 +0000] "POST /api/auth/login HTTP/1.1" 200 562 "http://192.168.56.1:4200/login" - 132.662 ms
127.0.0.1 [28/Feb/2026:13:30:13 +0000] "GET /api/stats/dashboard HTTP/1.1" 200 2196 "http://192.168.56.1:4200/admin/dashboard" - 29.758 ms
127.0.0.1 [28/Feb/2026:13:30:15 +0000] "GET /api/plaintes HTTP/1.1" 200 2416 "http://192.168.56.1:4200/admin/plaintes" - 15.466 ms
127.0.0.1 [28/Feb/2026:13:30:33 +0000] "PUT /api/plaintes/69a2edc555c78d4e67846612 HTTP/1.1" 200 390 "http://192.168.56.1:4200/admin/plaintes" - 22.213 ms
127.0.0.1 [28/Feb/2026:13:30:33 +0000] "GET /api/plaintes HTTP/1.1" 200 2414 "http://192.168.56.1:4200/admin/plaintes" - 21.510 ms
127.0.0.1 [28/Feb/2026:16:48:29 +0000] "GET /api/plaintes/mes-plaintes HTTP/1.1" 200 741 "http://192.168.56.1:4200/citoyen/signalements" - 138.259 ms
127.0.0.1 [28/Feb/2026:16:48:30 +0000] "GET /api/stats/dashboard HTTP/1.1" 200 2194 "http://192.168.56.1:4200/admin/dashboard" - 192.564 ms
127.0.0.1 [28/Feb/2026:17:10:20 +0000] "POST /api/auth/login HTTP/1.1" 200 529 "http://192.168.56.1:4200/login" - 136.312 ms
127.0.0.1 [28/Feb/2026:17:10:20 +0000] "GET /api/stats/dashboard HTTP/1.1" 200 3321 "http://192.168.56.1:4200/admin/dashboard" - 122.416 ms
127.0.0.1 [28/Feb/2026:17:11:11 +0000] "GET /api/plaintes HTTP/1.1" 304 - "http://192.168.56.1:4200/admin/statistiques" - 89.420 ms
127.0.0.1 [28/Feb/2026:17:11:11 +0000] "GET /api/tournees HTTP/1.1" 200 1239 "http://192.168.56.1:4200/admin/statistiques" - 96.805 ms
127.0.0.1 [28/Feb/2026:17:11:12 +0000] "GET /api/incidents HTTP/1.1" 200 882 "http://192.168.56.1:4200/admin/statistiques" - 100.089 ms
127.0.0.1 [28/Feb/2026:17:30:12 +0000] "POST /api/auth/login HTTP/1.1" 400 37 "http://192.168.56.1:4200/login" - 9.242 ms
127.0.0.1 [28/Feb/2026:17:31:20 +0000] "POST /api/auth/register HTTP/1.1" 201 325 "http://192.168.56.1:4200/register" - 285.132 ms
127.0.0.1 [28/Feb/2026:17:31:29 +0000] "POST /api/auth/login HTTP/1.1" 200 498 "http://192.168.56.1:4200/login" - 145.481 ms
127.0.0.1 [28/Feb/2026:17:31:29 +0000] "GET /api/plaintes/mes-plaintes HTTP/1.1" 200 36 "http://192.168.56.1:4200/citoyen/signalements" - 8.445 ms
127.0.0.1 [28/Feb/2026:17:31:40 +0000] "GET /api/zones HTTP/1.1" 304 - "http://192.168.56.1:4200/citoyen/nouveau" - 19.221 ms
127.0.0.1 [28/Feb/2026:17:32:31 +0000] "POST /api/plaintes HTTP/1.1" 201 351 "http://192.168.56.1:4200/citoyen/nouveau" - 37.676 ms
127.0.0.1 [28/Feb/2026:17:32:34 +0000] "GET /api/plaintes/mes-plaintes HTTP/1.1" 200 390 "http://192.168.56.1:4200/citoyen/signalements" - 22.666 ms
127.0.0.1 [28/Feb/2026:17:33:03 +0000] "POST /api/auth/login HTTP/1.1" 200 529 "http://192.168.56.1:4200/login" - 137.204 ms
127.0.0.1 [28/Feb/2026:17:33:03 +0000] "GET /api/stats/dashboard HTTP/1.1" 200 3279 "http://192.168.56.1:4200/admin/dashboard" - 59.489 ms
127.0.0.1 [28/Feb/2026:17:33:21 +0000] "GET /api/plaintes HTTP/1.1" 200 2791 "http://192.168.56.1:4200/admin/plaintes" - 22.442 ms
127.0.0.1 [28/Feb/2026:17:34:01 +0000] "GET /api/vehicules HTTP/1.1" 200 519 "http://192.168.56.1:4200/admin/vehicules" - 21.439 ms
127.0.0.1 [28/Feb/2026:17:34:31 +0000] "POST /api/vehicules HTTP/1.1" 201 265 "http://192.168.56.1:4200/admin/vehicules" - 28.259 ms
127.0.0.1 [28/Feb/2026:17:34:31 +0000] "GET /api/vehicules HTTP/1.1" 200 761 "http://192.168.56.1:4200/admin/vehicules" - 14.104 ms
127.0.0.1 [28/Feb/2026:17:34:43 +0000] "GET /api/users HTTP/1.1" 200 1165 "http://192.168.56.1:4200/admin/equipes" - 30.212 ms
127.0.0.1 [28/Feb/2026:17:34:43 +0000] "GET /api/equipes HTTP/1.1" 200 772 "http://192.168.56.1:4200/admin/equipes" - 34.998 ms
127.0.0.1 [28/Feb/2026:17:35:09 +0000] "GET /api/equipes/69a2e67855c78d4e6784655d HTTP/1.1" 200 514 "http://192.168.56.1:4200/admin/equipes" - 29.056 ms
127.0.0.1 [28/Feb/2026:17:35:46 +0000] "GET /api/equipes HTTP/1.1" 304 - "http://192.168.56.1:4200/admin/equipes" - 66.885 ms
127.0.0.1 [28/Feb/2026:17:35:46 +0000] "GET /api/users HTTP/1.1" 304 - "http://192.168.56.1:4200/admin/equipes" - 17.672 ms
127.0.0.1 [28/Feb/2026:17:35:46 +0000] "GET /api/vehicules HTTP/1.1" 304 - "http://192.168.56.1:4200/admin/equipes" - 20.318 ms
127.0.0.1 [28/Feb/2026:17:36:02 +0000] "DELETE /api/equipes/69a2e67855c78d4e6784655d/membres/69a2b22cdaa7c8c780794a4a HTTP/1.1" 200 349 "http://192.168.56.1:4200/admin/equipes" - 48.483 ms
127.0.0.1 [28/Feb/2026:17:36:02 +0000] "GET /api/equipes HTTP/1.1" 200 696 "http://192.168.56.1:4200/admin/equipes" - 28.215 ms
127.0.0.1 [28/Feb/2026:17:36:05 +0000] "DELETE /api/equipes/69a2e67855c78d4e6784655d/membres/69a2b396daa7c8c780794a7f HTTP/1.1" 200 253 "http://192.168.56.1:4200/admin/equipes" - 15.346 ms
127.0.0.1 [28/Feb/2026:17:36:05 +0000] "GET /api/equipes HTTP/1.1" 200 615 "http://192.168.56.1:4200/admin/equipes" - 22.452 ms
127.0.0.1 [28/Feb/2026:17:36:32 +0000] "POST /api/equipes HTTP/1.1" 409 598 "http://192.168.56.1:4200/admin/equipes" - 15.337 ms
127.0.0.1 [28/Feb/2026:17:36:44 +0000] "POST /api/equipes HTTP/1.1" 201 253 "http://192.168.56.1:4200/admin/equipes" - 19.315 ms
127.0.0.1 [28/Feb/2026:17:36:44 +0000] "GET /api/equipes HTTP/1.1" 200 905 "http://192.168.56.1:4200/admin/equipes" - 25.601 ms
127.0.0.1 [28/Feb/2026:17:36:56 +0000] "GET /api/equipes/69a327ac5950f2ba2c98ed59 HTTP/1.1" 200 327 "http://192.168.56.1:4200/admin/equipes" - 19.974 ms
127.0.0.1 [28/Feb/2026:17:37:02 +0000] "POST /api/equipes/69a327ac5950f2ba2c98ed59/membres HTTP/1.1" 200 343 "http://192.168.56.1:4200/admin/equipes" - 32.255 ms
127.0.0.1 [28/Feb/2026:17:37:02 +0000] "GET /api/equipes HTTP/1.1" 200 980 "http://192.168.56.1:4200/admin/equipes" - 28.599 ms
127.0.0.1 [28/Feb/2026:17:37:07 +0000] "POST /api/equipes/69a327ac5950f2ba2c98ed59/membres HTTP/1.1" 200 440 "http://192.168.56.1:4200/admin/equipes" - 32.139 ms
127.0.0.1 [28/Feb/2026:17:37:07 +0000] "GET /api/equipes HTTP/1.1" 200 1062 "http://192.168.56.1:4200/admin/equipes" - 24.588 ms
127.0.0.1 [28/Feb/2026:17:37:31 +0000] "GET /api/zones HTTP/1.1" 200 530 "http://192.168.56.1:4200/admin/tournees" - 48.271 ms
127.0.0.1 [28/Feb/2026:17:37:31 +0000] "GET /api/vehicules HTTP/1.1" 304 - "http://192.168.56.1:4200/admin/tournees" - 44.660 ms
127.0.0.1 [28/Feb/2026:17:37:31 +0000] "GET /api/quartiers HTTP/1.1" 304 - "http://192.168.56.1:4200/admin/tournees" - 45.600 ms
127.0.0.1 [28/Feb/2026:17:37:31 +0000] "GET /api/tournees HTTP/1.1" 304 - "http://192.168.56.1:4200/admin/tournees" - 102.968 ms
127.0.0.1 [28/Feb/2026:17:38:31 +0000] "POST /api/tournees HTTP/1.1" 201 470 "http://192.168.56.1:4200/admin/tournees" - 23.665 ms
127.0.0.1 [28/Feb/2026:17:38:32 +0000] "GET /api/tournees HTTP/1.1" 200 1778 "http://192.168.56.1:4200/admin/tournees" - 33.401 ms
127.0.0.1 [28/Feb/2026:17:40:09 +0000] "GET /api/tournees/agent/mes-tournees HTTP/1.1" 200 614 "http://192.168.56.1:4200/agent/dashboard" - 25.921 ms
127.0.0.1 [28/Feb/2026:17:40:23 +0000] "GET /api/tournees/69a328175950f2ba2c98ed73 HTTP/1.1" 200 682 "http://192.168.56.1:4200/agent/tournee" - 53.048 ms
127.0.0.1 [28/Feb/2026:17:40:23 +0000] "GET /api/collectes/tournee/69a328175950f2ba2c98ed73 HTTP/1.1" 200 36 "http://192.168.56.1:4200/agent/tournee" - 12.835 ms
127.0.0.1 [28/Feb/2026:17:40:51 +0000] "PUT /api/tournees/69a328175950f2ba2c98ed73/demarrer HTTP/1.1" 200 636 "http://192.168.56.1:4200/agent/tournee/69a328175950f2ba2c98ed73" - 53.616 ms
127.0.0.1 [28/Feb/2026:17:40:58 +0000] "GET /api/tournees/agent/mes-tournees HTTP/1.1" 200 656 "http://192.168.56.1:4200/agent/dashboard" - 51.337 ms
127.0.0.1 [28/Feb/2026:17:40:59 +0000] "GET /api/tournees/69a328175950f2ba2c98ed73 HTTP/1.1" 200 724 "http://192.168.56.1:4200/agent/tournee" - 41.820 ms
127.0.0.1 [28/Feb/2026:17:41:25 +0000] "PUT /api/tournees/69a328175950f2ba2c98ed73/terminer HTTP/1.1" 200 586 "http://192.168.56.1:4200/agent/tournee" - 28.152 ms
127.0.0.1 [28/Feb/2026:17:41:27 +0000] "GET /api/tournees/agent/mes-tournees HTTP/1.1" 200 699 "http://192.168.56.1:4200/agent/dashboard" - 52.526 ms
127.0.0.1 [28/Feb/2026:17:42:34 +0000] "GET /api/stats/dashboard HTTP/1.1" 200 3865 "http://192.168.56.1:4200/admin/dashboard" - 67.788 ms
127.0.0.1 [28/Feb/2026:17:42:35 +0000] "GET /api/vehicules HTTP/1.1" 304 - "http://192.168.56.1:4200/admin/vehicules" - 10.980 ms
127.0.0.1 [28/Feb/2026:17:42:37 +0000] "GET /api/users HTTP/1.1" 304 - "http://192.168.56.1:4200/admin/users" - 22.513 ms
127.0.0.1 [28/Feb/2026:17:42:37 +0000] "GET /api/equipes HTTP/1.1" 304 - "http://192.168.56.1:4200/admin/users" - 32.416 ms
127.0.0.1 [28/Feb/2026:17:42:49 +0000] "GET /api/plaintes HTTP/1.1" 304 - "http://192.168.56.1:4200/admin/plaintes" - 20.866 ms
127.0.0.1 [28/Feb/2026:17:42:51 +0000] "GET /api/tournees HTTP/1.1" 200 1863 "http://192.168.56.1:4200/admin/tournees" - 32.465 ms
127.0.0.1 [28/Feb/2026:17:42:51 +0000] "GET /api/zones HTTP/1.1" 304 - "http://192.168.56.1:4200/admin/tournees" - 23.327 ms
127.0.0.1 [28/Feb/2026:17:42:51 +0000] "GET /api/quartiers HTTP/1.1" 304 - "http://192.168.56.1:4200/admin/tournees" - 21.133 ms
127.0.0.1 [28/Feb/2026:17:43:30 +0000] "PUT /api/plaintes/69a2e54455c78d4e6784652d HTTP/1.1" 200 439 "http://192.168.56.1:4200/admin/plaintes" - 35.440 ms
127.0.0.1 [28/Feb/2026:17:43:30 +0000] "GET /api/plaintes HTTP/1.1" 200 2792 "http://192.168.56.1:4200/admin/plaintes" - 39.262 ms
127.0.0.1 [28/Feb/2026:17:47:45 +0000] "GET /api/zones HTTP/1.1" 304 - "http://192.168.56.1:4200/citoyen/nouveau" - 16.923 ms
127.0.0.1 [28/Feb/2026:17:56:43 +0000] "GET /api/zones HTTP/1.1" 304 - "http://192.168.56.1:4200/admin/zones" - 13.479 ms
127.0.0.1 [28/Feb/2026:17:56:43 +0000] "GET /api/zones/arrondissements HTTP/1.1" 200 346 "http://192.168.56.1:4200/admin/zones" - 29.789 ms
127.0.0.1 [28/Feb/2026:17:56:44 +0000] "GET /api/vehicules HTTP/1.1" 304 - "http://192.168.56.1:4200/admin/vehicules" - 8.247 ms
127.0.0.1 [13/Mar/2026:10:27:47 +0000] "GET /api/tournees/agent/mes-tournees HTTP/1.1" 400 28 "http://localhost:4200/agent/dashboard" - 16.854 ms
127.0.0.1 [13/Mar/2026:10:28:39 +0000] "GET /api/tournees/agent/mes-tournees HTTP/1.1" 400 28 "http://localhost:4200/agent/tournee" - 3.439 ms
127.0.0.1 [13/Mar/2026:10:28:40 +0000] "GET /api/tournees/agent/mes-tournees HTTP/1.1" 400 28 "http://localhost:4200/agent/dashboard" - 1.882 ms
127.0.0.1 [13/Mar/2026:10:28:42 +0000] "GET /api/tournees/agent/mes-tournees HTTP/1.1" 400 28 "http://localhost:4200/agent/tournee" - 2.136 ms
127.0.0.1 [13/Mar/2026:10:28:42 +0000] "GET /api/incidents/mes-incidents HTTP/1.1" 400 28 "http://localhost:4200/agent/incidents" - 1.670 ms
127.0.0.1 [13/Mar/2026:10:28:42 +0000] "GET /api/tournees/agent/mes-tournees HTTP/1.1" 400 28 "http://localhost:4200/agent/incidents" - 2.859 ms
127.0.0.1 [13/Mar/2026:10:28:43 +0000] "GET /api/tournees/agent/mes-tournees HTTP/1.1" 400 28 "http://localhost:4200/agent/tournee" - 2.255 ms
127.0.0.1 [13/Mar/2026:10:28:44 +0000] "GET /api/tournees/agent/mes-tournees HTTP/1.1" 400 28 "http://localhost:4200/agent/dashboard" - 2.604 ms
127.0.0.1 [13/Mar/2026:10:28:47 +0000] "GET /api/tournees/agent/mes-tournees HTTP/1.1" 400 28 "http://localhost:4200/agent/tournee" - 3.900 ms
127.0.0.1 [13/Mar/2026:10:28:48 +0000] "GET /api/incidents/mes-incidents HTTP/1.1" 400 28 "http://localhost:4200/agent/incidents" - 2.348 ms
127.0.0.1 [13/Mar/2026:10:28:48 +0000] "GET /api/tournees/agent/mes-tournees HTTP/1.1" 400 28 "http://localhost:4200/agent/incidents" - 1.867 ms
127.0.0.1 [13/Mar/2026:10:28:49 +0000] "GET /api/tournees/agent/mes-tournees HTTP/1.1" 400 28 "http://localhost:4200/agent/tournee" - 1.555 ms
127.0.0.1 [13/Mar/2026:10:28:49 +0000] "GET /api/tournees/agent/mes-tournees HTTP/1.1" 400 28 "http://localhost:4200/agent/dashboard" - 2.021 ms
127.0.0.1 [13/Mar/2026:10:28:50 +0000] "GET /api/tournees/agent/mes-tournees HTTP/1.1" 400 28 "http://localhost:4200/agent/tournee" - 1.715 ms
127.0.0.1 [13/Mar/2026:10:28:52 +0000] "GET /api/incidents/mes-incidents HTTP/1.1" 400 28 "http://localhost:4200/agent/incidents" - 1.331 ms
127.0.0.1 [13/Mar/2026:10:28:52 +0000] "GET /api/tournees/agent/mes-tournees HTTP/1.1" 400 28 "http://localhost:4200/agent/incidents" - 3.328 ms
127.0.0.1 [13/Mar/2026:10:29:05 +0000] "GET /api/tournees/agent/mes-tournees HTTP/1.1" 400 28 "http://localhost:4200/agent/tournee" - 2.028 ms
127.0.0.1 [13/Mar/2026:10:29:05 +0000] "GET /api/tournees/agent/mes-tournees HTTP/1.1" 400 28 "http://localhost:4200/agent/dashboard" - 2.224 ms
127.0.0.1 [13/Mar/2026:10:29:43 +0000] "POST /api/auth/login HTTP/1.1" 200 536 "http://localhost:4200/login" - 303.915 ms
127.0.0.1 [13/Mar/2026:10:29:43 +0000] "GET /api/plaintes/mes-plaintes HTTP/1.1" 200 765 "http://localhost:4200/citoyen/signalements" - 195.751 ms
127.0.0.1 [13/Mar/2026:10:29:47 +0000] "GET /api/zones HTTP/1.1" 304 - "http://localhost:4200/citoyen/nouveau" - 672.562 ms
127.0.0.1 [13/Mar/2026:10:30:50 +0000] "GET /api/tournees/agent/mes-tournees HTTP/1.1" 400 28 "http://localhost:4200/agent/dashboard" - 1.818 ms
127.0.0.1 [13/Mar/2026:10:31:22 +0000] "POST /api/auth/login HTTP/1.1" 200 559 "http://localhost:4200/login" - 110.697 ms
127.0.0.1 [13/Mar/2026:10:31:23 +0000] "GET /api/stats/dashboard HTTP/1.1" 200 3866 "http://localhost:4200/admin/dashboard" - 452.862 ms
127.0.0.1 [13/Mar/2026:10:31:37 +0000] "POST /api/auth/login HTTP/1.1" 200 536 "http://localhost:4200/login" - 102.969 ms
127.0.0.1 [13/Mar/2026:10:31:37 +0000] "GET /api/plaintes/mes-plaintes HTTP/1.1" 304 - "http://localhost:4200/citoyen/signalements" - 104.856 ms
127.0.0.1 [13/Mar/2026:10:31:40 +0000] "GET /api/zones HTTP/1.1" 304 - "http://localhost:4200/citoyen/nouveau" - 8.846 ms
127.0.0.1 [13/Mar/2026:10:31:46 +0000] "GET /api/tournees HTTP/1.1" 200 4147 "http://localhost:4200/citoyen/planning" - 117.413 ms
127.0.0.1 [13/Mar/2026:10:33:45 +0000] "GET /api/zones HTTP/1.1" 304 - "http://localhost:4200/citoyen/nouveau" - 11.713 ms
127.0.0.1 [13/Mar/2026:10:34:38 +0000] "POST /api/plaintes HTTP/1.1" 201 426 "http://localhost:4200/citoyen/nouveau" - 180.502 ms
127.0.0.1 [13/Mar/2026:10:34:41 +0000] "GET /api/plaintes/mes-plaintes HTTP/1.1" 200 1195 "http://localhost:4200/citoyen/signalements" - 52.022 ms
127.0.0.1 [13/Mar/2026:10:34:51 +0000] "GET /api/stats/dashboard HTTP/1.1" 200 3897 "http://localhost:4200/admin/dashboard" - 41.583 ms
127.0.0.1 [13/Mar/2026:10:35:02 +0000] "GET /api/plaintes HTTP/1.1" 200 3251 "http://localhost:4200/admin/plaintes" - 10.637 ms
127.0.0.1 [13/Mar/2026:10:37:23 +0000] "GET /api/plaintes HTTP/1.1" 304 - "http://localhost:4200/admin/plaintes" - 32.193 ms
127.0.0.1 [13/Mar/2026:10:38:13 +0000] "GET /api/plaintes HTTP/1.1" 304 - "http://localhost:4200/admin/plaintes" - 89.681 ms
127.0.0.1 [13/Mar/2026:10:38:14 +0000] "GET /api/plaintes/mes-plaintes HTTP/1.1" 304 - "http://localhost:4200/citoyen/signalements" - 26.479 ms
127.0.0.1 [13/Mar/2026:10:38:16 +0000] "GET /api/plaintes/mes-plaintes HTTP/1.1" 304 - "http://localhost:4200/citoyen/signalements" - 21.057 ms
127.0.0.1 [13/Mar/2026:10:38:16 +0000] "GET /api/plaintes HTTP/1.1" 304 - "http://localhost:4200/admin/plaintes" - 17.599 ms
127.0.0.1 [13/Mar/2026:10:43:55 +0000] "GET /api/plaintes/mes-plaintes HTTP/1.1" 304 - "http://localhost:4200/citoyen/signalements" - 17.652 ms
127.0.0.1 [13/Mar/2026:10:43:58 +0000] "GET /api/plaintes HTTP/1.1" 304 - "http://localhost:4200/admin/plaintes" - 16.671 ms
127.0.0.1 [13/Mar/2026:10:44:04 +0000] "GET /uploads/plaintes/1773398078616-198016.jpeg HTTP/1.1" 200 146717 "http://localhost:4200/admin/plaintes" - 10.749 ms
127.0.0.1 [13/Mar/2026:10:44:04 +0000] "GET /uploads/plaintes/1773398078586-771704.png HTTP/1.1" 200 1639300 "http://localhost:4200/admin/plaintes" - 11.532 ms
127.0.0.1 [13/Mar/2026:10:46:40 +0000] "DELETE /api/plaintes/69a01b56af6b4faa31017c68 HTTP/1.1" 200 60 "http://localhost:4200/admin/plaintes" - 61.487 ms
127.0.0.1 [13/Mar/2026:10:46:40 +0000] "GET /api/plaintes HTTP/1.1" 200 2889 "http://localhost:4200/admin/plaintes" - 15.467 ms
127.0.0.1 [13/Mar/2026:10:46:47 +0000] "DELETE /api/plaintes/69a04270c1e5f2561c8fec8d HTTP/1.1" 200 60 "http://localhost:4200/admin/plaintes" - 7.231 ms
127.0.0.1 [13/Mar/2026:10:46:47 +0000] "GET /api/plaintes HTTP/1.1" 200 2469 "http://localhost:4200/admin/plaintes" - 16.046 ms
127.0.0.1 [13/Mar/2026:10:46:54 +0000] "DELETE /api/plaintes/69a1943589ec8427f8aaf37a HTTP/1.1" 200 60 "http://localhost:4200/admin/plaintes" - 6.172 ms
127.0.0.1 [13/Mar/2026:10:46:54 +0000] "GET /api/plaintes HTTP/1.1" 200 2031 "http://localhost:4200/admin/plaintes" - 35.024 ms
127.0.0.1 [13/Mar/2026:10:50:19 +0000] "GET /api/plaintes/mes-plaintes HTTP/1.1" 200 465 "http://localhost:4200/citoyen/signalements" - 30.604 ms
127.0.0.1 [13/Mar/2026:10:50:19 +0000] "GET /api/plaintes HTTP/1.1" 304 - "http://localhost:4200/admin/plaintes" - 11.410 ms
127.0.0.1 [13/Mar/2026:10:53:09 +0000] "GET /api/zones HTTP/1.1" 304 - "http://localhost:4200/citoyen/nouveau" - 47.076 ms
127.0.0.1 [13/Mar/2026:10:54:39 +0000] "POST /api/plaintes HTTP/1.1" 201 473 "http://localhost:4200/citoyen/nouveau" - 56.950 ms
127.0.0.1 [13/Mar/2026:10:54:42 +0000] "GET /api/plaintes/mes-plaintes HTTP/1.1" 200 944 "http://localhost:4200/citoyen/signalements" - 27.252 ms
127.0.0.1 [13/Mar/2026:10:54:58 +0000] "GET /api/plaintes HTTP/1.1" 200 2537 "http://localhost:4200/admin/plaintes" - 20.774 ms
127.0.0.1 [13/Mar/2026:10:55:07 +0000] "GET /uploads/plaintes/1773399279402-333876.jpg HTTP/1.1" 200 65683 "http://localhost:4200/admin/plaintes" - 12.995 ms
127.0.0.1 [13/Mar/2026:10:55:07 +0000] "GET /uploads/plaintes/1773399279405-804434.jpg HTTP/1.1" 200 9730 "http://localhost:4200/admin/plaintes" - 22.541 ms
127.0.0.1 [13/Mar/2026:10:55:07 +0000] "GET /uploads/plaintes/1773399279404-297809.jpg HTTP/1.1" 200 70906 "http://localhost:4200/admin/plaintes" - 20.405 ms
127.0.0.1 [13/Mar/2026:10:55:38 +0000] "PUT /api/plaintes/69b3ecefba51244614b969ab HTTP/1.1" 200 527 "http://localhost:4200/admin/plaintes" - 119.209 ms
127.0.0.1 [13/Mar/2026:10:55:38 +0000] "GET /api/plaintes HTTP/1.1" 200 2535 "http://localhost:4200/admin/plaintes" - 16.678 ms
127.0.0.1 [13/Mar/2026:10:55:47 +0000] "GET /api/plaintes/mes-plaintes HTTP/1.1" 200 942 "http://localhost:4200/citoyen/signalements" - 17.440 ms
127.0.0.1 [13/Mar/2026:10:56:09 +0000] "GET /api/users HTTP/1.1" 200 1165 "http://localhost:4200/admin/equipes" - 10.324 ms
127.0.0.1 [13/Mar/2026:10:56:09 +0000] "GET /api/vehicules HTTP/1.1" 200 761 "http://localhost:4200/admin/equipes" - 10.400 ms
127.0.0.1 [13/Mar/2026:10:56:09 +0000] "GET /api/equipes HTTP/1.1" 200 1062 "http://localhost:4200/admin/equipes" - 320.303 ms
127.0.0.1 [13/Mar/2026:10:57:23 +0000] "POST /api/users HTTP/1.1" 201 307 "http://localhost:4200/admin/users" - 170.795 ms
127.0.0.1 [13/Mar/2026:10:57:24 +0000] "POST /api/equipes/69a16baa5922759d661fc009/membres HTTP/1.1" 200 341 "http://localhost:4200/admin/users" - 125.507 ms
127.0.0.1 [13/Mar/2026:10:57:24 +0000] "GET /api/users HTTP/1.1" 200 1449 "http://localhost:4200/admin/users" - 15.857 ms
127.0.0.1 [13/Mar/2026:10:57:24 +0000] "GET /api/equipes HTTP/1.1" 200 1135 "http://localhost:4200/admin/users" - 21.997 ms
127.0.0.1 [13/Mar/2026:10:57:38 +0000] "GET /api/zones HTTP/1.1" 200 530 "http://localhost:4200/admin/zones" - 11.328 ms
127.0.0.1 [13/Mar/2026:10:57:38 +0000] "GET /api/zones/arrondissements HTTP/1.1" 200 346 "http://localhost:4200/admin/zones" - 10.852 ms
127.0.0.1 [13/Mar/2026:10:57:54 +0000] "GET /api/vehicules HTTP/1.1" 304 - "http://localhost:4200/admin/equipes" - 7.662 ms
127.0.0.1 [13/Mar/2026:10:58:00 +0000] "GET /api/equipes/69a327ac5950f2ba2c98ed59 HTTP/1.1" 200 514 "http://localhost:4200/admin/equipes" - 9.770 ms
127.0.0.1 [13/Mar/2026:10:58:06 +0000] "DELETE /api/equipes/69a327ac5950f2ba2c98ed59/membres/69a2b22cdaa7c8c780794a4a HTTP/1.1" 200 349 "http://localhost:4200/admin/equipes" - 85.480 ms
127.0.0.1 [13/Mar/2026:10:58:06 +0000] "GET /api/equipes HTTP/1.1" 200 1059 "http://localhost:4200/admin/equipes" - 8.047 ms
127.0.0.1 [13/Mar/2026:10:58:22 +0000] "PUT /api/users/69a2b22cdaa7c8c780794a4a HTTP/1.1" 200 321 "http://localhost:4200/admin/users" - 73.364 ms
127.0.0.1 [13/Mar/2026:10:58:22 +0000] "GET /api/users HTTP/1.1" 200 1470 "http://localhost:4200/admin/users" - 10.015 ms
127.0.0.1 [13/Mar/2026:10:58:37 +0000] "PUT /api/users/69a2b22cdaa7c8c780794a4a HTTP/1.1" 200 321 "http://localhost:4200/admin/users" - 9.110 ms
127.0.0.1 [13/Mar/2026:10:58:37 +0000] "POST /api/equipes/69a16baa5922759d661fc009/membres HTTP/1.1" 200 432 "http://localhost:4200/admin/users" - 20.636 ms
127.0.0.1 [13/Mar/2026:10:58:37 +0000] "GET /api/users HTTP/1.1" 200 1470 "http://localhost:4200/admin/users" - 11.725 ms
127.0.0.1 [13/Mar/2026:10:58:37 +0000] "GET /api/equipes HTTP/1.1" 200 1135 "http://localhost:4200/admin/users" - 21.721 ms
127.0.0.1 [13/Mar/2026:10:58:41 +0000] "GET /api/equipes/69a16baa5922759d661fc009 HTTP/1.1" 200 506 "http://localhost:4200/admin/equipes" - 9.201 ms
127.0.0.1 [13/Mar/2026:11:00:30 +0000] "PUT /api/equipes/69a16baa5922759d661fc009 HTTP/1.1" 200 462 "http://localhost:4200/admin/equipes" - 16.947 ms
127.0.0.1 [13/Mar/2026:11:00:30 +0000] "GET /api/equipes HTTP/1.1" 200 1135 "http://localhost:4200/admin/equipes" - 13.377 ms
127.0.0.1 [13/Mar/2026:11:00:41 +0000] "GET /api/equipes/69a16baa5922759d661fc009 HTTP/1.1" 200 506 "http://localhost:4200/admin/equipes" - 11.445 ms
127.0.0.1 [13/Mar/2026:11:05:20 +0000] "GET /api/users HTTP/1.1" 304 - "http://localhost:4200/admin/equipes" - 57.765 ms
127.0.0.1 [13/Mar/2026:11:05:20 +0000] "GET /api/vehicules HTTP/1.1" 304 - "http://localhost:4200/admin/equipes" - 88.562 ms
127.0.0.1 [13/Mar/2026:11:05:20 +0000] "GET /api/equipes HTTP/1.1" 200 1169 "http://localhost:4200/admin/equipes" - 131.115 ms
127.0.0.1 [13/Mar/2026:11:05:24 +0000] "GET /api/equipes/69a16baa5922759d661fc009 HTTP/1.1" 200 540 "http://localhost:4200/admin/equipes" - 16.684 ms
127.0.0.1 [13/Mar/2026:11:05:47 +0000] "PUT /api/users/69b3ed93ba51244614b969bd HTTP/1.1" 200 314 "http://localhost:4200/admin/users" - 22.293 ms
127.0.0.1 [13/Mar/2026:11:05:47 +0000] "GET /api/users HTTP/1.1" 200 1477 "http://localhost:4200/admin/users" - 9.801 ms
127.0.0.1 [13/Mar/2026:11:05:58 +0000] "GET /api/zones HTTP/1.1" 304 - "http://localhost:4200/admin/zones" - 9.448 ms
127.0.0.1 [13/Mar/2026:11:05:58 +0000] "GET /api/zones/arrondissements HTTP/1.1" 304 - "http://localhost:4200/admin/zones" - 8.754 ms
127.0.0.1 [13/Mar/2026:11:06:07 +0000] "DELETE /api/equipes/69a16baa5922759d661fc009/membres/69b3ed93ba51244614b969bd HTTP/1.1" 200 364 "http://localhost:4200/admin/equipes" - 16.065 ms
127.0.0.1 [13/Mar/2026:11:06:07 +0000] "GET /api/equipes HTTP/1.1" 200 1082 "http://localhost:4200/admin/equipes" - 13.218 ms
127.0.0.1 [13/Mar/2026:11:06:10 +0000] "POST /api/equipes/69a16baa5922759d661fc009/membres HTTP/1.1" 200 473 "http://localhost:4200/admin/equipes" - 14.752 ms
127.0.0.1 [13/Mar/2026:11:06:10 +0000] "GET /api/equipes HTTP/1.1" 200 1176 "http://localhost:4200/admin/equipes" - 15.078 ms
127.0.0.1 [13/Mar/2026:11:06:19 +0000] "GET /api/tournees HTTP/1.1" 200 1863 "http://localhost:4200/admin/tournees" - 34.466 ms
127.0.0.1 [13/Mar/2026:11:06:19 +0000] "GET /api/quartiers HTTP/1.1" 200 36 "http://localhost:4200/admin/tournees" - 81.701 ms
127.0.0.1 [13/Mar/2026:11:06:34 +0000] "POST /api/auth/login HTTP/1.1" 200 610 "http://localhost:4200/login" - 135.065 ms
127.0.0.1 [13/Mar/2026:11:06:35 +0000] "GET /api/tournees/agent/mes-tournees HTTP/1.1" 200 684 "http://localhost:4200/agent/dashboard" - 640.362 ms
127.0.0.1 [13/Mar/2026:11:06:48 +0000] "GET /api/plaintes HTTP/1.1" 304 - "http://localhost:4200/admin/plaintes" - 15.285 ms
127.0.0.1 [13/Mar/2026:11:06:55 +0000] "GET /api/vehicules HTTP/1.1" 304 - "http://localhost:4200/admin/tournees" - 10.580 ms
127.0.0.1 [13/Mar/2026:11:07:19 +0000] "POST /api/tournees HTTP/1.1" 201 442 "http://localhost:4200/admin/tournees" - 66.251 ms
127.0.0.1 [13/Mar/2026:11:07:19 +0000] "GET /api/tournees HTTP/1.1" 200 2374 "http://localhost:4200/admin/tournees" - 18.283 ms
127.0.0.1 [13/Mar/2026:11:07:39 +0000] "GET /api/tournees/agent/mes-tournees HTTP/1.1" 200 1235 "http://localhost:4200/agent/tournee" - 14.179 ms
127.0.0.1 [13/Mar/2026:11:07:43 +0000] "GET /api/tournees/69b3efe7b948bf8e92a1539c HTTP/1.1" 200 681 "http://localhost:4200/agent/tournee" - 14.269 ms
127.0.0.1 [13/Mar/2026:11:07:43 +0000] "GET /api/collectes/tournee/69b3efe7b948bf8e92a1539c HTTP/1.1" 200 36 "http://localhost:4200/agent/tournee" - 26.445 ms
127.0.0.1 [13/Mar/2026:11:07:46 +0000] "GET /api/incidents/mes-incidents HTTP/1.1" 200 784 "http://localhost:4200/agent/incidents" - 91.618 ms
127.0.0.1 [13/Mar/2026:11:08:33 +0000] "GET /api/tournees/agent/mes-tournees HTTP/1.1" 400 28 "http://localhost:4200/agent/dashboard" - 84.016 ms
127.0.0.1 [13/Mar/2026:11:08:42 +0000] "POST /api/auth/login HTTP/1.1" 200 601 "http://localhost:4200/login" - 103.904 ms
127.0.0.1 [13/Mar/2026:11:08:42 +0000] "GET /api/tournees/agent/mes-tournees HTTP/1.1" 200 1235 "http://localhost:4200/agent/dashboard" - 28.169 ms
127.0.0.1 [13/Mar/2026:11:08:46 +0000] "GET /api/tournees/69b3efe7b948bf8e92a1539c HTTP/1.1" 200 681 "http://localhost:4200/agent/tournee" - 18.496 ms
127.0.0.1 [13/Mar/2026:11:08:46 +0000] "GET /api/collectes/tournee/69b3efe7b948bf8e92a1539c HTTP/1.1" 200 36 "http://localhost:4200/agent/tournee" - 3.537 ms
127.0.0.1 [13/Mar/2026:11:09:37 +0000] "GET /api/tournees/69a2b1cddaa7c8c780794a34 HTTP/1.1" 200 779 "http://localhost:4200/agent/tournee/69a2b1cddaa7c8c780794a34" - 19.416 ms
127.0.0.1 [13/Mar/2026:11:09:37 +0000] "GET /api/collectes/tournee/69a2b1cddaa7c8c780794a34 HTTP/1.1" 200 36 "http://localhost:4200/agent/tournee/69a2b1cddaa7c8c780794a34" - 4.937 ms
127.0.0.1 [13/Mar/2026:11:09:51 +0000] "GET /api/tournees/agent/mes-tournees HTTP/1.1" 304 - "http://localhost:4200/agent/dashboard" - 20.980 ms
127.0.0.1 [13/Mar/2026:11:09:54 +0000] "GET /api/collectes/tournee/69b3efe7b948bf8e92a1539c HTTP/1.1" 304 - "http://localhost:4200/agent/tournee/69b3efe7b948bf8e92a1539c" - 10.799 ms
127.0.0.1 [13/Mar/2026:11:09:54 +0000] "GET /api/tournees/69b3efe7b948bf8e92a1539c HTTP/1.1" 304 - "http://localhost:4200/agent/tournee/69b3efe7b948bf8e92a1539c" - 26.613 ms
127.0.0.1 [13/Mar/2026:11:09:56 +0000] "PUT /api/tournees/69b3efe7b948bf8e92a1539c/demarrer HTTP/1.1" 200 608 "http://localhost:4200/agent/tournee/69b3efe7b948bf8e92a1539c" - 39.394 ms
127.0.0.1 [13/Mar/2026:11:11:04 +0000] "GET /api/tournees/69b3efe7b948bf8e92a1539c HTTP/1.1" 200 723 "http://localhost:4200/agent/tournee/69b3efe7b948bf8e92a1539c" - 23.409 ms
127.0.0.1 [13/Mar/2026:11:11:04 +0000] "GET /api/collectes/tournee/69b3efe7b948bf8e92a1539c HTTP/1.1" 304 - "http://localhost:4200/agent/tournee/69b3efe7b948bf8e92a1539c" - 6.784 ms
127.0.0.1 [13/Mar/2026:11:13:27 +0000] "GET /api/tournees/69b3efe7b948bf8e92a1539c HTTP/1.1" 304 - "http://localhost:4200/agent/tournee/69b3efe7b948bf8e92a1539c" - 121.999 ms
127.0.0.1 [13/Mar/2026:11:13:27 +0000] "GET /api/tournees/69b3efe7b948bf8e92a1539c HTTP/1.1" 200 723 "http://localhost:4200/agent/tournee/69b3efe7b948bf8e92a1539c" - 65.567 ms
127.0.0.1 [13/Mar/2026:11:13:27 +0000] "GET /api/collectes/tournee/69b3efe7b948bf8e92a1539c HTTP/1.1" 304 - "http://localhost:4200/agent/tournee/69b3efe7b948bf8e92a1539c" - 9.287 ms
127.0.0.1 [13/Mar/2026:11:13:27 +0000] "GET /api/collectes/tournee/69b3efe7b948bf8e92a1539c HTTP/1.1" 304 - "http://localhost:4200/agent/tournee/69b3efe7b948bf8e92a1539c" - 8.856 ms
127.0.0.1 [13/Mar/2026:11:13:27 +0000] "GET /api/tournees HTTP/1.1" 200 2416 "http://localhost:4200/admin/tournees" - 33.467 ms
127.0.0.1 [13/Mar/2026:11:13:27 +0000] "GET /api/zones HTTP/1.1" 304 - "http://localhost:4200/admin/tournees" - 32.203 ms
127.0.0.1 [13/Mar/2026:11:13:27 +0000] "GET /api/equipes HTTP/1.1" 304 - "http://localhost:4200/admin/tournees" - 60.133 ms
127.0.0.1 [13/Mar/2026:11:13:27 +0000] "GET /api/vehicules HTTP/1.1" 304 - "http://localhost:4200/admin/tournees" - 31.250 ms
127.0.0.1 [13/Mar/2026:11:13:27 +0000] "GET /api/quartiers HTTP/1.1" 304 - "http://localhost:4200/admin/tournees" - 27.312 ms
127.0.0.1 [13/Mar/2026:11:14:16 +0000] "GET /api/tournees/69b3efe7b948bf8e92a1539c HTTP/1.1" 304 - "http://localhost:4200/agent/tournee/69b3efe7b948bf8e92a1539c" - 27.885 ms
127.0.0.1 [13/Mar/2026:11:14:16 +0000] "GET /api/zones HTTP/1.1" 304 - "http://localhost:4200/admin/tournees" - 33.497 ms
127.0.0.1 [13/Mar/2026:11:14:16 +0000] "GET /api/tournees HTTP/1.1" 304 - "http://localhost:4200/admin/tournees" - 85.409 ms
127.0.0.1 [13/Mar/2026:11:14:16 +0000] "GET /api/vehicules HTTP/1.1" 304 - "http://localhost:4200/admin/tournees" - 42.185 ms
127.0.0.1 [13/Mar/2026:11:14:16 +0000] "GET /api/quartiers HTTP/1.1" 304 - "http://localhost:4200/admin/tournees" - 37.995 ms
127.0.0.1 [13/Mar/2026:11:14:16 +0000] "GET /api/equipes HTTP/1.1" 304 - "http://localhost:4200/admin/tournees" - 107.856 ms
127.0.0.1 [13/Mar/2026:11:14:16 +0000] "GET /api/collectes/tournee/69b3efe7b948bf8e92a1539c HTTP/1.1" 304 - "http://localhost:4200/agent/tournee/69b3efe7b948bf8e92a1539c" - 13.098 ms
127.0.0.1 [13/Mar/2026:11:14:19 +0000] "GET /api/tournees/69b3efe7b948bf8e92a1539c HTTP/1.1" 304 - "http://localhost:4200/agent/tournee/69b3efe7b948bf8e92a1539c" - 18.192 ms
127.0.0.1 [13/Mar/2026:11:14:19 +0000] "GET /api/collectes/tournee/69b3efe7b948bf8e92a1539c HTTP/1.1" 304 - "http://localhost:4200/agent/tournee/69b3efe7b948bf8e92a1539c" - 7.675 ms
127.0.0.1 [13/Mar/2026:11:27:50 +0000] "GET /api/zones HTTP/1.1" 304 - "http://localhost:4200/admin/tournees" - 35.897 ms
127.0.0.1 [13/Mar/2026:11:27:50 +0000] "GET /api/vehicules HTTP/1.1" 304 - "http://localhost:4200/admin/tournees" - 28.622 ms
127.0.0.1 [13/Mar/2026:11:27:50 +0000] "GET /api/quartiers HTTP/1.1" 304 - "http://localhost:4200/admin/tournees" - 25.639 ms
127.0.0.1 [13/Mar/2026:11:27:50 +0000] "GET /api/tournees HTTP/1.1" 304 - "http://localhost:4200/admin/tournees" - 70.200 ms
127.0.0.1 [13/Mar/2026:11:27:50 +0000] "GET /api/equipes HTTP/1.1" 304 - "http://localhost:4200/admin/tournees" - 55.014 ms
127.0.0.1 [13/Mar/2026:11:27:56 +0000] "GET /api/tournees/69b3efe7b948bf8e92a1539c HTTP/1.1" 304 - "http://localhost:4200/agent/tournee/69b3efe7b948bf8e92a1539c" - 70.622 ms
127.0.0.1 [13/Mar/2026:11:27:56 +0000] "GET /api/collectes/tournee/69b3efe7b948bf8e92a1539c HTTP/1.1" 304 - "http://localhost:4200/agent/tournee/69b3efe7b948bf8e92a1539c" - 31.078 ms
127.0.0.1 [13/Mar/2026:11:28:58 +0000] "GET /api/tournees/69b3efe7b948bf8e92a1539c HTTP/1.1" 304 - "http://localhost:4200/agent/tournee/69b3efe7b948bf8e92a1539c" - 25.015 ms
127.0.0.1 [13/Mar/2026:11:28:58 +0000] "GET /api/collectes/tournee/69b3efe7b948bf8e92a1539c HTTP/1.1" 304 - "http://localhost:4200/agent/tournee/69b3efe7b948bf8e92a1539c" - 5.434 ms
127.0.0.1 [13/Mar/2026:11:29:06 +0000] "PUT /api/tournees/69b3efe7b948bf8e92a1539c/terminer HTTP/1.1" 200 558 "http://localhost:4200/agent/tournee/69b3efe7b948bf8e92a1539c" - 33.715 ms
127.0.0.1 [13/Mar/2026:11:29:08 +0000] "GET /api/tournees/agent/mes-tournees HTTP/1.1" 200 1320 "http://localhost:4200/agent/dashboard" - 68.256 ms
127.0.0.1 [13/Mar/2026:11:29:15 +0000] "GET /api/tournees/69b3efe7b948bf8e92a1539c HTTP/1.1" 200 766 "http://localhost:4200/agent/tournee/69b3efe7b948bf8e92a1539c" - 25.852 ms
127.0.0.1 [13/Mar/2026:11:29:15 +0000] "GET /api/collectes/tournee/69b3efe7b948bf8e92a1539c HTTP/1.1" 304 - "http://localhost:4200/agent/tournee/69b3efe7b948bf8e92a1539c" - 3.948 ms
127.0.0.1 [13/Mar/2026:13:21:04 +0000] "GET /api/quartiers HTTP/1.1" 304 - "http://localhost:4200/admin/tournees" - 114.181 ms
127.0.0.1 [13/Mar/2026:13:21:04 +0000] "GET /api/zones HTTP/1.1" 304 - "http://localhost:4200/admin/tournees" - 197.307 ms
127.0.0.1 [13/Mar/2026:13:21:04 +0000] "GET /api/vehicules HTTP/1.1" 304 - "http://localhost:4200/admin/tournees" - 209.034 ms
127.0.0.1 [13/Mar/2026:13:21:04 +0000] "GET /api/tournees HTTP/1.1" 200 2459 "http://localhost:4200/admin/tournees" - 284.026 ms
127.0.0.1 [13/Mar/2026:13:21:04 +0000] "GET /api/equipes HTTP/1.1" 304 - "http://localhost:4200/admin/tournees" - 251.559 ms
127.0.0.1 [13/Mar/2026:13:22:02 +0000] "GET /api/zones HTTP/1.1" 304 - "http://localhost:4200/admin/tournees" - 44.593 ms
127.0.0.1 [13/Mar/2026:13:22:02 +0000] "GET /api/vehicules HTTP/1.1" 304 - "http://localhost:4200/admin/tournees" - 38.784 ms
127.0.0.1 [13/Mar/2026:13:22:02 +0000] "GET /api/quartiers HTTP/1.1" 304 - "http://localhost:4200/admin/tournees" - 29.358 ms
127.0.0.1 [13/Mar/2026:13:22:02 +0000] "GET /api/tournees HTTP/1.1" 304 - "http://localhost:4200/admin/tournees" - 70.554 ms
127.0.0.1 [13/Mar/2026:13:22:02 +0000] "GET /api/equipes HTTP/1.1" 304 - "http://localhost:4200/admin/tournees" - 61.682 ms
127.0.0.1 [13/Mar/2026:13:22:07 +0000] "GET /api/plaintes HTTP/1.1" 304 - "http://localhost:4200/admin/statistiques" - 114.476 ms
127.0.0.1 [13/Mar/2026:13:22:07 +0000] "GET /api/incidents HTTP/1.1" 200 882 "http://localhost:4200/admin/statistiques" - 32.630 ms
127.0.0.1 [13/Mar/2026:13:22:09 +0000] "GET /api/bacs HTTP/1.1" 200 36 "http://localhost:4200/admin/bacs" - 7.048 ms
127.0.0.1 [13/Mar/2026:13:22:56 +0000] "GET /api/stats/dashboard HTTP/1.1" 200 4541 "http://localhost:4200/admin/dashboard" - 157.122 ms
127.0.0.1 [13/Mar/2026:13:23:07 +0000] "GET /api/users HTTP/1.1" 304 - "http://localhost:4200/admin/users" - 12.251 ms
127.0.0.1 [13/Mar/2026:13:23:07 +0000] "GET /api/equipes HTTP/1.1" 304 - "http://localhost:4200/admin/users" - 13.319 ms
127.0.0.1 [13/Mar/2026:13:23:15 +0000] "GET /api/vehicules HTTP/1.1" 304 - "http://localhost:4200/admin/vehicules" - 7.111 ms
127.0.0.1 [13/Mar/2026:13:23:17 +0000] "GET /api/zones HTTP/1.1" 304 - "http://localhost:4200/admin/zones" - 9.444 ms
127.0.0.1 [13/Mar/2026:13:23:17 +0000] "GET /api/zones/arrondissements HTTP/1.1" 304 - "http://localhost:4200/admin/zones" - 10.264 ms
127.0.0.1 [13/Mar/2026:13:23:19 +0000] "GET /api/bacs HTTP/1.1" 304 - "http://localhost:4200/admin/carte" - 6.407 ms
127.0.0.1 [13/Mar/2026:13:23:20 +0000] "GET /api/bacs/stats HTTP/1.1" 200 80 "http://localhost:4200/admin/carte" - 445.555 ms
127.0.0.1 [13/Mar/2026:13:24:06 +0000] "GET /api/plaintes HTTP/1.1" 304 - "http://localhost:4200/admin/statistiques" - 32.288 ms
127.0.0.1 [13/Mar/2026:13:24:06 +0000] "GET /api/tournees HTTP/1.1" 304 - "http://localhost:4200/admin/statistiques" - 29.868 ms
127.0.0.1 [13/Mar/2026:13:24:06 +0000] "GET /api/incidents HTTP/1.1" 304 - "http://localhost:4200/admin/statistiques" - 41.261 ms
127.0.0.1 [13/Mar/2026:13:24:18 +0000] "GET /api/zones HTTP/1.1" 304 - "http://localhost:4200/admin/bacs" - 17.229 ms
127.0.0.1 [13/Mar/2026:13:24:33 +0000] "GET /api/bacs HTTP/1.1" 304 - "http://localhost:4200/admin/carte" - 23.913 ms
127.0.0.1 [13/Mar/2026:13:24:33 +0000] "GET /api/bacs/stats HTTP/1.1" 304 - "http://localhost:4200/admin/carte" - 90.443 ms
127.0.0.1 [13/Mar/2026:13:24:33 +0000] "GET /api/vehicules HTTP/1.1" 304 - "http://localhost:4200/admin/carte" - 17.652 ms
127.0.0.1 [13/Mar/2026:13:26:11 +0000] "POST /api/bacs HTTP/1.1" 500 1136 "http://localhost:4200/admin/bacs" - 15.640 ms
127.0.0.1 [13/Mar/2026:13:26:20 +0000] "POST /api/bacs HTTP/1.1" 500 1136 "http://localhost:4200/admin/bacs" - 6.009 ms
127.0.0.1 [13/Mar/2026:13:27:01 +0000] "POST /api/bacs HTTP/1.1" 500 2553 "http://localhost:4200/admin/bacs" - 142.358 ms
127.0.0.1 [13/Mar/2026:13:27:12 +0000] "POST /api/bacs HTTP/1.1" 500 1136 "http://localhost:4200/admin/bacs" - 9.414 ms
127.0.0.1 [13/Mar/2026:13:28:22 +0000] "POST /api/bacs HTTP/1.1" 500 1136 "http://localhost:4200/admin/bacs" - 6.107 ms
127.0.0.1 [13/Mar/2026:13:30:06 +0000] "POST /api/bacs HTTP/1.1" 500 1136 "http://localhost:4200/admin/bacs" - 8.119 ms
127.0.0.1 [13/Mar/2026:13:36:34 +0000] "GET /api/incidents HTTP/1.1" 304 - "http://localhost:4200/admin/incidents" - 20.761 ms
127.0.0.1 [13/Mar/2026:13:36:35 +0000] "GET /api/plaintes HTTP/1.1" 304 - "http://localhost:4200/admin/statistiques" - 15.670 ms
127.0.0.1 [13/Mar/2026:13:36:35 +0000] "GET /api/tournees HTTP/1.1" 304 - "http://localhost:4200/admin/statistiques" - 19.046 ms
127.0.0.1 [13/Mar/2026:13:36:35 +0000] "GET /api/zones HTTP/1.1" 304 - "http://localhost:4200/admin/bacs" - 6.292 ms
127.0.0.1 [13/Mar/2026:13:36:35 +0000] "GET /api/bacs HTTP/1.1" 304 - "http://localhost:4200/admin/bacs" - 5.211 ms
127.0.0.1 [13/Mar/2026:13:36:36 +0000] "GET /api/vehicules HTTP/1.1" 304 - "http://localhost:4200/admin/carte" - 8.345 ms
127.0.0.1 [13/Mar/2026:13:36:36 +0000] "GET /api/bacs/stats HTTP/1.1" 304 - "http://localhost:4200/admin/carte" - 23.705 ms
127.0.0.1 [13/Mar/2026:13:38:12 +0000] "GET /api/tournees/agent/mes-tournees HTTP/1.1" 304 - "http://localhost:4200/agent/dashboard" - 66.373 ms
127.0.0.1 [13/Mar/2026:14:37:23 +0000] "GET /api/zones HTTP/1.1" 304 - "http://localhost:4200/admin/bacs" - 156.701 ms
127.0.0.1 [13/Mar/2026:14:37:23 +0000] "GET /api/bacs HTTP/1.1" 304 - "http://localhost:4200/admin/bacs" - 36.290 ms
127.0.0.1 [13/Mar/2026:14:38:16 +0000] "POST /api/bacs HTTP/1.1" 201 357 "http://localhost:4200/admin/bacs" - 36.836 ms
127.0.0.1 [13/Mar/2026:14:38:16 +0000] "GET /api/bacs HTTP/1.1" 200 398 "http://localhost:4200/admin/bacs" - 20.000 ms
127.0.0.1 [13/Mar/2026:14:38:25 +0000] "GET /api/zones HTTP/1.1" 304 - "http://localhost:4200/admin/carte" - 51.509 ms
127.0.0.1 [13/Mar/2026:14:38:25 +0000] "GET /api/vehicules HTTP/1.1" 304 - "http://localhost:4200/admin/carte" - 50.360 ms
127.0.0.1 [13/Mar/2026:14:38:25 +0000] "GET /api/bacs/stats HTTP/1.1" 200 80 "http://localhost:4200/admin/carte" - 108.594 ms
127.0.0.1 [13/Mar/2026:14:39:26 +0000] "GET /api/vehicules HTTP/1.1" 304 - "http://localhost:4200/admin/carte" - 12.576 ms
127.0.0.1 [13/Mar/2026:14:39:26 +0000] "GET /api/bacs?statut=Plein HTTP/1.1" 200 398 "http://localhost:4200/admin/carte" - 26.121 ms
127.0.0.1 [13/Mar/2026:14:39:31 +0000] "POST /api/bacs/tournee-optimisee HTTP/1.1" 200 430 "http://localhost:4200/admin/carte" - 15.651 ms
127.0.0.1 [13/Mar/2026:14:40:09 +0000] "GET /api/zones HTTP/1.1" 304 - "http://localhost:4200/admin/bacs" - 14.509 ms
127.0.0.1 [13/Mar/2026:14:40:09 +0000] "GET /api/bacs HTTP/1.1" 304 - "http://localhost:4200/admin/bacs" - 17.623 ms
127.0.0.1 [13/Mar/2026:14:40:21 +0000] "PATCH /api/bacs/69b421588c702d653b11df16/niveau HTTP/1.1" 200 357 "http://localhost:4200/admin/bacs" - 54.667 ms
127.0.0.1 [13/Mar/2026:14:40:21 +0000] "GET /api/bacs HTTP/1.1" 200 398 "http://localhost:4200/admin/bacs" - 11.258 ms
127.0.0.1 [14/Mar/2026:08:23:24 +0000] "GET /api/stats/dashboard HTTP/1.1" 304 - "http://localhost:4200/admin/dashboard" - 70.439 ms
127.0.0.1 [14/Mar/2026:08:23:31 +0000] "GET /api/zones HTTP/1.1" 304 - "http://localhost:4200/admin/carte" - 34.002 ms
127.0.0.1 [14/Mar/2026:08:23:31 +0000] "GET /api/vehicules HTTP/1.1" 304 - "http://localhost:4200/admin/carte" - 36.554 ms
127.0.0.1 [14/Mar/2026:08:23:31 +0000] "GET /api/bacs/stats HTTP/1.1" 304 - "http://localhost:4200/admin/carte" - 57.565 ms
127.0.0.1 [14/Mar/2026:08:23:31 +0000] "GET /api/bacs HTTP/1.1" 304 - "http://localhost:4200/admin/carte" - 52.790 ms
127.0.0.1 [14/Mar/2026:08:24:36 +0000] "GET /api/zones HTTP/1.1" 304 - "http://localhost:4200/admin/carte" - 19.685 ms
127.0.0.1 [14/Mar/2026:08:24:36 +0000] "GET /api/vehicules HTTP/1.1" 304 - "http://localhost:4200/admin/carte" - 19.217 ms
127.0.0.1 [14/Mar/2026:08:24:36 +0000] "GET /api/bacs/stats HTTP/1.1" 304 - "http://localhost:4200/admin/carte" - 47.126 ms
127.0.0.1 [14/Mar/2026:08:24:36 +0000] "GET /api/bacs HTTP/1.1" 304 - "http://localhost:4200/admin/carte" - 39.536 ms
127.0.0.1 [14/Mar/2026:08:25:04 +0000] "POST /api/bacs/tournee-optimisee HTTP/1.1" 200 430 "http://localhost:4200/admin/carte" - 9.506 ms
127.0.0.1 [14/Mar/2026:09:11:06 +0000] "GET /api/zones HTTP/1.1" 304 - "http://localhost:4200/admin/carte" - 47.619 ms
127.0.0.1 [14/Mar/2026:09:11:06 +0000] "GET /api/vehicules HTTP/1.1" 304 - "http://localhost:4200/admin/carte" - 26.447 ms
127.0.0.1 [14/Mar/2026:09:11:06 +0000] "GET /api/bacs/stats HTTP/1.1" 304 - "http://localhost:4200/admin/carte" - 48.914 ms
127.0.0.1 [14/Mar/2026:09:11:06 +0000] "GET /api/bacs HTTP/1.1" 304 - "http://localhost:4200/admin/carte" - 43.361 ms
127.0.0.1 [14/Mar/2026:09:11:43 +0000] "GET /api/zones HTTP/1.1" 304 - "http://localhost:4200/admin/carte" - 14.849 ms
127.0.0.1 [14/Mar/2026:09:11:43 +0000] "GET /api/bacs/stats HTTP/1.1" 304 - "http://localhost:4200/admin/carte" - 34.555 ms
127.0.0.1 [14/Mar/2026:09:11:43 +0000] "GET /api/vehicules HTTP/1.1" 304 - "http://localhost:4200/admin/carte" - 16.979 ms
127.0.0.1 [14/Mar/2026:09:11:43 +0000] "GET /api/bacs HTTP/1.1" 304 - "http://localhost:4200/admin/carte" - 37.150 ms
127.0.0.1 [14/Mar/2026:09:17:54 +0000] "GET /api/zones HTTP/1.1" 304 - "http://localhost:4200/admin/carte" - 54.185 ms
127.0.0.1 [14/Mar/2026:09:17:54 +0000] "GET /api/vehicules HTTP/1.1" 304 - "http://localhost:4200/admin/carte" - 41.750 ms
127.0.0.1 [14/Mar/2026:09:17:54 +0000] "GET /api/bacs/stats HTTP/1.1" 304 - "http://localhost:4200/admin/carte" - 86.296 ms
127.0.0.1 [14/Mar/2026:09:17:54 +0000] "GET /api/bacs HTTP/1.1" 304 - "http://localhost:4200/admin/carte" - 83.340 ms
127.0.0.1 [14/Mar/2026:09:18:48 +0000] "DELETE /api/bacs/69b421588c702d653b11df16 HTTP/1.1" 200 55 "http://localhost:4200/admin/bacs" - 124.835 ms
127.0.0.1 [14/Mar/2026:09:18:48 +0000] "GET /api/bacs HTTP/1.1" 200 36 "http://localhost:4200/admin/bacs" - 7.578 ms
127.0.0.1 [14/Mar/2026:09:19:25 +0000] "POST /api/bacs HTTP/1.1" 201 357 "http://localhost:4200/admin/bacs" - 52.602 ms
127.0.0.1 [14/Mar/2026:09:19:25 +0000] "GET /api/bacs HTTP/1.1" 200 398 "http://localhost:4200/admin/bacs" - 8.486 ms
127.0.0.1 [14/Mar/2026:09:19:29 +0000] "GET /api/plaintes HTTP/1.1" 304 - "http://localhost:4200/admin/statistiques" - 32.796 ms
127.0.0.1 [14/Mar/2026:09:19:29 +0000] "GET /api/tournees HTTP/1.1" 304 - "http://localhost:4200/admin/statistiques" - 35.124 ms
127.0.0.1 [14/Mar/2026:09:19:29 +0000] "GET /api/incidents HTTP/1.1" 304 - "http://localhost:4200/admin/statistiques" - 50.968 ms
127.0.0.1 [14/Mar/2026:09:19:42 +0000] "GET /api/zones HTTP/1.1" 304 - "http://localhost:4200/admin/bacs" - 5.910 ms
127.0.0.1 [14/Mar/2026:09:19:43 +0000] "GET /api/vehicules HTTP/1.1" 304 - "http://localhost:4200/admin/carte" - 16.113 ms
127.0.0.1 [14/Mar/2026:09:19:43 +0000] "GET /api/bacs/stats HTTP/1.1" 304 - "http://localhost:4200/admin/carte" - 37.595 ms
127.0.0.1 [14/Mar/2026:09:19:48 +0000] "GET /api/zones HTTP/1.1" 304 - "http://localhost:4200/admin/carte" - 23.235 ms
127.0.0.1 [14/Mar/2026:09:19:48 +0000] "GET /api/vehicules HTTP/1.1" 304 - "http://localhost:4200/admin/carte" - 25.891 ms
127.0.0.1 [14/Mar/2026:09:19:48 +0000] "GET /api/bacs/stats HTTP/1.1" 304 - "http://localhost:4200/admin/carte" - 43.837 ms
127.0.0.1 [14/Mar/2026:09:19:48 +0000] "GET /api/bacs HTTP/1.1" 304 - "http://localhost:4200/admin/carte" - 38.864 ms
127.0.0.1 [14/Mar/2026:09:27:00 +0000] "GET /api/zones HTTP/1.1" 304 - "http://localhost:4200/admin/carte" - 28.793 ms
127.0.0.1 [14/Mar/2026:09:27:00 +0000] "GET /api/vehicules HTTP/1.1" 304 - "http://localhost:4200/admin/carte" - 20.516 ms
127.0.0.1 [14/Mar/2026:09:27:00 +0000] "GET /api/bacs/stats HTTP/1.1" 304 - "http://localhost:4200/admin/carte" - 38.499 ms
127.0.0.1 [14/Mar/2026:09:27:00 +0000] "GET /api/bacs HTTP/1.1" 304 - "http://localhost:4200/admin/carte" - 37.331 ms
127.0.0.1 [14/Mar/2026:09:27:13 +0000] "GET /api/zones HTTP/1.1" 304 - "http://localhost:4200/admin/carte" - 28.149 ms
127.0.0.1 [14/Mar/2026:09:27:13 +0000] "GET /api/bacs/stats HTTP/1.1" 304 - "http://localhost:4200/admin/carte" - 36.633 ms
127.0.0.1 [14/Mar/2026:09:27:13 +0000] "GET /api/vehicules HTTP/1.1" 304 - "http://localhost:4200/admin/carte" - 10.744 ms
127.0.0.1 [14/Mar/2026:09:27:13 +0000] "GET /api/bacs HTTP/1.1" 304 - "http://localhost:4200/admin/carte" - 32.869 ms
127.0.0.1 [14/Mar/2026:09:27:26 +0000] "GET /api/zones HTTP/1.1" 304 - "http://localhost:4200/admin/carte" - 28.007 ms
127.0.0.1 [14/Mar/2026:09:27:26 +0000] "GET /api/vehicules HTTP/1.1" 304 - "http://localhost:4200/admin/carte" - 23.918 ms
127.0.0.1 [14/Mar/2026:09:27:26 +0000] "GET /api/bacs/stats HTTP/1.1" 304 - "http://localhost:4200/admin/carte" - 48.748 ms
127.0.0.1 [14/Mar/2026:09:27:26 +0000] "GET /api/bacs HTTP/1.1" 304 - "http://localhost:4200/admin/carte" - 43.359 ms
127.0.0.1 [14/Mar/2026:09:27:35 +0000] "GET /api/zones HTTP/1.1" 304 - "http://localhost:4200/admin/carte" - 20.900 ms
127.0.0.1 [14/Mar/2026:09:27:35 +0000] "GET /api/bacs/stats HTTP/1.1" 304 - "http://localhost:4200/admin/carte" - 32.921 ms
127.0.0.1 [14/Mar/2026:09:27:35 +0000] "GET /api/vehicules HTTP/1.1" 304 - "http://localhost:4200/admin/carte" - 15.464 ms
127.0.0.1 [14/Mar/2026:09:27:35 +0000] "GET /api/bacs HTTP/1.1" 304 - "http://localhost:4200/admin/carte" - 32.991 ms
127.0.0.1 [14/Mar/2026:09:42:04 +0000] "GET /api/zones HTTP/1.1" 304 - "http://localhost:4200/admin/carte" - 20.561 ms
127.0.0.1 [14/Mar/2026:09:42:04 +0000] "GET /api/vehicules HTTP/1.1" 304 - "http://localhost:4200/admin/carte" - 36.622 ms
127.0.0.1 [14/Mar/2026:09:42:04 +0000] "GET /api/bacs/stats HTTP/1.1" 304 - "http://localhost:4200/admin/carte" - 52.038 ms
127.0.0.1 [14/Mar/2026:09:42:04 +0000] "GET /api/bacs HTTP/1.1" 304 - "http://localhost:4200/admin/carte" - 75.440 ms
127.0.0.1 [14/Mar/2026:09:42:42 +0000] "POST /api/bacs/tournee-optimisee HTTP/1.1" 200 430 "http://localhost:4200/admin/carte" - 10.795 ms
127.0.0.1 [14/Mar/2026:09:42:57 +0000] "GET /api/bacs?statut=Plein HTTP/1.1" 200 398 "http://localhost:4200/admin/carte" - 13.567 ms
127.0.0.1 [14/Mar/2026:09:43:49 +0000] "GET /api/vehicules HTTP/1.1" 304 - "http://localhost:4200/admin/carte" - 5.866 ms
127.0.0.1 [14/Mar/2026:09:44:00 +0000] "POST /api/bacs/tournee-optimisee HTTP/1.1" 200 430 "http://localhost:4200/admin/carte" - 13.323 ms
127.0.0.1 [14/Mar/2026:09:44:08 +0000] "GET /api/tournees HTTP/1.1" 304 - "http://localhost:4200/admin/statistiques" - 16.524 ms
127.0.0.1 [14/Mar/2026:09:44:08 +0000] "GET /api/incidents HTTP/1.1" 304 - "http://localhost:4200/admin/statistiques" - 25.302 ms
127.0.0.1 [14/Mar/2026:09:44:08 +0000] "GET /api/plaintes HTTP/1.1" 304 - "http://localhost:4200/admin/statistiques" - 39.769 ms
127.0.0.1 [14/Mar/2026:09:44:08 +0000] "GET /api/zones HTTP/1.1" 304 - "http://localhost:4200/admin/bacs" - 9.286 ms
127.0.0.1 [14/Mar/2026:09:44:08 +0000] "GET /api/bacs HTTP/1.1" 304 - "http://localhost:4200/admin/bacs" - 11.366 ms
127.0.0.1 [14/Mar/2026:09:58:42 +0000] "GET /api/zones HTTP/1.1" 304 - "http://localhost:4200/admin/bacs" - 8.972 ms
127.0.0.1 [14/Mar/2026:09:58:42 +0000] "GET /api/bacs HTTP/1.1" 304 - "http://localhost:4200/admin/bacs" - 13.516 ms
127.0.0.1 [14/Mar/2026:09:58:47 +0000] "GET /api/zones HTTP/1.1" 304 - "http://localhost:4200/admin/bacs" - 11.577 ms
127.0.0.1 [14/Mar/2026:09:58:47 +0000] "GET /api/bacs HTTP/1.1" 304 - "http://localhost:4200/admin/bacs" - 12.796 ms
127.0.0.1 [14/Mar/2026:09:59:42 +0000] "GET /api/zones HTTP/1.1" 304 - "http://localhost:4200/admin/bacs" - 10.191 ms
127.0.0.1 [14/Mar/2026:09:59:42 +0000] "GET /api/bacs HTTP/1.1" 304 - "http://localhost:4200/admin/bacs" - 13.466 ms
127.0.0.1 [14/Mar/2026:09:59:59 +0000] "GET /api/zones HTTP/1.1" 304 - "http://localhost:4200/admin/bacs" - 12.691 ms
127.0.0.1 [14/Mar/2026:09:59:59 +0000] "GET /api/bacs HTTP/1.1" 304 - "http://localhost:4200/admin/bacs" - 17.585 ms
127.0.0.1 [14/Mar/2026:10:33:54 +0000] "GET /api/zones HTTP/1.1" 400 28 "http://localhost:4200/admin/bacs" - 5.227 ms
127.0.0.1 [14/Mar/2026:10:33:54 +0000] "GET /api/bacs HTTP/1.1" 400 28 "http://localhost:4200/admin/bacs" - 4.213 ms
127.0.0.1 [14/Mar/2026:10:34:17 +0000] "GET /api/stats/dashboard HTTP/1.1" 400 28 "http://localhost:4200/admin/dashboard" - 2.843 ms
127.0.0.1 [14/Mar/2026:10:34:20 +0000] "GET /api/zones HTTP/1.1" 400 28 "http://localhost:4200/admin/bacs" - 1.721 ms
127.0.0.1 [14/Mar/2026:10:34:20 +0000] "GET /api/bacs HTTP/1.1" 400 28 "http://localhost:4200/admin/bacs" - 3.041 ms
127.0.0.1 [14/Mar/2026:10:34:44 +0000] "GET /api/zones HTTP/1.1" 400 28 "http://localhost:4200/admin/carte" - 2.867 ms
127.0.0.1 [14/Mar/2026:10:34:45 +0000] "GET /api/bacs/stats HTTP/1.1" 400 28 "http://localhost:4200/admin/carte" - 2.796 ms
127.0.0.1 [14/Mar/2026:10:34:45 +0000] "GET /api/bacs HTTP/1.1" 400 28 "http://localhost:4200/admin/carte" - 2.826 ms
127.0.0.1 [14/Mar/2026:10:34:45 +0000] "GET /api/vehicules HTTP/1.1" 400 28 "http://localhost:4200/admin/carte" - 3.405 ms
127.0.0.1 [14/Mar/2026:10:34:56 +0000] "GET /api/plaintes HTTP/1.1" 400 28 "http://localhost:4200/admin/statistiques" - 4.993 ms
127.0.0.1 [14/Mar/2026:10:34:56 +0000] "GET /api/incidents HTTP/1.1" 400 28 "http://localhost:4200/admin/statistiques" - 1.816 ms
127.0.0.1 [14/Mar/2026:10:34:56 +0000] "GET /api/tournees HTTP/1.1" 400 28 "http://localhost:4200/admin/statistiques" - 3.974 ms
127.0.0.1 [14/Mar/2026:10:34:56 +0000] "GET /api/incidents HTTP/1.1" 400 28 "http://localhost:4200/admin/incidents" - 2.379 ms
127.0.0.1 [14/Mar/2026:10:36:19 +0000] "GET /api/incidents HTTP/1.1" 400 28 "http://localhost:4200/admin/incidents" - 15.885 ms
127.0.0.1 [14/Mar/2026:11:08:16 +0000] "GET /api/plaintes HTTP/1.1" 401 74 "http://localhost:4200/admin/plaintes" - 10.518 ms
127.0.0.1 [14/Mar/2026:11:08:32 +0000] "POST /api/auth/login HTTP/1.1" 200 559 "http://localhost:4200/login?returnUrl=%2Fadmin%2Fplaintes" - 231.053 ms
127.0.0.1 [14/Mar/2026:11:08:32 +0000] "GET /api/plaintes HTTP/1.1" 200 2535 "http://localhost:4200/admin/plaintes" - 30.351 ms
127.0.0.1 [14/Mar/2026:11:08:39 +0000] "GET /api/zones HTTP/1.1" 200 530 "http://localhost:4200/admin/bacs" - 12.701 ms
127.0.0.1 [14/Mar/2026:11:08:39 +0000] "GET /api/bacs HTTP/1.1" 200 398 "http://localhost:4200/admin/bacs" - 15.849 ms
127.0.0.1 [14/Mar/2026:11:08:44 +0000] "GET /api/bacs/stats HTTP/1.1" 200 80 "http://localhost:4200/admin/carte" - 37.975 ms
127.0.0.1 [14/Mar/2026:11:08:44 +0000] "GET /api/vehicules HTTP/1.1" 200 761 "http://localhost:4200/admin/carte" - 14.780 ms
127.0.0.1 [14/Mar/2026:11:08:58 +0000] "POST /api/bacs/tournee-optimisee HTTP/1.1" 200 430 "http://localhost:4200/admin/carte" - 11.579 ms
127.0.0.1 [14/Mar/2026:11:09:31 +0000] "GET /api/bacs HTTP/1.1" 304 - "http://localhost:4200/admin/carte" - 9.817 ms
127.0.0.1 [14/Mar/2026:11:09:40 +0000] "POST /api/bacs/tournee-optimisee HTTP/1.1" 200 430 "http://localhost:4200/admin/carte" - 13.257 ms
127.0.0.1 [14/Mar/2026:11:09:52 +0000] "POST /api/bacs/tournee-optimisee HTTP/1.1" 200 430 "http://localhost:4200/admin/carte" - 13.166 ms
127.0.0.1 [14/Mar/2026:11:09:58 +0000] "GET /api/zones HTTP/1.1" 304 - "http://localhost:4200/admin/bacs" - 14.629 ms
127.0.0.1 [14/Mar/2026:11:09:58 +0000] "GET /api/bacs HTTP/1.1" 304 - "http://localhost:4200/admin/bacs" - 14.825 ms
127.0.0.1 [14/Mar/2026:11:10:04 +0000] "PATCH /api/bacs/69b5281d868c427da092f178/niveau HTTP/1.1" 200 357 "http://localhost:4200/admin/bacs" - 49.436 ms
127.0.0.1 [14/Mar/2026:11:10:04 +0000] "GET /api/bacs HTTP/1.1" 200 398 "http://localhost:4200/admin/bacs" - 7.029 ms
127.0.0.1 [14/Mar/2026:11:10:06 +0000] "GET /api/bacs/stats HTTP/1.1" 304 - "http://localhost:4200/admin/carte" - 21.723 ms
127.0.0.1 [14/Mar/2026:11:10:06 +0000] "GET /api/vehicules HTTP/1.1" 304 - "http://localhost:4200/admin/carte" - 9.097 ms
127.0.0.1 [14/Mar/2026:11:11:39 +0000] "GET /api/zones HTTP/1.1" 304 - "http://localhost:4200/admin/carte" - 10.677 ms
127.0.0.1 [14/Mar/2026:11:11:39 +0000] "GET /api/bacs/stats HTTP/1.1" 304 - "http://localhost:4200/admin/carte" - 59.158 ms
127.0.0.1 [14/Mar/2026:11:11:39 +0000] "GET /api/vehicules HTTP/1.1" 304 - "http://localhost:4200/admin/carte" - 19.989 ms
127.0.0.1 [14/Mar/2026:11:11:39 +0000] "GET /api/bacs HTTP/1.1" 304 - "http://localhost:4200/admin/carte" - 40.846 ms
127.0.0.1 [14/Mar/2026:11:14:02 +0000] "GET /api/vehicules HTTP/1.1" 304 - "http://localhost:4200/admin/vehicules" - 5.684 ms
127.0.0.1 [14/Mar/2026:11:14:07 +0000] "GET /api/users HTTP/1.1" 304 - "http://localhost:4200/admin/equipes" - 12.504 ms
127.0.0.1 [14/Mar/2026:11:14:07 +0000] "GET /api/equipes HTTP/1.1" 304 - "http://localhost:4200/admin/equipes" - 29.649 ms
127.0.0.1 [14/Mar/2026:11:14:22 +0000] "GET /api/zones HTTP/1.1" 304 - "http://localhost:4200/admin/tournees" - 16.064 ms
127.0.0.1 [14/Mar/2026:11:14:22 +0000] "GET /api/quartiers HTTP/1.1" 304 - "http://localhost:4200/admin/tournees" - 15.243 ms
127.0.0.1 [14/Mar/2026:11:14:22 +0000] "GET /api/tournees HTTP/1.1" 200 2459 "http://localhost:4200/admin/tournees" - 33.555 ms
127.0.0.1 [14/Mar/2026:11:15:15 +0000] "GET /api/tournees HTTP/1.1" 304 - "http://localhost:4200/admin/tournees" - 17.186 ms
127.0.0.1 [14/Mar/2026:11:15:15 +0000] "GET /api/zones HTTP/1.1" 304 - "http://localhost:4200/admin/tournees" - 21.487 ms
127.0.0.1 [14/Mar/2026:11:15:15 +0000] "GET /api/vehicules HTTP/1.1" 304 - "http://localhost:4200/admin/tournees" - 22.819 ms
127.0.0.1 [14/Mar/2026:11:15:15 +0000] "GET /api/equipes HTTP/1.1" 304 - "http://localhost:4200/admin/tournees" - 37.054 ms
127.0.0.1 [14/Mar/2026:11:15:15 +0000] "GET /api/quartiers HTTP/1.1" 304 - "http://localhost:4200/admin/tournees" - 18.026 ms
127.0.0.1 [14/Mar/2026:11:16:51 +0000] "GET /api/zones HTTP/1.1" 304 - "http://localhost:4200/admin/carte" - 8.258 ms
127.0.0.1 [14/Mar/2026:11:16:51 +0000] "GET /api/bacs/stats HTTP/1.1" 304 - "http://localhost:4200/admin/carte" - 26.141 ms
127.0.0.1 [14/Mar/2026:11:16:51 +0000] "GET /api/vehicules HTTP/1.1" 304 - "http://localhost:4200/admin/carte" - 15.137 ms
127.0.0.1 [14/Mar/2026:11:16:51 +0000] "GET /api/bacs HTTP/1.1" 304 - "http://localhost:4200/admin/carte" - 32.602 ms
127.0.0.1 [14/Mar/2026:11:18:19 +0000] "GET /api/zones HTTP/1.1" 304 - "http://localhost:4200/admin/carte" - 34.340 ms
127.0.0.1 [14/Mar/2026:11:18:19 +0000] "GET /api/vehicules HTTP/1.1" 304 - "http://localhost:4200/admin/carte" - 20.529 ms
127.0.0.1 [14/Mar/2026:11:18:19 +0000] "GET /api/bacs HTTP/1.1" 304 - "http://localhost:4200/admin/carte" - 34.074 ms
127.0.0.1 [14/Mar/2026:11:18:19 +0000] "GET /api/bacs/stats HTTP/1.1" 304 - "http://localhost:4200/admin/carte" - 52.376 ms
127.0.0.1 [14/Mar/2026:11:25:29 +0000] "GET /api/zones HTTP/1.1" 304 - "http://localhost:4200/admin/carte" - 16.690 ms
127.0.0.1 [14/Mar/2026:11:25:29 +0000] "GET /api/bacs/stats HTTP/1.1" 304 - "http://localhost:4200/admin/carte" - 24.386 ms
127.0.0.1 [14/Mar/2026:11:25:29 +0000] "GET /api/vehicules HTTP/1.1" 304 - "http://localhost:4200/admin/carte" - 9.490 ms
127.0.0.1 [14/Mar/2026:11:25:29 +0000] "GET /api/bacs HTTP/1.1" 304 - "http://localhost:4200/admin/carte" - 21.219 ms
127.0.0.1 [14/Mar/2026:11:26:24 +0000] "GET /api/zones HTTP/1.1" 304 - "http://localhost:4200/admin/carte" - 12.747 ms
127.0.0.1 [14/Mar/2026:11:26:24 +0000] "GET /api/bacs/stats HTTP/1.1" 304 - "http://localhost:4200/admin/carte" - 20.075 ms
127.0.0.1 [14/Mar/2026:11:26:24 +0000] "GET /api/vehicules HTTP/1.1" 304 - "http://localhost:4200/admin/carte" - 10.144 ms
127.0.0.1 [14/Mar/2026:11:26:24 +0000] "GET /api/bacs HTTP/1.1" 304 - "http://localhost:4200/admin/carte" - 21.209 ms
127.0.0.1 [14/Mar/2026:11:26:51 +0000] "GET /api/zones HTTP/1.1" 304 - "http://localhost:4200/admin/carte" - 16.886 ms
127.0.0.1 [14/Mar/2026:11:26:51 +0000] "GET /api/bacs/stats HTTP/1.1" 304 - "http://localhost:4200/admin/carte" - 22.606 ms
127.0.0.1 [14/Mar/2026:11:26:51 +0000] "GET /api/vehicules HTTP/1.1" 304 - "http://localhost:4200/admin/carte" - 11.847 ms
127.0.0.1 [14/Mar/2026:11:26:51 +0000] "GET /api/bacs HTTP/1.1" 304 - "http://localhost:4200/admin/carte" - 23.866 ms
127.0.0.1 [14/Mar/2026:11:29:43 +0000] "GET /api/zones HTTP/1.1" 304 - "http://localhost:4200/admin/carte" - 21.269 ms
127.0.0.1 [14/Mar/2026:11:29:43 +0000] "GET /api/bacs/stats HTTP/1.1" 304 - "http://localhost:4200/admin/carte" - 30.469 ms
127.0.0.1 [14/Mar/2026:11:29:43 +0000] "GET /api/vehicules HTTP/1.1" 304 - "http://localhost:4200/admin/carte" - 11.552 ms
127.0.0.1 [14/Mar/2026:11:29:43 +0000] "GET /api/bacs HTTP/1.1" 304 - "http://localhost:4200/admin/carte" - 21.573 ms
127.0.0.1 [14/Mar/2026:11:33:39 +0000] "PUT /api/bacs/69b5281d868c427da092f178 HTTP/1.1" 200 358 "http://localhost:4200/admin/bacs" - 18.562 ms
127.0.0.1 [14/Mar/2026:11:33:39 +0000] "GET /api/bacs HTTP/1.1" 200 399 "http://localhost:4200/admin/bacs" - 10.069 ms
127.0.0.1 [14/Mar/2026:11:33:45 +0000] "GET /api/zones HTTP/1.1" 304 - "http://localhost:4200/admin/carte" - 18.241 ms
127.0.0.1 [14/Mar/2026:11:33:45 +0000] "GET /api/bacs/stats HTTP/1.1" 304 - "http://localhost:4200/admin/carte" - 27.052 ms
127.0.0.1 [14/Mar/2026:11:33:45 +0000] "GET /api/vehicules HTTP/1.1" 304 - "http://localhost:4200/admin/carte" - 14.926 ms
127.0.0.1 [14/Mar/2026:11:34:42 +0000] "PUT /api/bacs/69b5281d868c427da092f178 HTTP/1.1" 200 360 "http://localhost:4200/admin/bacs" - 14.602 ms
127.0.0.1 [14/Mar/2026:11:34:43 +0000] "GET /api/bacs HTTP/1.1" 200 401 "http://localhost:4200/admin/bacs" - 7.408 ms
127.0.0.1 [14/Mar/2026:11:34:49 +0000] "GET /api/zones HTTP/1.1" 304 - "http://localhost:4200/admin/carte" - 17.423 ms
127.0.0.1 [14/Mar/2026:11:34:49 +0000] "GET /api/vehicules HTTP/1.1" 304 - "http://localhost:4200/admin/carte" - 13.192 ms
127.0.0.1 [14/Mar/2026:11:34:49 +0000] "GET /api/bacs/stats HTTP/1.1" 304 - "http://localhost:4200/admin/carte" - 61.929 ms
127.0.0.1 [14/Mar/2026:11:36:36 +0000] "POST /api/bacs HTTP/1.1" 201 359 "http://localhost:4200/admin/bacs" - 15.165 ms
127.0.0.1 [14/Mar/2026:11:36:36 +0000] "GET /api/bacs HTTP/1.1" 200 766 "http://localhost:4200/admin/bacs" - 10.563 ms
127.0.0.1 [14/Mar/2026:11:36:42 +0000] "GET /api/zones HTTP/1.1" 304 - "http://localhost:4200/admin/carte" - 18.573 ms
127.0.0.1 [14/Mar/2026:11:36:42 +0000] "GET /api/bacs/stats HTTP/1.1" 200 80 "http://localhost:4200/admin/carte" - 31.431 ms
127.0.0.1 [14/Mar/2026:11:36:42 +0000] "GET /api/vehicules HTTP/1.1" 304 - "http://localhost:4200/admin/carte" - 22.550 ms
127.0.0.1 [14/Mar/2026:11:37:38 +0000] "GET /api/bacs?zoneId=69a16be75922759d661fc015 HTTP/1.1" 200 766 "http://localhost:4200/admin/carte" - 16.541 ms
127.0.0.1 [14/Mar/2026:11:37:43 +0000] "GET /api/zones HTTP/1.1" 304 - "http://localhost:4200/admin/bacs" - 6.235 ms
127.0.0.1 [14/Mar/2026:11:38:40 +0000] "POST /api/bacs HTTP/1.1" 201 360 "http://localhost:4200/admin/bacs" - 18.570 ms
127.0.0.1 [14/Mar/2026:11:38:40 +0000] "GET /api/bacs HTTP/1.1" 200 1130 "http://localhost:4200/admin/bacs" - 13.442 ms
127.0.0.1 [14/Mar/2026:11:38:46 +0000] "GET /api/zones HTTP/1.1" 304 - "http://localhost:4200/admin/carte" - 18.990 ms
127.0.0.1 [14/Mar/2026:11:38:46 +0000] "GET /api/bacs/stats HTTP/1.1" 200 80 "http://localhost:4200/admin/carte" - 30.494 ms
127.0.0.1 [14/Mar/2026:11:38:46 +0000] "GET /api/vehicules HTTP/1.1" 304 - "http://localhost:4200/admin/carte" - 11.651 ms
127.0.0.1 [14/Mar/2026:11:39:53 +0000] "PATCH /api/bacs/69b54844d14195dd88d4356d/niveau HTTP/1.1" 200 360 "http://localhost:4200/admin/bacs" - 12.061 ms
127.0.0.1 [14/Mar/2026:11:39:53 +0000] "GET /api/bacs HTTP/1.1" 200 1131 "http://localhost:4200/admin/bacs" - 7.603 ms
127.0.0.1 [14/Mar/2026:11:40:03 +0000] "PATCH /api/bacs/69b54844d14195dd88d4356d/niveau HTTP/1.1" 200 360 "http://localhost:4200/admin/bacs" - 7.966 ms
127.0.0.1 [14/Mar/2026:11:40:03 +0000] "GET /api/bacs HTTP/1.1" 200 1131 "http://localhost:4200/admin/bacs" - 8.292 ms
127.0.0.1 [14/Mar/2026:11:40:14 +0000] "PATCH /api/bacs/69b54844d14195dd88d4356d/niveau HTTP/1.1" 200 359 "http://localhost:4200/admin/bacs" - 9.217 ms
127.0.0.1 [14/Mar/2026:11:40:14 +0000] "GET /api/bacs HTTP/1.1" 200 1130 "http://localhost:4200/admin/bacs" - 8.850 ms
127.0.0.1 [14/Mar/2026:11:40:27 +0000] "GET /api/vehicules HTTP/1.1" 304 - "http://localhost:4200/admin/vehicules" - 8.543 ms
127.0.0.1 [14/Mar/2026:11:40:42 +0000] "PUT /api/vehicules/69a2e61a55c78d4e67846547 HTTP/1.1" 200 315 "http://localhost:4200/admin/vehicules" - 52.628 ms
127.0.0.1 [14/Mar/2026:11:40:42 +0000] "GET /api/vehicules HTTP/1.1" 200 811 "http://localhost:4200/admin/vehicules" - 4.703 ms
127.0.0.1 [14/Mar/2026:11:40:55 +0000] "GET /api/zones HTTP/1.1" 304 - "http://localhost:4200/admin/carte" - 16.033 ms
127.0.0.1 [14/Mar/2026:11:40:55 +0000] "GET /api/bacs/stats HTTP/1.1" 304 - "http://localhost:4200/admin/carte" - 31.149 ms
127.0.0.1 [14/Mar/2026:11:41:21 +0000] "GET /api/users HTTP/1.1" 304 - "http://localhost:4200/admin/equipes" - 7.769 ms
127.0.0.1 [14/Mar/2026:11:41:21 +0000] "GET /api/equipes HTTP/1.1" 304 - "http://localhost:4200/admin/equipes" - 17.284 ms
127.0.0.1 [14/Mar/2026:11:41:29 +0000] "GET /api/equipes/69a16baa5922759d661fc009 HTTP/1.1" 200 547 "http://localhost:4200/admin/equipes" - 12.903 ms
127.0.0.1 [14/Mar/2026:11:41:34 +0000] "DELETE /api/equipes/69a16baa5922759d661fc009/membres/69a2b22cdaa7c8c780794a4a HTTP/1.1" 200 361 "http://localhost:4200/admin/equipes" - 39.642 ms
127.0.0.1 [14/Mar/2026:11:41:34 +0000] "GET /api/equipes HTTP/1.1" 200 1079 "http://localhost:4200/admin/equipes" - 10.173 ms
127.0.0.1 [14/Mar/2026:11:41:37 +0000] "DELETE /api/equipes/69a16baa5922759d661fc009/membres/69b3ed93ba51244614b969bd HTTP/1.1" 200 253 "http://localhost:4200/admin/equipes" - 10.699 ms
127.0.0.1 [14/Mar/2026:11:41:37 +0000] "GET /api/equipes HTTP/1.1" 200 986 "http://localhost:4200/admin/equipes" - 7.682 ms
127.0.0.1 [14/Mar/2026:11:41:39 +0000] "GET /api/equipes/69a2e67855c78d4e6784655d HTTP/1.1" 200 327 "http://localhost:4200/admin/equipes" - 7.070 ms
127.0.0.1 [14/Mar/2026:11:41:45 +0000] "POST /api/equipes/69a2e67855c78d4e6784655d/membres HTTP/1.1" 200 361 "http://localhost:4200/admin/equipes" - 71.771 ms
127.0.0.1 [14/Mar/2026:11:41:45 +0000] "GET /api/equipes HTTP/1.1" 200 1079 "http://localhost:4200/admin/equipes" - 8.024 ms
127.0.0.1 [14/Mar/2026:11:41:48 +0000] "POST /api/equipes/69a2e67855c78d4e6784655d/membres HTTP/1.1" 409 581 "http://localhost:4200/admin/equipes" - 4.442 ms
127.0.0.1 [14/Mar/2026:11:41:54 +0000] "POST /api/equipes/69a2e67855c78d4e6784655d/membres HTTP/1.1" 200 473 "http://localhost:4200/admin/equipes" - 11.495 ms
127.0.0.1 [14/Mar/2026:11:41:54 +0000] "GET /api/equipes HTTP/1.1" 200 1176 "http://localhost:4200/admin/equipes" - 7.642 ms
127.0.0.1 [14/Mar/2026:11:42:04 +0000] "GET /api/zones HTTP/1.1" 304 - "http://localhost:4200/admin/tournees" - 23.366 ms
127.0.0.1 [14/Mar/2026:11:42:04 +0000] "GET /api/vehicules HTTP/1.1" 304 - "http://localhost:4200/admin/tournees" - 20.665 ms
127.0.0.1 [14/Mar/2026:11:42:04 +0000] "GET /api/quartiers HTTP/1.1" 304 - "http://localhost:4200/admin/tournees" - 19.128 ms
127.0.0.1 [14/Mar/2026:11:42:04 +0000] "GET /api/tournees HTTP/1.1" 304 - "http://localhost:4200/admin/tournees" - 43.338 ms
127.0.0.1 [14/Mar/2026:11:42:27 +0000] "POST /api/tournees HTTP/1.1" 201 439 "http://localhost:4200/admin/tournees" - 28.511 ms
127.0.0.1 [14/Mar/2026:11:42:27 +0000] "GET /api/tournees HTTP/1.1" 200 2967 "http://localhost:4200/admin/tournees" - 24.436 ms
127.0.0.1 [14/Mar/2026:11:42:32 +0000] "GET /api/bacs/stats HTTP/1.1" 304 - "http://localhost:4200/admin/carte" - 25.142 ms
127.0.0.1 [14/Mar/2026:11:42:32 +0000] "GET /api/bacs HTTP/1.1" 304 - "http://localhost:4200/admin/carte" - 11.437 ms
127.0.0.1 [14/Mar/2026:11:44:19 +0000] "GET /api/tournees/agent/mes-tournees HTTP/1.1" 401 74 "http://localhost:4200/agent/dashboard" - 3.194 ms
127.0.0.1 [14/Mar/2026:11:44:25 +0000] "POST /api/auth/login HTTP/1.1" 200 601 "http://localhost:4200/login?returnUrl=%2Fagent%2Fdashboard" - 106.852 ms
127.0.0.1 [14/Mar/2026:11:44:25 +0000] "GET /api/tournees/agent/mes-tournees HTTP/1.1" 200 1218 "http://localhost:4200/agent/dashboard" - 68.684 ms
127.0.0.1 [14/Mar/2026:11:44:33 +0000] "GET /api/tournees/69b549a3d14195dd88d435c2 HTTP/1.1" 200 651 "http://localhost:4200/agent/tournee/69b549a3d14195dd88d435c2" - 14.076 ms
127.0.0.1 [14/Mar/2026:11:44:33 +0000] "GET /api/collectes/tournee/69b549a3d14195dd88d435c2 HTTP/1.1" 200 36 "http://localhost:4200/agent/tournee/69b549a3d14195dd88d435c2" - 4.478 ms
127.0.0.1 [14/Mar/2026:11:44:37 +0000] "PUT /api/tournees/69b549a3d14195dd88d435c2/demarrer HTTP/1.1" 200 605 "http://localhost:4200/agent/tournee/69b549a3d14195dd88d435c2" - 102.058 ms
127.0.0.1 [14/Mar/2026:11:44:49 +0000] "GET /api/zones HTTP/1.1" 304 - "http://localhost:4200/admin/carte" - 25.648 ms
127.0.0.1 [14/Mar/2026:11:44:49 +0000] "GET /api/bacs/stats HTTP/1.1" 304 - "http://localhost:4200/admin/carte" - 33.372 ms
127.0.0.1 [14/Mar/2026:11:44:49 +0000] "GET /api/vehicules HTTP/1.1" 304 - "http://localhost:4200/admin/carte" - 9.568 ms
127.0.0.1 [14/Mar/2026:11:44:49 +0000] "GET /api/bacs HTTP/1.1" 304 - "http://localhost:4200/admin/carte" - 24.192 ms
127.0.0.1 [14/Mar/2026:11:45:36 +0000] "PUT /api/vehicules/69a2e61a55c78d4e67846547 HTTP/1.1" 200 315 "http://localhost:4200/admin/vehicules" - 19.207 ms
127.0.0.1 [14/Mar/2026:11:45:36 +0000] "GET /api/vehicules HTTP/1.1" 200 811 "http://localhost:4200/admin/vehicules" - 5.458 ms
127.0.0.1 [14/Mar/2026:11:45:39 +0000] "GET /api/zones/arrondissements HTTP/1.1" 304 - "http://localhost:4200/admin/zones" - 12.496 ms
127.0.0.1 [14/Mar/2026:11:45:43 +0000] "GET /api/users HTTP/1.1" 304 - "http://localhost:4200/admin/equipes" - 8.036 ms
127.0.0.1 [14/Mar/2026:11:45:43 +0000] "GET /api/equipes HTTP/1.1" 304 - "http://localhost:4200/admin/equipes" - 18.616 ms
127.0.0.1 [14/Mar/2026:11:45:49 +0000] "GET /api/zones HTTP/1.1" 304 - "http://localhost:4200/admin/tournees" - 14.122 ms
127.0.0.1 [14/Mar/2026:11:45:49 +0000] "GET /api/quartiers HTTP/1.1" 304 - "http://localhost:4200/admin/tournees" - 10.502 ms
127.0.0.1 [14/Mar/2026:11:45:49 +0000] "GET /api/tournees HTTP/1.1" 200 3009 "http://localhost:4200/admin/tournees" - 25.114 ms
127.0.0.1 [14/Mar/2026:11:46:04 +0000] "GET /api/bacs HTTP/1.1" 304 - "http://localhost:4200/admin/bacs" - 6.224 ms
127.0.0.1 [14/Mar/2026:11:46:05 +0000] "GET /api/plaintes HTTP/1.1" 304 - "http://localhost:4200/admin/statistiques" - 21.446 ms
127.0.0.1 [14/Mar/2026:11:46:05 +0000] "GET /api/incidents HTTP/1.1" 200 882 "http://localhost:4200/admin/statistiques" - 24.642 ms
127.0.0.1 [14/Mar/2026:11:46:11 +0000] "GET /api/bacs/stats HTTP/1.1" 304 - "http://localhost:4200/admin/carte" - 17.203 ms
127.0.0.1 [14/Mar/2026:11:49:02 +0000] "GET /api/tournees/69b549a3d14195dd88d435c2 HTTP/1.1" 200 693 "http://localhost:4200/agent/tournee/69b549a3d14195dd88d435c2" - 97.923 ms
127.0.0.1 [14/Mar/2026:11:49:02 +0000] "GET /api/collectes/tournee/69b549a3d14195dd88d435c2 HTTP/1.1" 304 - "http://localhost:4200/agent/tournee/69b549a3d14195dd88d435c2" - 10.412 ms
127.0.0.1 [14/Mar/2026:11:49:02 +0000] "GET /api/zones HTTP/1.1" 304 - "http://localhost:4200/admin/carte" - 21.650 ms
127.0.0.1 [14/Mar/2026:11:49:02 +0000] "GET /api/bacs/stats HTTP/1.1" 304 - "http://localhost:4200/admin/carte" - 31.139 ms
127.0.0.1 [14/Mar/2026:11:49:02 +0000] "GET /api/vehicules HTTP/1.1" 304 - "http://localhost:4200/admin/carte" - 14.475 ms
127.0.0.1 [14/Mar/2026:11:49:02 +0000] "GET /api/bacs HTTP/1.1" 304 - "http://localhost:4200/admin/carte" - 30.374 ms
127.0.0.1 [14/Mar/2026:11:49:06 +0000] "GET /api/tournees/69b549a3d14195dd88d435c2 HTTP/1.1" 304 - "http://localhost:4200/agent/tournee/69b549a3d14195dd88d435c2" - 28.441 ms
127.0.0.1 [14/Mar/2026:11:49:06 +0000] "GET /api/zones HTTP/1.1" 304 - "http://localhost:4200/admin/carte" - 31.845 ms
127.0.0.1 [14/Mar/2026:11:49:06 +0000] "GET /api/collectes/tournee/69b549a3d14195dd88d435c2 HTTP/1.1" 304 - "http://localhost:4200/agent/tournee/69b549a3d14195dd88d435c2" - 20.490 ms
127.0.0.1 [14/Mar/2026:11:49:06 +0000] "GET /api/bacs/stats HTTP/1.1" 304 - "http://localhost:4200/admin/carte" - 42.321 ms
127.0.0.1 [14/Mar/2026:11:49:06 +0000] "GET /api/vehicules HTTP/1.1" 304 - "http://localhost:4200/admin/carte" - 13.452 ms
127.0.0.1 [14/Mar/2026:11:49:06 +0000] "GET /api/bacs HTTP/1.1" 304 - "http://localhost:4200/admin/carte" - 27.854 ms
127.0.0.1 [14/Mar/2026:11:49:11 +0000] "GET /api/tournees/69b549a3d14195dd88d435c2 HTTP/1.1" 304 - "http://localhost:4200/agent/tournee/69b549a3d14195dd88d435c2" - 25.513 ms
127.0.0.1 [14/Mar/2026:11:49:11 +0000] "GET /api/collectes/tournee/69b549a3d14195dd88d435c2 HTTP/1.1" 304 - "http://localhost:4200/agent/tournee/69b549a3d14195dd88d435c2" - 6.689 ms
127.0.0.1 [14/Mar/2026:11:49:11 +0000] "GET /api/zones HTTP/1.1" 304 - "http://localhost:4200/admin/carte" - 15.675 ms
127.0.0.1 [14/Mar/2026:11:49:11 +0000] "GET /api/bacs/stats HTTP/1.1" 304 - "http://localhost:4200/admin/carte" - 21.774 ms
127.0.0.1 [14/Mar/2026:11:49:11 +0000] "GET /api/vehicules HTTP/1.1" 304 - "http://localhost:4200/admin/carte" - 11.987 ms
127.0.0.1 [14/Mar/2026:11:49:11 +0000] "GET /api/bacs HTTP/1.1" 304 - "http://localhost:4200/admin/carte" - 20.039 ms
127.0.0.1 [14/Mar/2026:11:49:23 +0000] "GET /api/zones HTTP/1.1" 304 - "http://localhost:4200/admin/carte" - 11.184 ms
127.0.0.1 [14/Mar/2026:11:49:23 +0000] "GET /api/bacs/stats HTTP/1.1" 304 - "http://localhost:4200/admin/carte" - 15.900 ms
127.0.0.1 [14/Mar/2026:11:49:23 +0000] "GET /api/vehicules HTTP/1.1" 304 - "http://localhost:4200/admin/carte" - 17.290 ms
127.0.0.1 [14/Mar/2026:11:49:23 +0000] "GET /api/bacs HTTP/1.1" 304 - "http://localhost:4200/admin/carte" - 27.963 ms
127.0.0.1 [14/Mar/2026:11:49:23 +0000] "GET /api/tournees HTTP/1.1" 304 - "http://localhost:4200/admin/carte" - 29.741 ms
127.0.0.1 [14/Mar/2026:11:49:23 +0000] "GET /api/tournees/69b549a3d14195dd88d435c2 HTTP/1.1" 304 - "http://localhost:4200/agent/tournee/69b549a3d14195dd88d435c2" - 21.942 ms
127.0.0.1 [14/Mar/2026:11:49:23 +0000] "GET /api/collectes/tournee/69b549a3d14195dd88d435c2 HTTP/1.1" 304 - "http://localhost:4200/agent/tournee/69b549a3d14195dd88d435c2" - 6.965 ms
127.0.0.1 [14/Mar/2026:11:49:31 +0000] "GET /api/tournees/69b549a3d14195dd88d435c2 HTTP/1.1" 304 - "http://localhost:4200/agent/tournee/69b549a3d14195dd88d435c2" - 26.634 ms
127.0.0.1 [14/Mar/2026:11:49:31 +0000] "GET /api/collectes/tournee/69b549a3d14195dd88d435c2 HTTP/1.1" 304 - "http://localhost:4200/agent/tournee/69b549a3d14195dd88d435c2" - 8.489 ms
127.0.0.1 [14/Mar/2026:11:49:31 +0000] "GET /api/zones HTTP/1.1" 304 - "http://localhost:4200/admin/carte" - 11.290 ms
127.0.0.1 [14/Mar/2026:11:49:31 +0000] "GET /api/bacs/stats HTTP/1.1" 304 - "http://localhost:4200/admin/carte" - 15.995 ms
127.0.0.1 [14/Mar/2026:11:49:31 +0000] "GET /api/bacs HTTP/1.1" 304 - "http://localhost:4200/admin/carte" - 20.915 ms
127.0.0.1 [14/Mar/2026:11:49:31 +0000] "GET /api/vehicules HTTP/1.1" 304 - "http://localhost:4200/admin/carte" - 14.828 ms
127.0.0.1 [14/Mar/2026:11:49:31 +0000] "GET /api/tournees HTTP/1.1" 304 - "http://localhost:4200/admin/carte" - 26.380 ms
127.0.0.1 [14/Mar/2026:11:52:04 +0000] "GET /api/zones HTTP/1.1" 304 - "http://localhost:4200/admin/carte" - 181.210 ms
127.0.0.1 [14/Mar/2026:11:52:04 +0000] "GET /api/vehicules HTTP/1.1" 304 - "http://localhost:4200/admin/carte" - 86.510 ms
127.0.0.1 [14/Mar/2026:11:52:04 +0000] "GET /api/bacs/stats HTTP/1.1" 304 - "http://localhost:4200/admin/carte" - 186.649 ms
127.0.0.1 [14/Mar/2026:11:52:04 +0000] "GET /api/bacs HTTP/1.1" 304 - "http://localhost:4200/admin/carte" - 162.391 ms
127.0.0.1 [14/Mar/2026:11:52:04 +0000] "GET /api/tournees HTTP/1.1" 304 - "http://localhost:4200/admin/carte" - 129.019 ms
127.0.0.1 [14/Mar/2026:11:52:20 +0000] "POST /api/bacs/tournee-optimisee HTTP/1.1" 200 433 "http://localhost:4200/admin/carte" - 17.288 ms
127.0.0.1 [14/Mar/2026:11:52:53 +0000] "PUT /api/vehicules/69a2e61a55c78d4e67846547 HTTP/1.1" 200 315 "http://localhost:4200/admin/vehicules" - 51.111 ms
127.0.0.1 [14/Mar/2026:11:52:53 +0000] "GET /api/vehicules HTTP/1.1" 200 811 "http://localhost:4200/admin/vehicules" - 10.223 ms
127.0.0.1 [14/Mar/2026:11:52:56 +0000] "GET /api/bacs/stats HTTP/1.1" 304 - "http://localhost:4200/admin/carte" - 64.931 ms
127.0.0.1 [14/Mar/2026:11:52:56 +0000] "GET /api/bacs HTTP/1.1" 304 - "http://localhost:4200/admin/carte" - 35.600 ms
127.0.0.1 [14/Mar/2026:11:53:12 +0000] "GET /api/tournees/69b549a3d14195dd88d435c2 HTTP/1.1" 304 - "http://localhost:4200/agent/tournee/69b549a3d14195dd88d435c2" - 106.544 ms
127.0.0.1 [14/Mar/2026:11:53:12 +0000] "GET /api/collectes/tournee/69b549a3d14195dd88d435c2 HTTP/1.1" 304 - "http://localhost:4200/agent/tournee/69b549a3d14195dd88d435c2" - 10.554 ms
127.0.0.1 [14/Mar/2026:11:53:12 +0000] "GET /api/tournees/agent/mes-tournees HTTP/1.1" 200 1260 "http://localhost:4200/agent/dashboard" - 34.459 ms
127.0.0.1 [14/Mar/2026:11:53:21 +0000] "PUT /api/tournees/69b549a3d14195dd88d435c2/terminer HTTP/1.1" 200 555 "http://localhost:4200/agent/tournee/69b549a3d14195dd88d435c2" - 84.168 ms
127.0.0.1 [14/Mar/2026:11:53:23 +0000] "GET /api/tournees/agent/mes-tournees HTTP/1.1" 200 1303 "http://localhost:4200/agent/dashboard" - 27.403 ms
127.0.0.1 [14/Mar/2026:11:53:29 +0000] "GET /api/zones HTTP/1.1" 304 - "http://localhost:4200/admin/carte" - 34.225 ms
127.0.0.1 [14/Mar/2026:11:53:29 +0000] "GET /api/bacs/stats HTTP/1.1" 304 - "http://localhost:4200/admin/carte" - 47.102 ms
127.0.0.1 [14/Mar/2026:11:53:29 +0000] "GET /api/vehicules HTTP/1.1" 200 811 "http://localhost:4200/admin/carte" - 29.072 ms
127.0.0.1 [14/Mar/2026:11:53:30 +0000] "GET /api/bacs HTTP/1.1" 304 - "http://localhost:4200/admin/carte" - 71.219 ms
127.0.0.1 [14/Mar/2026:11:53:30 +0000] "GET /api/tournees HTTP/1.1" 200 3052 "http://localhost:4200/admin/carte" - 111.428 ms
127.0.0.1 [14/Mar/2026:11:55:02 +0000] "PUT /api/vehicules/69a16b905922759d661fc003 HTTP/1.1" 200 315 "http://localhost:4200/admin/vehicules" - 25.462 ms
127.0.0.1 [14/Mar/2026:11:55:03 +0000] "GET /api/vehicules HTTP/1.1" 200 861 "http://localhost:4200/admin/vehicules" - 11.082 ms
127.0.0.1 [14/Mar/2026:11:55:17 +0000] "GET /api/plaintes HTTP/1.1" 304 - "http://localhost:4200/admin/plaintes" - 22.883 ms
127.0.0.1 [14/Mar/2026:11:55:18 +0000] "GET /api/tournees HTTP/1.1" 304 - "http://localhost:4200/admin/tournees" - 65.857 ms
127.0.0.1 [14/Mar/2026:11:55:18 +0000] "GET /api/quartiers HTTP/1.1" 304 - "http://localhost:4200/admin/tournees" - 37.286 ms
127.0.0.1 [14/Mar/2026:11:55:18 +0000] "GET /api/zones HTTP/1.1" 304 - "http://localhost:4200/admin/tournees" - 37.037 ms
127.0.0.1 [14/Mar/2026:11:55:18 +0000] "GET /api/equipes HTTP/1.1" 304 - "http://localhost:4200/admin/tournees" - 49.886 ms
127.0.0.1 [14/Mar/2026:11:55:58 +0000] "POST /api/tournees HTTP/1.1" 500 1989 "http://localhost:4200/admin/tournees" - 35.912 ms
127.0.0.1 [14/Mar/2026:11:56:05 +0000] "POST /api/tournees HTTP/1.1" 201 439 "http://localhost:4200/admin/tournees" - 13.562 ms
127.0.0.1 [14/Mar/2026:11:56:05 +0000] "GET /api/tournees HTTP/1.1" 200 3560 "http://localhost:4200/admin/tournees" - 25.764 ms
127.0.0.1 [14/Mar/2026:11:56:23 +0000] "GET /api/zones HTTP/1.1" 304 - "http://localhost:4200/admin/carte" - 47.340 ms
127.0.0.1 [14/Mar/2026:11:56:23 +0000] "GET /api/bacs/stats HTTP/1.1" 304 - "http://localhost:4200/admin/carte" - 83.749 ms
127.0.0.1 [14/Mar/2026:11:56:23 +0000] "GET /api/vehicules HTTP/1.1" 304 - "http://localhost:4200/admin/carte" - 18.991 ms
127.0.0.1 [14/Mar/2026:11:56:23 +0000] "GET /api/bacs HTTP/1.1" 304 - "http://localhost:4200/admin/carte" - 47.648 ms
127.0.0.1 [14/Mar/2026:11:57:23 +0000] "POST /api/bacs/tournee-optimisee HTTP/1.1" 200 433 "http://localhost:4200/admin/carte" - 19.848 ms
127.0.0.1 [14/Mar/2026:11:59:09 +0000] "GET /api/zones HTTP/1.1" 304 - "http://localhost:4200/admin/carte" - 38.318 ms
127.0.0.1 [14/Mar/2026:11:59:09 +0000] "GET /api/bacs/stats HTTP/1.1" 304 - "http://localhost:4200/admin/carte" - 50.447 ms
127.0.0.1 [14/Mar/2026:11:59:09 +0000] "GET /api/vehicules HTTP/1.1" 304 - "http://localhost:4200/admin/carte" - 35.076 ms
127.0.0.1 [14/Mar/2026:11:59:09 +0000] "GET /api/bacs HTTP/1.1" 304 - "http://localhost:4200/admin/carte" - 115.180 ms
127.0.0.1 [14/Mar/2026:11:59:09 +0000] "GET /api/tournees HTTP/1.1" 304 - "http://localhost:4200/admin/carte" - 116.423 ms
127.0.0.1 [14/Mar/2026:11:59:27 +0000] "GET /api/quartiers HTTP/1.1" 304 - "http://localhost:4200/admin/tournees" - 19.246 ms
127.0.0.1 [14/Mar/2026:11:59:27 +0000] "GET /api/equipes HTTP/1.1" 304 - "http://localhost:4200/admin/tournees" - 42.504 ms
127.0.0.1 [14/Mar/2026:12:00:10 +0000] "GET /api/vehicules HTTP/1.1" 304 - "http://localhost:4200/admin/carte" - 21.563 ms
127.0.0.1 [14/Mar/2026:12:00:10 +0000] "GET /api/bacs?zoneId=69a16be75922759d661fc015&statut=Plein HTTP/1.1" 200 401 "http://localhost:4200/admin/carte" - 53.942 ms
127.0.0.1 [14/Mar/2026:12:00:10 +0000] "GET /api/tournees HTTP/1.1" 304 - "http://localhost:4200/admin/carte" - 40.036 ms
127.0.0.1 [14/Mar/2026:12:00:18 +0000] "POST /api/bacs/tournee-optimisee HTTP/1.1" 200 433 "http://localhost:4200/admin/carte" - 21.743 ms
127.0.0.1 [14/Mar/2026:17:11:54 +0000] "GET /api/stats/dashboard HTTP/1.1" 200 5566 "http://localhost:4200/admin/dashboard" - 120.266 ms
127.0.0.1 [14/Mar/2026:17:12:01 +0000] "GET /api/zones HTTP/1.1" 304 - "http://localhost:4200/admin/carte" - 67.259 ms
127.0.0.1 [14/Mar/2026:17:12:01 +0000] "GET /api/bacs/stats HTTP/1.1" 304 - "http://localhost:4200/admin/carte" - 78.235 ms
127.0.0.1 [14/Mar/2026:17:12:01 +0000] "GET /api/bacs HTTP/1.1" 304 - "http://localhost:4200/admin/carte" - 85.707 ms
127.0.0.1 [14/Mar/2026:17:12:01 +0000] "GET /api/vehicules HTTP/1.1" 304 - "http://localhost:4200/admin/carte" - 46.766 ms
127.0.0.1 [14/Mar/2026:17:12:01 +0000] "GET /api/tournees HTTP/1.1" 304 - "http://localhost:4200/admin/carte" - 60.484 ms
127.0.0.1 [14/Mar/2026:17:15:34 +0000] "GET /api/tournees/agent/mes-tournees HTTP/1.1" 304 - "http://localhost:4200/agent/dashboard" - 23.125 ms
127.0.0.1 [14/Mar/2026:17:16:21 +0000] "GET /api/tournees/agent/mes-tournees HTTP/1.1" 401 74 "http://localhost:4200/agent/dashboard" - 4.668 ms
127.0.0.1 [14/Mar/2026:17:16:26 +0000] "POST /api/auth/login HTTP/1.1" 200 601 "http://localhost:4200/login?returnUrl=%2Fagent%2Fdashboard" - 254.094 ms
127.0.0.1 [14/Mar/2026:17:16:26 +0000] "GET /api/tournees/agent/mes-tournees HTTP/1.1" 200 1303 "http://localhost:4200/agent/dashboard" - 46.058 ms
127.0.0.1 [14/Mar/2026:17:16:34 +0000] "GET /api/tournees/69b549a3d14195dd88d435c2 HTTP/1.1" 200 736 "http://localhost:4200/agent/tournee/69b549a3d14195dd88d435c2" - 56.003 ms
127.0.0.1 [14/Mar/2026:17:16:34 +0000] "GET /api/collectes/tournee/69b549a3d14195dd88d435c2 HTTP/1.1" 200 36 "http://localhost:4200/agent/tournee/69b549a3d14195dd88d435c2" - 13.182 ms
127.0.0.1 [14/Mar/2026:17:17:05 +0000] "POST /api/auth/login HTTP/1.1" 200 610 "http://localhost:4200/login" - 177.470 ms
127.0.0.1 [14/Mar/2026:17:17:05 +0000] "GET /api/tournees/agent/mes-tournees HTTP/1.1" 304 - "http://localhost:4200/agent/dashboard" - 37.302 ms
127.0.0.1 [14/Mar/2026:17:17:16 +0000] "GET /api/stats/dashboard HTTP/1.1" 304 - "http://localhost:4200/admin/dashboard" - 73.797 ms
127.0.0.1 [14/Mar/2026:17:17:52 +0000] "POST /api/auth/login HTTP/1.1" 200 536 "http://localhost:4200/login" - 137.934 ms
127.0.0.1 [14/Mar/2026:17:17:52 +0000] "GET /api/plaintes/mes-plaintes HTTP/1.1" 304 - "http://localhost:4200/citoyen/signalements" - 18.420 ms
127.0.0.1 [14/Mar/2026:17:17:55 +0000] "GET /api/zones HTTP/1.1" 304 - "http://localhost:4200/citoyen/nouveau" - 16.987 ms
127.0.0.1 [14/Mar/2026:17:23:29 +0000] "POST /api/plaintes HTTP/1.1" 201 417 "http://localhost:4200/citoyen/nouveau" - 59.875 ms
127.0.0.1 [14/Mar/2026:17:23:31 +0000] "GET /api/plaintes/mes-plaintes HTTP/1.1" 200 1363 "http://localhost:4200/citoyen/signalements" - 14.572 ms
127.0.0.1 [14/Mar/2026:17:23:51 +0000] "GET /api/plaintes HTTP/1.1" 200 2985 "http://localhost:4200/admin/plaintes" - 28.792 ms
127.0.0.1 [14/Mar/2026:17:24:06 +0000] "GET /uploads/plaintes/1773509009191-221348.jpg HTTP/1.1" 200 9818 "http://localhost:4200/admin/plaintes" - 13.497 ms
127.0.0.1 [14/Mar/2026:17:24:06 +0000] "GET /uploads/plaintes/1773509009188-371559.jpg HTTP/1.1" 200 163958 "http://localhost:4200/admin/plaintes" - 17.367 ms
127.0.0.1 [14/Mar/2026:17:24:31 +0000] "PUT /api/plaintes/69b599910fb09d038443f809 HTTP/1.1" 200 471 "http://localhost:4200/admin/plaintes" - 49.357 ms
127.0.0.1 [14/Mar/2026:17:24:31 +0000] "GET /api/plaintes HTTP/1.1" 200 2983 "http://localhost:4200/admin/plaintes" - 24.904 ms
127.0.0.1 [14/Mar/2026:17:25:00 +0000] "GET /api/users HTTP/1.1" 304 - "http://localhost:4200/admin/users" - 27.442 ms
127.0.0.1 [14/Mar/2026:17:25:00 +0000] "GET /api/equipes HTTP/1.1" 304 - "http://localhost:4200/admin/users" - 33.916 ms
127.0.0.1 [14/Mar/2026:17:25:36 +0000] "GET /api/vehicules HTTP/1.1" 304 - "http://localhost:4200/admin/vehicules" - 19.267 ms
127.0.0.1 [14/Mar/2026:17:26:54 +0000] "POST /api/vehicules HTTP/1.1" 400 161 "http://localhost:4200/admin/vehicules" - 18.192 ms
127.0.0.1 [14/Mar/2026:17:27:12 +0000] "POST /api/vehicules HTTP/1.1" 400 161 "http://localhost:4200/admin/vehicules" - 7.692 ms
127.0.0.1 [14/Mar/2026:17:27:21 +0000] "POST /api/vehicules HTTP/1.1" 400 161 "http://localhost:4200/admin/vehicules" - 13.087 ms
127.0.0.1 [14/Mar/2026:17:28:03 +0000] "GET /api/zones HTTP/1.1" 304 - "http://localhost:4200/admin/tournees" - 56.077 ms
127.0.0.1 [14/Mar/2026:17:28:03 +0000] "GET /api/vehicules HTTP/1.1" 304 - "http://localhost:4200/admin/tournees" - 56.401 ms
127.0.0.1 [14/Mar/2026:17:28:03 +0000] "GET /api/quartiers HTTP/1.1" 304 - "http://localhost:4200/admin/tournees" - 52.614 ms
127.0.0.1 [14/Mar/2026:17:28:03 +0000] "GET /api/tournees HTTP/1.1" 304 - "http://localhost:4200/admin/tournees" - 117.746 ms
127.0.0.1 [14/Mar/2026:17:28:03 +0000] "GET /api/equipes HTTP/1.1" 304 - "http://localhost:4200/admin/tournees" - 115.521 ms
127.0.0.1 [14/Mar/2026:17:28:04 +0000] "GET /api/users HTTP/1.1" 304 - "http://localhost:4200/admin/equipes" - 13.630 ms
127.0.0.1 [14/Mar/2026:17:28:50 +0000] "POST /api/tournees HTTP/1.1" 500 1989 "http://localhost:4200/admin/tournees" - 35.969 ms
127.0.0.1 [14/Mar/2026:17:29:32 +0000] "GET /api/zones HTTP/1.1" 304 - "http://localhost:4200/admin/tournees" - 228.424 ms
127.0.0.1 [14/Mar/2026:17:29:32 +0000] "GET /api/vehicules HTTP/1.1" 304 - "http://localhost:4200/admin/tournees" - 172.144 ms
127.0.0.1 [14/Mar/2026:17:29:32 +0000] "GET /api/quartiers HTTP/1.1" 304 - "http://localhost:4200/admin/tournees" - 154.951 ms
127.0.0.1 [14/Mar/2026:17:29:32 +0000] "GET /api/tournees HTTP/1.1" 304 - "http://localhost:4200/admin/tournees" - 480.495 ms
127.0.0.1 [14/Mar/2026:17:29:32 +0000] "GET /api/equipes HTTP/1.1" 304 - "http://localhost:4200/admin/tournees" - 273.764 ms
127.0.0.1 [14/Mar/2026:17:30:06 +0000] "POST /api/tournees HTTP/1.1" 201 442 "http://localhost:4200/admin/tournees" - 62.563 ms
127.0.0.1 [14/Mar/2026:17:30:06 +0000] "GET /api/tournees HTTP/1.1" 200 4071 "http://localhost:4200/admin/tournees" - 42.328 ms
127.0.0.1 [14/Mar/2026:17:31:02 +0000] "GET /api/tournees/agent/mes-tournees HTTP/1.1" 200 1854 "http://localhost:4200/agent/dashboard" - 98.354 ms
127.0.0.1 [14/Mar/2026:17:31:08 +0000] "GET /api/tournees/69b549a3d14195dd88d435c2 HTTP/1.1" 304 - "http://localhost:4200/agent/tournee/69b549a3d14195dd88d435c2" - 50.165 ms
127.0.0.1 [14/Mar/2026:17:31:08 +0000] "GET /api/collectes/tournee/69b549a3d14195dd88d435c2 HTTP/1.1" 304 - "http://localhost:4200/agent/tournee/69b549a3d14195dd88d435c2" - 13.851 ms
127.0.0.1 [14/Mar/2026:17:31:38 +0000] "POST /api/auth/login HTTP/1.1" 200 610 "http://localhost:4200/login" - 175.464 ms
127.0.0.1 [14/Mar/2026:17:31:38 +0000] "GET /api/tournees/agent/mes-tournees HTTP/1.1" 200 1854 "http://localhost:4200/agent/dashboard" - 33.026 ms
127.0.0.1 [14/Mar/2026:17:31:47 +0000] "GET /api/tournees/69b59b1df06afcd4f4b592bf HTTP/1.1" 200 654 "http://localhost:4200/agent/tournee/69b59b1df06afcd4f4b592bf" - 39.875 ms
127.0.0.1 [14/Mar/2026:17:31:47 +0000] "GET /api/collectes/tournee/69b59b1df06afcd4f4b592bf HTTP/1.1" 200 36 "http://localhost:4200/agent/tournee/69b59b1df06afcd4f4b592bf" - 11.368 ms
127.0.0.1 [14/Mar/2026:17:32:02 +0000] "GET /api/tournees/agent/mes-tournees HTTP/1.1" 304 - "http://localhost:4200/agent/dashboard" - 50.273 ms
127.0.0.1 [14/Mar/2026:17:32:08 +0000] "GET /api/tournees/69b59b1df06afcd4f4b592bf HTTP/1.1" 200 654 "http://localhost:4200/agent/tournee/69b59b1df06afcd4f4b592bf" - 47.388 ms
127.0.0.1 [14/Mar/2026:17:32:08 +0000] "GET /api/collectes/tournee/69b59b1df06afcd4f4b592bf HTTP/1.1" 200 36 "http://localhost:4200/agent/tournee/69b59b1df06afcd4f4b592bf" - 7.353 ms
127.0.0.1 [14/Mar/2026:17:32:14 +0000] "PUT /api/tournees/69b59b1df06afcd4f4b592bf/demarrer HTTP/1.1" 200 608 "http://localhost:4200/agent/tournee/69b59b1df06afcd4f4b592bf" - 130.573 ms
127.0.0.1 [14/Mar/2026:17:32:29 +0000] "GET /api/zones HTTP/1.1" 304 - "http://localhost:4200/admin/bacs" - 52.391 ms
127.0.0.1 [14/Mar/2026:17:32:29 +0000] "GET /api/bacs HTTP/1.1" 304 - "http://localhost:4200/admin/bacs" - 27.363 ms
127.0.0.1 [14/Mar/2026:17:33:13 +0000] "GET /api/bacs/stats HTTP/1.1" 304 - "http://localhost:4200/admin/carte" - 59.515 ms
127.0.0.1 [14/Mar/2026:17:33:13 +0000] "GET /api/vehicules HTTP/1.1" 200 862 "http://localhost:4200/admin/carte" - 49.212 ms
127.0.0.1 [14/Mar/2026:17:33:13 +0000] "GET /api/tournees HTTP/1.1" 200 4113 "http://localhost:4200/admin/carte" - 68.463 ms
127.0.0.1 [14/Mar/2026:17:34:13 +0000] "PUT /api/tournees/69b59b1df06afcd4f4b592bf/terminer HTTP/1.1" 200 558 "http://localhost:4200/agent/tournee/69b59b1df06afcd4f4b592bf" - 41.906 ms
127.0.0.1 [14/Mar/2026:17:34:15 +0000] "GET /api/tournees/agent/mes-tournees HTTP/1.1" 200 1939 "http://localhost:4200/agent/dashboard" - 176.624 ms
127.0.0.1 [14/Mar/2026:17:34:21 +0000] "GET /api/zones HTTP/1.1" 304 - "http://localhost:4200/admin/carte" - 37.219 ms
127.0.0.1 [14/Mar/2026:17:34:21 +0000] "GET /api/bacs/stats HTTP/1.1" 304 - "http://localhost:4200/admin/carte" - 86.350 ms
127.0.0.1 [14/Mar/2026:17:34:21 +0000] "GET /api/vehicules HTTP/1.1" 200 861 "http://localhost:4200/admin/carte" - 57.707 ms
127.0.0.1 [14/Mar/2026:17:34:21 +0000] "GET /api/bacs HTTP/1.1" 304 - "http://localhost:4200/admin/carte" - 194.928 ms
127.0.0.1 [14/Mar/2026:17:34:21 +0000] "GET /api/tournees HTTP/1.1" 200 4156 "http://localhost:4200/admin/carte" - 197.827 ms
127.0.0.1 [14/Mar/2026:17:35:27 +0000] "GET /api/plaintes HTTP/1.1" 304 - "http://localhost:4200/admin/statistiques" - 39.129 ms
127.0.0.1 [14/Mar/2026:17:35:27 +0000] "GET /api/tournees HTTP/1.1" 304 - "http://localhost:4200/admin/statistiques" - 59.625 ms
127.0.0.1 [14/Mar/2026:17:35:27 +0000] "GET /api/incidents HTTP/1.1" 304 - "http://localhost:4200/admin/statistiques" - 54.415 ms
127.0.0.1 [14/Mar/2026:17:36:29 +0000] "GET /api/zones HTTP/1.1" 304 - "http://localhost:4200/admin/bacs" - 32.406 ms
127.0.0.1 [14/Mar/2026:17:36:29 +0000] "GET /api/bacs HTTP/1.1" 304 - "http://localhost:4200/admin/bacs" - 40.146 ms
127.0.0.1 [14/Mar/2026:17:36:30 +0000] "GET /api/bacs/stats HTTP/1.1" 304 - "http://localhost:4200/admin/carte" - 66.535 ms
127.0.0.1 [14/Mar/2026:17:36:31 +0000] "GET /api/vehicules HTTP/1.1" 304 - "http://localhost:4200/admin/carte" - 65.034 ms
127.0.0.1 [14/Mar/2026:17:36:31 +0000] "GET /api/tournees HTTP/1.1" 304 - "http://localhost:4200/admin/carte" - 50.437 ms
127.0.0.1 [14/Mar/2026:17:52:22 +0000] "GET /api/incidents HTTP/1.1" 304 - "http://localhost:4200/admin/incidents" - 18.311 ms
127.0.0.1 [14/Mar/2026:18:16:30 +0000] "GET /api/tournees/agent/mes-tournees HTTP/1.1" 304 - "http://localhost:4200/agent/dashboard" - 28.449 ms
127.0.0.1 [14/Mar/2026:18:16:30 +0000] "GET /api/tournees/69b59b1df06afcd4f4b592bf HTTP/1.1" 200 739 "http://localhost:4200/agent/tournee/69b59b1df06afcd4f4b592bf" - 23.942 ms
127.0.0.1 [14/Mar/2026:18:16:30 +0000] "GET /api/incidents HTTP/1.1" 304 - "http://localhost:4200/admin/incidents" - 19.884 ms
127.0.0.1 [14/Mar/2026:18:16:30 +0000] "GET /api/collectes/tournee/69b59b1df06afcd4f4b592bf HTTP/1.1" 304 - "http://localhost:4200/agent/tournee/69b59b1df06afcd4f4b592bf" - 8.613 ms
127.0.0.1 [14/Mar/2026:18:16:35 +0000] "GET /api/tournees/agent/mes-tournees HTTP/1.1" 304 - "http://localhost:4200/agent/dashboard" - 23.661 ms
127.0.0.1 [14/Mar/2026:18:16:35 +0000] "GET /api/incidents HTTP/1.1" 304 - "http://localhost:4200/admin/incidents" - 15.324 ms
127.0.0.1 [14/Mar/2026:18:16:35 +0000] "GET /api/tournees/69b59b1df06afcd4f4b592bf HTTP/1.1" 304 - "http://localhost:4200/agent/tournee/69b59b1df06afcd4f4b592bf" - 23.973 ms
127.0.0.1 [14/Mar/2026:18:16:35 +0000] "GET /api/collectes/tournee/69b59b1df06afcd4f4b592bf HTTP/1.1" 304 - "http://localhost:4200/agent/tournee/69b59b1df06afcd4f4b592bf" - 7.870 ms
127.0.0.1 [14/Mar/2026:18:16:55 +0000] "GET /api/tournees/agent/mes-tournees HTTP/1.1" 304 - "http://localhost:4200/agent/dashboard" - 26.782 ms
127.0.0.1 [14/Mar/2026:18:16:55 +0000] "GET /api/incidents HTTP/1.1" 304 - "http://localhost:4200/admin/incidents" - 17.976 ms
127.0.0.1 [14/Mar/2026:18:16:55 +0000] "GET /api/tournees/69b59b1df06afcd4f4b592bf HTTP/1.1" 304 - "http://localhost:4200/agent/tournee/69b59b1df06afcd4f4b592bf" - 20.122 ms
127.0.0.1 [14/Mar/2026:18:16:55 +0000] "GET /api/collectes/tournee/69b59b1df06afcd4f4b592bf HTTP/1.1" 304 - "http://localhost:4200/agent/tournee/69b59b1df06afcd4f4b592bf" - 8.247 ms
127.0.0.1 [14/Mar/2026:18:17:22 +0000] "GET /api/tournees/69b59b1df06afcd4f4b592bf HTTP/1.1" 304 - "http://localhost:4200/agent/tournee/69b59b1df06afcd4f4b592bf" - 21.773 ms
127.0.0.1 [14/Mar/2026:18:17:22 +0000] "GET /api/collectes/tournee/69b59b1df06afcd4f4b592bf HTTP/1.1" 304 - "http://localhost:4200/agent/tournee/69b59b1df06afcd4f4b592bf" - 6.903 ms
127.0.0.1 [14/Mar/2026:18:17:22 +0000] "GET /api/incidents HTTP/1.1" 304 - "http://localhost:4200/admin/incidents" - 29.603 ms
127.0.0.1 [14/Mar/2026:18:17:22 +0000] "GET /api/tournees/agent/mes-tournees HTTP/1.1" 304 - "http://localhost:4200/agent/dashboard" - 31.822 ms
127.0.0.1 [14/Mar/2026:18:21:27 +0000] "GET /api/incidents HTTP/1.1" 304 - "http://localhost:4200/admin/incidents" - 53.798 ms
127.0.0.1 [14/Mar/2026:18:21:32 +0000] "GET /api/zones HTTP/1.1" 304 - "http://localhost:4200/admin/carte" - 13.850 ms
127.0.0.1 [14/Mar/2026:18:21:32 +0000] "GET /api/vehicules HTTP/1.1" 304 - "http://localhost:4200/admin/carte" - 9.678 ms
127.0.0.1 [14/Mar/2026:18:21:32 +0000] "GET /api/tournees HTTP/1.1" 304 - "http://localhost:4200/admin/carte" - 24.075 ms
127.0.0.1 [14/Mar/2026:18:21:32 +0000] "GET /api/bacs/stats HTTP/1.1" 304 - "http://localhost:4200/admin/carte" - 93.731 ms
127.0.0.1 [14/Mar/2026:18:21:32 +0000] "GET /api/bacs HTTP/1.1" 304 - "http://localhost:4200/admin/carte" - 15.895 ms
127.0.0.1 [14/Mar/2026:18:21:47 +0000] "POST /api/bacs/tournee-optimisee HTTP/1.1" 200 1165 "http://localhost:4200/admin/carte" - 69.103 ms
127.0.0.1 [14/Mar/2026:18:23:48 +0000] "GET /api/zones HTTP/1.1" 304 - "http://localhost:4200/admin/carte" - 18.546 ms
127.0.0.1 [14/Mar/2026:18:23:48 +0000] "GET /api/bacs/stats HTTP/1.1" 304 - "http://localhost:4200/admin/carte" - 32.726 ms
127.0.0.1 [14/Mar/2026:18:23:48 +0000] "GET /api/vehicules HTTP/1.1" 304 - "http://localhost:4200/admin/carte" - 19.671 ms
127.0.0.1 [14/Mar/2026:18:23:48 +0000] "GET /api/bacs HTTP/1.1" 304 - "http://localhost:4200/admin/carte" - 64.534 ms
127.0.0.1 [14/Mar/2026:18:23:48 +0000] "GET /api/tournees HTTP/1.1" 304 - "http://localhost:4200/admin/carte" - 64.443 ms
127.0.0.1 [14/Mar/2026:18:24:15 +0000] "POST /api/bacs/tournee-optimisee HTTP/1.1" 200 1165 "http://localhost:4200/admin/carte" - 10.847 ms
127.0.0.1 [14/Mar/2026:18:53:59 +0000] "GET /api/zones HTTP/1.1" 304 - "http://localhost:4200/admin/carte" - 50.796 ms
127.0.0.1 [14/Mar/2026:18:53:59 +0000] "GET /api/bacs/stats HTTP/1.1" 304 - "http://localhost:4200/admin/carte" - 60.495 ms
127.0.0.1 [14/Mar/2026:18:53:59 +0000] "GET /api/vehicules HTTP/1.1" 304 - "http://localhost:4200/admin/carte" - 25.394 ms
127.0.0.1 [14/Mar/2026:18:53:59 +0000] "GET /api/bacs HTTP/1.1" 304 - "http://localhost:4200/admin/carte" - 39.295 ms
127.0.0.1 [14/Mar/2026:18:53:59 +0000] "GET /api/tournees HTTP/1.1" 304 - "http://localhost:4200/admin/carte" - 33.790 ms
127.0.0.1 [14/Mar/2026:18:54:04 +0000] "GET /api/zones HTTP/1.1" 304 - "http://localhost:4200/admin/carte" - 18.924 ms
127.0.0.1 [14/Mar/2026:18:54:04 +0000] "GET /api/bacs/stats HTTP/1.1" 304 - "http://localhost:4200/admin/carte" - 54.563 ms
127.0.0.1 [14/Mar/2026:18:54:04 +0000] "GET /api/vehicules HTTP/1.1" 304 - "http://localhost:4200/admin/carte" - 24.257 ms
127.0.0.1 [14/Mar/2026:18:54:04 +0000] "GET /api/bacs HTTP/1.1" 304 - "http://localhost:4200/admin/carte" - 47.857 ms
127.0.0.1 [14/Mar/2026:18:54:04 +0000] "GET /api/tournees HTTP/1.1" 304 - "http://localhost:4200/admin/carte" - 40.743 ms
127.0.0.1 [14/Mar/2026:18:54:46 +0000] "GET /api/zones HTTP/1.1" 304 - "http://localhost:4200/admin/carte" - 16.833 ms
127.0.0.1 [14/Mar/2026:18:54:46 +0000] "GET /api/bacs/stats HTTP/1.1" 304 - "http://localhost:4200/admin/carte" - 33.821 ms
127.0.0.1 [14/Mar/2026:18:54:46 +0000] "GET /api/vehicules HTTP/1.1" 304 - "http://localhost:4200/admin/carte" - 19.211 ms
127.0.0.1 [14/Mar/2026:18:54:46 +0000] "GET /api/bacs HTTP/1.1" 304 - "http://localhost:4200/admin/carte" - 58.875 ms
127.0.0.1 [14/Mar/2026:18:54:46 +0000] "GET /api/tournees HTTP/1.1" 304 - "http://localhost:4200/admin/carte" - 57.443 ms
127.0.0.1 [14/Mar/2026:18:55:04 +0000] "GET /api/zones HTTP/1.1" 304 - "http://localhost:4200/admin/carte" - 25.685 ms
127.0.0.1 [14/Mar/2026:18:55:04 +0000] "GET /api/bacs/stats HTTP/1.1" 304 - "http://localhost:4200/admin/carte" - 34.239 ms
127.0.0.1 [14/Mar/2026:18:55:04 +0000] "GET /api/bacs HTTP/1.1" 304 - "http://localhost:4200/admin/carte" - 20.408 ms
127.0.0.1 [14/Mar/2026:18:55:04 +0000] "GET /api/vehicules HTTP/1.1" 304 - "http://localhost:4200/admin/carte" - 31.866 ms
127.0.0.1 [14/Mar/2026:18:55:04 +0000] "GET /api/tournees HTTP/1.1" 304 - "http://localhost:4200/admin/carte" - 48.947 ms
127.0.0.1 [16/Mar/2026:10:05:04 +0000] "GET /api/stats/dashboard HTTP/1.1" 401 74 "http://localhost:4200/admin/dashboard" - 19.729 ms
127.0.0.1 [16/Mar/2026:10:05:04 +0000] "GET /api/performances HTTP/1.1" 401 74 "http://localhost:4200/admin/dashboard" - 5.616 ms
127.0.0.1 [16/Mar/2026:10:05:15 +0000] "POST /api/auth/login HTTP/1.1" 200 559 "http://localhost:4200/login?returnUrl=%2Flogin%3FreturnUrl%3D%252Fadmin%252Fdashboard" - 237.540 ms
127.0.0.1 [16/Mar/2026:10:07:28 +0000] "GET /api/stats/dashboard HTTP/1.1" 200 5609 "http://localhost:4200/admin/dashboard" - 127.794 ms
127.0.0.1 [16/Mar/2026:10:07:28 +0000] "GET /api/performances HTTP/1.1" 200 1721 "http://localhost:4200/admin/dashboard" - 532.381 ms
127.0.0.1 [16/Mar/2026:10:08:10 +0000] "PUT /api/performances/config HTTP/1.1" 200 229 "http://localhost:4200/admin/primes" - 41.982 ms
127.0.0.1 [16/Mar/2026:10:08:10 +0000] "GET /api/performances?mois=3&annee=2026 HTTP/1.1" 200 1879 "http://localhost:4200/admin/primes" - 83.501 ms
127.0.0.1 [16/Mar/2026:10:08:37 +0000] "GET /api/zones HTTP/1.1" 304 - "http://localhost:4200/admin/carte" - 53.887 ms
127.0.0.1 [16/Mar/2026:10:08:37 +0000] "GET /api/bacs/stats HTTP/1.1" 304 - "http://localhost:4200/admin/carte" - 92.547 ms
127.0.0.1 [16/Mar/2026:10:08:37 +0000] "GET /api/vehicules HTTP/1.1" 304 - "http://localhost:4200/admin/carte" - 50.972 ms
127.0.0.1 [16/Mar/2026:10:08:37 +0000] "GET /api/bacs HTTP/1.1" 304 - "http://localhost:4200/admin/carte" - 121.998 ms
127.0.0.1 [16/Mar/2026:10:08:37 +0000] "GET /api/tournees HTTP/1.1" 304 - "http://localhost:4200/admin/carte" - 102.673 ms
127.0.0.1 [16/Mar/2026:10:08:53 +0000] "GET /api/plaintes HTTP/1.1" 304 - "http://localhost:4200/admin/statistiques" - 36.392 ms
127.0.0.1 [16/Mar/2026:10:08:53 +0000] "GET /api/incidents HTTP/1.1" 304 - "http://localhost:4200/admin/statistiques" - 42.834 ms
127.0.0.1 [16/Mar/2026:10:09:08 +0000] "GET /api/stats/dashboard HTTP/1.1" 304 - "http://localhost:4200/admin/dashboard" - 69.044 ms
127.0.0.1 [16/Mar/2026:10:09:40 +0000] "POST /api/auth/login HTTP/1.1" 200 591 "http://localhost:4200/login" - 191.443 ms
127.0.0.1 [16/Mar/2026:10:09:40 +0000] "GET /api/stats/dashboard HTTP/1.1" 200 4471 "http://localhost:4200/admin/dashboard" - 60.506 ms
127.0.0.1 [16/Mar/2026:10:09:40 +0000] "GET /api/performances HTTP/1.1" 200 1993 "http://localhost:4200/admin/dashboard" - 80.999 ms
127.0.0.1 [16/Mar/2026:10:09:53 +0000] "GET /api/zones HTTP/1.1" 200 1811 "http://localhost:4200/admin/carte" - 89.293 ms
127.0.0.1 [16/Mar/2026:10:09:53 +0000] "GET /api/bacs/stats HTTP/1.1" 200 80 "http://localhost:4200/admin/carte" - 153.351 ms
127.0.0.1 [16/Mar/2026:10:09:53 +0000] "GET /api/bacs HTTP/1.1" 200 36 "http://localhost:4200/admin/carte" - 37.149 ms
127.0.0.1 [16/Mar/2026:10:09:53 +0000] "GET /api/vehicules HTTP/1.1" 200 1004 "http://localhost:4200/admin/carte" - 50.395 ms
127.0.0.1 [16/Mar/2026:10:09:53 +0000] "GET /api/tournees HTTP/1.1" 200 2319 "http://localhost:4200/admin/carte" - 40.911 ms
127.0.0.1 [16/Mar/2026:10:10:04 +0000] "GET /api/plaintes HTTP/1.1" 304 - "http://localhost:4200/admin/statistiques" - 30.397 ms
127.0.0.1 [16/Mar/2026:10:10:04 +0000] "GET /api/incidents HTTP/1.1" 200 941 "http://localhost:4200/admin/statistiques" - 56.039 ms
127.0.0.1 [16/Mar/2026:10:10:12 +0000] "GET /api/quartiers HTTP/1.1" 304 - "http://localhost:4200/admin/tournees" - 13.531 ms
127.0.0.1 [16/Mar/2026:10:10:12 +0000] "GET /api/equipes HTTP/1.1" 200 1407 "http://localhost:4200/admin/tournees" - 33.854 ms
127.0.0.1 [16/Mar/2026:10:10:14 +0000] "GET /api/users HTTP/1.1" 200 1142 "http://localhost:4200/admin/equipes" - 11.907 ms
127.0.0.1 [16/Mar/2026:10:10:16 +0000] "GET /api/zones/arrondissements HTTP/1.1" 200 481 "http://localhost:4200/admin/zones" - 19.627 ms
127.0.0.1 [16/Mar/2026:11:09:18 +0000] "GET /api/zones HTTP/1.1" 304 - "http://localhost:4200/admin/zones" - 51.490 ms
127.0.0.1 [16/Mar/2026:11:09:18 +0000] "GET /api/zones/arrondissements HTTP/1.1" 304 - "http://localhost:4200/admin/zones" - 44.877 ms
127.0.0.1 [16/Mar/2026:11:11:25 +0000] "GET /api/tournees/agent/mes-tournees HTTP/1.1" 401 74 "http://localhost:4200/agent/dashboard" - 2.689 ms
127.0.0.1 [16/Mar/2026:11:11:27 +0000] "POST /api/auth/login HTTP/1.1" 200 610 "http://localhost:4200/login?returnUrl=%2Fagent%2Fdashboard" - 163.329 ms
127.0.0.1 [16/Mar/2026:11:11:27 +0000] "GET /api/tournees/agent/mes-tournees HTTP/1.1" 200 1939 "http://localhost:4200/agent/dashboard" - 61.982 ms
127.0.0.1 [16/Mar/2026:11:11:35 +0000] "GET /api/incidents/mes-incidents HTTP/1.1" 304 - "http://localhost:4200/agent/incidents" - 65.511 ms
127.0.0.1 [16/Mar/2026:11:51:31 +0000] "GET /api/zones HTTP/1.1" 304 - "http://localhost:4200/admin/zones" - 90.443 ms
127.0.0.1 [16/Mar/2026:11:51:31 +0000] "GET /api/zones/arrondissements HTTP/1.1" 304 - "http://localhost:4200/admin/zones" - 95.048 ms
127.0.0.1 [16/Mar/2026:11:52:12 +0000] "POST /api/auth/login HTTP/1.1" 200 559 "http://localhost:4200/login" - 140.911 ms
127.0.0.1 [16/Mar/2026:11:52:12 +0000] "GET /api/performances HTTP/1.1" 200 1879 "http://localhost:4200/admin/dashboard" - 29.093 ms
127.0.0.1 [16/Mar/2026:11:52:12 +0000] "GET /api/stats/dashboard HTTP/1.1" 200 5609 "http://localhost:4200/admin/dashboard" - 61.861 ms
127.0.0.1 [16/Mar/2026:11:53:09 +0000] "PUT /api/performances/config HTTP/1.1" 200 230 "http://localhost:4200/admin/primes" - 18.710 ms
127.0.0.1 [16/Mar/2026:11:53:09 +0000] "GET /api/performances?mois=2&annee=2026 HTTP/1.1" 200 1905 "http://localhost:4200/admin/primes" - 27.597 ms
127.0.0.1 [16/Mar/2026:11:53:25 +0000] "PUT /api/performances/config HTTP/1.1" 200 229 "http://localhost:4200/admin/primes" - 12.635 ms
127.0.0.1 [16/Mar/2026:11:53:25 +0000] "GET /api/performances?mois=2&annee=2026 HTTP/1.1" 200 1900 "http://localhost:4200/admin/primes" - 20.515 ms
127.0.0.1 [16/Mar/2026:11:55:24 +0000] "GET /api/plaintes HTTP/1.1" 304 - "http://localhost:4200/admin/statistiques" - 48.738 ms
127.0.0.1 [16/Mar/2026:11:55:24 +0000] "GET /api/tournees HTTP/1.1" 200 4156 "http://localhost:4200/admin/statistiques" - 39.709 ms
127.0.0.1 [16/Mar/2026:11:55:24 +0000] "GET /api/incidents HTTP/1.1" 200 882 "http://localhost:4200/admin/statistiques" - 75.123 ms
127.0.0.1 [16/Mar/2026:11:56:52 +0000] "GET /api/performances?mois=3&annee=2026 HTTP/1.1" 200 1879 "http://localhost:4200/admin/primes" - 25.808 ms
127.0.0.1 [16/Mar/2026:12:42:19 +0000] "GET /api/performances?mois=3&annee=2026 HTTP/1.1" 304 - "http://localhost:4200/admin/primes" - 220.696 ms
127.0.0.1 [16/Mar/2026:12:42:28 +0000] "GET /api/plaintes HTTP/1.1" 304 - "http://localhost:4200/admin/statistiques" - 86.911 ms
127.0.0.1 [16/Mar/2026:12:42:28 +0000] "GET /api/tournees HTTP/1.1" 304 - "http://localhost:4200/admin/statistiques" - 62.480 ms
127.0.0.1 [16/Mar/2026:12:42:29 +0000] "GET /api/incidents HTTP/1.1" 304 - "http://localhost:4200/admin/statistiques" - 149.340 ms
127.0.0.1 [16/Mar/2026:12:42:52 +0000] "GET /api/tournees/agent/mes-tournees HTTP/1.1" 304 - "http://localhost:4200/agent/tournee" - 41.152 ms
127.0.0.1 [16/Mar/2026:13:17:19 +0000] "GET /api/stats/analytics HTTP/1.1" 500 1889 "http://localhost:4200/admin/statistiques" - 64.195 ms
127.0.0.1 [16/Mar/2026:13:17:38 +0000] "GET /api/stats/dashboard HTTP/1.1" 304 - "http://localhost:4200/admin/dashboard" - 103.308 ms
127.0.0.1 [16/Mar/2026:13:17:38 +0000] "GET /api/performances HTTP/1.1" 200 1879 "http://localhost:4200/admin/dashboard" - 90.976 ms
127.0.0.1 [16/Mar/2026:13:17:47 +0000] "GET /api/users HTTP/1.1" 200 1477 "http://localhost:4200/admin/users" - 17.483 ms
127.0.0.1 [16/Mar/2026:13:17:47 +0000] "GET /api/equipes HTTP/1.1" 200 1176 "http://localhost:4200/admin/users" - 18.076 ms
127.0.0.1 [16/Mar/2026:13:17:52 +0000] "GET /api/zones HTTP/1.1" 200 530 "http://localhost:4200/admin/carte" - 18.095 ms
127.0.0.1 [16/Mar/2026:13:17:52 +0000] "GET /api/bacs/stats HTTP/1.1" 200 80 "http://localhost:4200/admin/carte" - 25.973 ms
127.0.0.1 [16/Mar/2026:13:17:52 +0000] "GET /api/vehicules HTTP/1.1" 200 861 "http://localhost:4200/admin/carte" - 23.781 ms
127.0.0.1 [16/Mar/2026:13:17:52 +0000] "GET /api/bacs HTTP/1.1" 200 1130 "http://localhost:4200/admin/carte" - 33.761 ms
127.0.0.1 [16/Mar/2026:13:17:52 +0000] "GET /api/tournees HTTP/1.1" 304 - "http://localhost:4200/admin/carte" - 33.303 ms
127.0.0.1 [16/Mar/2026:13:17:57 +0000] "GET /api/decaissements?mois=3&annee=2026 HTTP/1.1" 200 26 "http://localhost:4200/admin/primes" - 5.479 ms
127.0.0.1 [16/Mar/2026:13:18:00 +0000] "GET /api/stats/analytics HTTP/1.1" 500 1889 "http://localhost:4200/admin/statistiques" - 12.027 ms
127.0.0.1 [16/Mar/2026:13:18:32 +0000] "GET /api/stats/analytics HTTP/1.1" 500 1889 "http://localhost:4200/admin/statistiques" - 7.175 ms
127.0.0.1 [16/Mar/2026:13:25:16 +0000] "GET /api/stats/analytics HTTP/1.1" 500 1889 "http://localhost:4200/admin/statistiques" - 35.977 ms
127.0.0.1 [16/Mar/2026:13:25:18 +0000] "GET /api/stats/analytics HTTP/1.1" 500 1889 "http://localhost:4200/admin/statistiques" - 30.393 ms
127.0.0.1 [16/Mar/2026:13:25:48 +0000] "GET /api/stats/analytics HTTP/1.1" 500 1889 "http://localhost:4200/admin/statistiques" - 9.543 ms
127.0.0.1 [16/Mar/2026:13:26:18 +0000] "GET /api/stats/analytics HTTP/1.1" 500 1889 "http://localhost:4200/admin/statistiques" - 9.756 ms
127.0.0.1 [16/Mar/2026:13:26:48 +0000] "GET /api/stats/analytics HTTP/1.1" 500 1889 "http://localhost:4200/admin/statistiques" - 7.153 ms
127.0.0.1 [16/Mar/2026:13:27:18 +0000] "GET /api/stats/analytics HTTP/1.1" 500 1889 "http://localhost:4200/admin/statistiques" - 9.983 ms
127.0.0.1 [16/Mar/2026:13:27:48 +0000] "GET /api/stats/analytics HTTP/1.1" 500 1889 "http://localhost:4200/admin/statistiques" - 15.242 ms
127.0.0.1 [16/Mar/2026:13:28:18 +0000] "GET /api/stats/analytics HTTP/1.1" 500 1889 "http://localhost:4200/admin/statistiques" - 8.838 ms
127.0.0.1 [16/Mar/2026:13:28:48 +0000] "GET /api/stats/analytics HTTP/1.1" 500 1889 "http://localhost:4200/admin/statistiques" - 8.759 ms
127.0.0.1 [16/Mar/2026:13:29:23 +0000] "GET /api/stats/analytics HTTP/1.1" 500 1889 "http://localhost:4200/admin/statistiques" - 9.850 ms
127.0.0.1 [16/Mar/2026:13:30:23 +0000] "GET /api/stats/analytics HTTP/1.1" 500 1889 "http://localhost:4200/admin/statistiques" - 7.636 ms
127.0.0.1 [16/Mar/2026:13:33:23 +0000] "GET /api/stats/analytics HTTP/1.1" 500 1889 "http://localhost:4200/admin/statistiques" - 28.897 ms
127.0.0.1 [16/Mar/2026:13:33:34 +0000] "GET /api/stats/analytics HTTP/1.1" 500 1889 "http://localhost:4200/admin/statistiques" - 41.376 ms
127.0.0.1 [16/Mar/2026:13:34:03 +0000] "GET /api/stats/analytics HTTP/1.1" 500 1889 "http://localhost:4200/admin/statistiques" - 9.068 ms
127.0.0.1 [16/Mar/2026:13:34:33 +0000] "GET /api/stats/analytics HTTP/1.1" 500 1889 "http://localhost:4200/admin/statistiques" - 7.120 ms
127.0.0.1 [16/Mar/2026:13:34:36 +0000] "GET /api/stats/analytics HTTP/1.1" 500 1889 "http://localhost:4200/admin/statistiques" - 8.545 ms
127.0.0.1 [16/Mar/2026:13:34:54 +0000] "GET /api/stats/analytics HTTP/1.1" 500 1889 "http://localhost:4200/admin/statistiques" - 18.841 ms
127.0.0.1 [16/Mar/2026:13:34:57 +0000] "GET /api/incidents HTTP/1.1" 304 - "http://localhost:4200/admin/incidents" - 41.480 ms
127.0.0.1 [16/Mar/2026:13:35:38 +0000] "GET /api/tournees/agent/mes-tournees HTTP/1.1" 304 - "http://localhost:4200/agent/dashboard" - 36.458 ms
127.0.0.1 [16/Mar/2026:13:35:41 +0000] "GET /api/performances?mois=3&annee=2026 HTTP/1.1" 403 29 "http://localhost:4200/agent/primes" - 3.898 ms
127.0.0.1 [16/Mar/2026:13:35:41 +0000] "GET /api/decaissements/mes-primes HTTP/1.1" 200 26 "http://localhost:4200/agent/primes" - 27.164 ms
127.0.0.1 [16/Mar/2026:13:39:20 +0000] "GET /api/incidents/mes-incidents HTTP/1.1" 304 - "http://localhost:4200/agent/incidents" - 29.893 ms
127.0.0.1 [16/Mar/2026:13:39:20 +0000] "GET /api/tournees/agent/mes-tournees HTTP/1.1" 304 - "http://localhost:4200/agent/incidents" - 29.781 ms
127.0.0.1 [16/Mar/2026:13:40:15 +0000] "POST /api/auth/login HTTP/1.1" 200 536 "http://localhost:4200/login" - 466.729 ms
127.0.0.1 [16/Mar/2026:13:40:15 +0000] "GET /api/plaintes/mes-plaintes HTTP/1.1" 200 1361 "http://localhost:4200/citoyen/signalements" - 21.504 ms
127.0.0.1 [16/Mar/2026:13:40:24 +0000] "GET /api/zones HTTP/1.1" 304 - "http://localhost:4200/citoyen/nouveau" - 15.265 ms
127.0.0.1 [16/Mar/2026:13:40:45 +0000] "POST /api/plaintes HTTP/1.1" 201 327 "http://localhost:4200/citoyen/nouveau" - 90.272 ms
127.0.0.1 [16/Mar/2026:13:40:47 +0000] "GET /api/plaintes/mes-plaintes HTTP/1.1" 200 1696 "http://localhost:4200/citoyen/signalements" - 22.273 ms
127.0.0.1 [16/Mar/2026:13:40:57 +0000] "GET /api/stats/analytics HTTP/1.1" 500 1889 "http://localhost:4200/admin/statistiques" - 20.389 ms
127.0.0.1 [16/Mar/2026:13:41:27 +0000] "GET /api/stats/analytics HTTP/1.1" 500 1889 "http://localhost:4200/admin/statistiques" - 11.614 ms
127.0.0.1 [16/Mar/2026:13:41:57 +0000] "GET /api/stats/analytics HTTP/1.1" 500 1889 "http://localhost:4200/admin/statistiques" - 20.226 ms
127.0.0.1 [16/Mar/2026:13:42:02 +0000] "GET /api/decaissements?mois=3&annee=2026 HTTP/1.1" 304 - "http://localhost:4200/admin/primes" - 11.155 ms
127.0.0.1 [16/Mar/2026:13:42:03 +0000] "GET /api/performances?mois=3&annee=2026 HTTP/1.1" 304 - "http://localhost:4200/admin/primes" - 47.222 ms
127.0.0.1 [27/Mar/2026:13:27:30 +0000] "GET /api/stats/dashboard HTTP/1.1" 401 74 "http://localhost:4200/admin/dashboard" - 15.988 ms
127.0.0.1 [27/Mar/2026:13:27:30 +0000] "GET /api/performances HTTP/1.1" 401 74 "http://localhost:4200/admin/dashboard" - 2.534 ms
127.0.0.1 [27/Mar/2026:13:28:27 +0000] "POST /api/auth/login HTTP/1.1" 200 559 "http://localhost:4200/login" - 2516.423 ms
127.0.0.1 [27/Mar/2026:13:28:29 +0000] "GET /api/performances HTTP/1.1" 200 1879 "http://localhost:4200/admin/dashboard" - 1646.929 ms
127.0.0.1 [27/Mar/2026:13:28:29 +0000] "GET /api/stats/dashboard HTTP/1.1" 200 5602 "http://localhost:4200/admin/dashboard" - 1844.002 ms
127.0.0.1 [27/Mar/2026:13:28:40 +0000] "GET /api/decaissements?mois=3&annee=2026 HTTP/1.1" 200 26 "http://localhost:4200/admin/primes" - 12.959 ms
127.0.0.1 [27/Mar/2026:13:28:50 +0000] "GET /api/users HTTP/1.1" 200 1477 "http://localhost:4200/admin/users" - 17.014 ms
127.0.0.1 [27/Mar/2026:13:28:50 +0000] "GET /api/equipes HTTP/1.1" 200 1176 "http://localhost:4200/admin/users" - 402.454 ms
127.0.0.1 [27/Mar/2026:13:29:30 +0000] "POST /api/users HTTP/1.1" 201 310 "http://localhost:4200/admin/users" - 232.523 ms
127.0.0.1 [27/Mar/2026:13:29:30 +0000] "GET /api/users HTTP/1.1" 200 1764 "http://localhost:4200/admin/users" - 15.672 ms
127.0.0.1 [27/Mar/2026:13:30:19 +0000] "PUT /api/users/69c68639338e1549814b7f3d HTTP/1.1" 200 310 "http://localhost:4200/admin/users" - 575.282 ms
127.0.0.1 [27/Mar/2026:13:30:19 +0000] "GET /api/users HTTP/1.1" 200 1764 "http://localhost:4200/admin/users" - 13.896 ms
127.0.0.1 [27/Mar/2026:13:30:19 +0000] "GET /api/equipes HTTP/1.1" 304 - "http://localhost:4200/admin/users" - 23.086 ms
127.0.0.1 [27/Mar/2026:13:30:38 +0000] "POST /api/auth/login HTTP/1.1" 200 588 "http://localhost:4200/login" - 132.573 ms
127.0.0.1 [27/Mar/2026:13:30:38 +0000] "GET /api/performances HTTP/1.1" 200 227 "http://localhost:4200/admin/dashboard" - 92.224 ms
127.0.0.1 [27/Mar/2026:13:30:38 +0000] "GET /api/stats/dashboard HTTP/1.1" 200 2334 "http://localhost:4200/admin/dashboard" - 119.301 ms
127.0.0.1 [27/Mar/2026:13:30:54 +0000] "GET /api/vehicules HTTP/1.1" 200 36 "http://localhost:4200/admin/equipes" - 13.549 ms
127.0.0.1 [27/Mar/2026:13:30:54 +0000] "GET /api/equipes HTTP/1.1" 200 36 "http://localhost:4200/admin/equipes" - 9.404 ms
127.0.0.1 [27/Mar/2026:13:30:54 +0000] "GET /api/users HTTP/1.1" 200 36 "http://localhost:4200/admin/equipes" - 10.798 ms
127.0.0.1 [27/Mar/2026:13:30:57 +0000] "GET /api/zones HTTP/1.1" 200 36 "http://localhost:4200/admin/zones" - 5.711 ms
127.0.0.1 [27/Mar/2026:13:30:57 +0000] "GET /api/zones/arrondissements HTTP/1.1" 200 176 "http://localhost:4200/admin/zones" - 10.990 ms
127.0.0.1 [27/Mar/2026:13:31:06 +0000] "POST /api/zones/bulk HTTP/1.1" 201 587 "http://localhost:4200/admin/zones" - 837.176 ms
127.0.0.1 [27/Mar/2026:13:31:06 +0000] "GET /api/zones HTTP/1.1" 200 538 "http://localhost:4200/admin/zones" - 16.925 ms
127.0.0.1 [27/Mar/2026:13:31:06 +0000] "GET /api/zones/arrondissements HTTP/1.1" 200 174 "http://localhost:4200/admin/zones" - 16.800 ms
127.0.0.1 [27/Mar/2026:13:31:55 +0000] "GET /api/performances HTTP/1.1" 304 - "http://localhost:4200/admin/dashboard" - 258.125 ms
127.0.0.1 [27/Mar/2026:13:31:55 +0000] "GET /api/stats/dashboard HTTP/1.1" 200 2334 "http://localhost:4200/admin/dashboard" - 381.963 ms
127.0.0.1 [27/Mar/2026:13:31:58 +0000] "GET /api/equipes HTTP/1.1" 304 - "http://localhost:4200/admin/equipes" - 14.882 ms
127.0.0.1 [27/Mar/2026:13:31:58 +0000] "GET /api/users HTTP/1.1" 304 - "http://localhost:4200/admin/equipes" - 12.077 ms
127.0.0.1 [27/Mar/2026:13:31:58 +0000] "GET /api/vehicules HTTP/1.1" 304 - "http://localhost:4200/admin/equipes" - 12.211 ms
127.0.0.1 [27/Mar/2026:13:32:02 +0000] "GET /api/decaissements?mois=3&annee=2026 HTTP/1.1" 304 - "http://localhost:4200/admin/primes" - 8.058 ms
127.0.0.1 [27/Mar/2026:13:35:15 +0000] "GET /api/decaissements?mois=3&annee=2026 HTTP/1.1" 304 - "http://localhost:4200/admin/primes" - 60.734 ms
127.0.0.1 [27/Mar/2026:13:35:15 +0000] "GET /api/performances?mois=3&annee=2026 HTTP/1.1" 200 227 "http://localhost:4200/admin/primes" - 132.120 ms
127.0.0.1 [27/Mar/2026:13:35:17 +0000] "GET /api/decaissements?mois=3&annee=2026 HTTP/1.1" 304 - "http://localhost:4200/admin/primes" - 6.000 ms
127.0.0.1 [27/Mar/2026:13:35:17 +0000] "GET /api/performances?mois=3&annee=2026 HTTP/1.1" 304 - "http://localhost:4200/admin/primes" - 22.170 ms
127.0.0.1 [27/Mar/2026:13:35:26 +0000] "GET /api/decaissements?mois=3&annee=2026 HTTP/1.1" 304 - "http://localhost:4200/admin/primes" - 8.800 ms
127.0.0.1 [27/Mar/2026:13:35:26 +0000] "GET /api/performances?mois=3&annee=2026 HTTP/1.1" 304 - "http://localhost:4200/admin/primes" - 27.499 ms
127.0.0.1 [27/Mar/2026:13:35:34 +0000] "GET /api/decaissements?mois=3&annee=2026 HTTP/1.1" 304 - "http://localhost:4200/admin/primes" - 8.028 ms
127.0.0.1 [27/Mar/2026:13:35:34 +0000] "GET /api/performances?mois=3&annee=2026 HTTP/1.1" 304 - "http://localhost:4200/admin/primes" - 32.274 ms
127.0.0.1 [27/Mar/2026:13:38:01 +0000] "GET /api/decaissements?mois=3&annee=2026 HTTP/1.1" 304 - "http://localhost:4200/admin/primes" - 12.068 ms
127.0.0.1 [27/Mar/2026:13:38:01 +0000] "GET /api/performances?mois=3&annee=2026 HTTP/1.1" 304 - "http://localhost:4200/admin/primes" - 26.024 ms
127.0.0.1 [27/Mar/2026:13:38:10 +0000] "GET /api/decaissements?mois=3&annee=2026 HTTP/1.1" 304 - "http://localhost:4200/admin/primes" - 6.726 ms
127.0.0.1 [27/Mar/2026:13:38:10 +0000] "GET /api/performances?mois=3&annee=2026 HTTP/1.1" 304 - "http://localhost:4200/admin/primes" - 26.917 ms
127.0.0.1 [27/Mar/2026:13:38:17 +0000] "GET /api/decaissements?mois=3&annee=2026 HTTP/1.1" 304 - "http://localhost:4200/admin/primes" - 8.321 ms
127.0.0.1 [27/Mar/2026:13:38:17 +0000] "GET /api/performances?mois=3&annee=2026 HTTP/1.1" 304 - "http://localhost:4200/admin/primes" - 21.937 ms
127.0.0.1 [27/Mar/2026:13:39:33 +0000] "GET /api/performances?mois=3&annee=2026 HTTP/1.1" 304 - "http://localhost:4200/admin/primes" - 9.748 ms
127.0.0.1 [27/Mar/2026:13:39:35 +0000] "GET /api/equipes HTTP/1.1" 304 - "http://localhost:4200/admin/equipes" - 25.427 ms
127.0.0.1 [27/Mar/2026:13:39:35 +0000] "GET /api/users HTTP/1.1" 304 - "http://localhost:4200/admin/equipes" - 16.620 ms
127.0.0.1 [27/Mar/2026:13:39:35 +0000] "GET /api/vehicules HTTP/1.1" 304 - "http://localhost:4200/admin/equipes" - 13.472 ms
127.0.0.1 [27/Mar/2026:13:51:08 +0000] "GET /api/decaissements?mois=3&annee=2026 HTTP/1.1" 304 - "http://localhost:4200/admin/primes" - 10.823 ms
127.0.0.1 [27/Mar/2026:13:51:08 +0000] "GET /api/performances?mois=3&annee=2026 HTTP/1.1" 304 - "http://localhost:4200/admin/primes" - 36.649 ms
127.0.0.1 [27/Mar/2026:13:51:31 +0000] "GET /api/zones HTTP/1.1" 304 - "http://localhost:4200/admin/carte" - 12.194 ms
127.0.0.1 [27/Mar/2026:13:51:31 +0000] "GET /api/bacs/stats HTTP/1.1" 200 80 "http://localhost:4200/admin/carte" - 176.870 ms
127.0.0.1 [27/Mar/2026:13:51:31 +0000] "GET /api/tournees HTTP/1.1" 200 36 "http://localhost:4200/admin/carte" - 19.521 ms
127.0.0.1 [27/Mar/2026:13:51:31 +0000] "GET /api/vehicules HTTP/1.1" 304 - "http://localhost:4200/admin/carte" - 17.245 ms
127.0.0.1 [27/Mar/2026:13:51:31 +0000] "GET /api/bacs HTTP/1.1" 200 36 "http://localhost:4200/admin/carte" - 43.130 ms
127.0.0.1 [27/Mar/2026:13:55:10 +0000] "GET /api/zones HTTP/1.1" 304 - "http://localhost:4200/admin/bacs" - 22.491 ms
127.0.0.1 [27/Mar/2026:13:55:10 +0000] "GET /api/bacs HTTP/1.1" 304 - "http://localhost:4200/admin/bacs" - 14.726 ms
127.0.0.1 [27/Mar/2026:13:55:25 +0000] "GET /api/users HTTP/1.1" 304 - "http://localhost:4200/admin/users" - 17.012 ms
127.0.0.1 [27/Mar/2026:13:55:25 +0000] "GET /api/equipes HTTP/1.1" 304 - "http://localhost:4200/admin/users" - 10.161 ms
127.0.0.1 [27/Mar/2026:13:55:29 +0000] "GET /api/stats/dashboard HTTP/1.1" 304 - "http://localhost:4200/admin/dashboard" - 41.839 ms
127.0.0.1 [27/Mar/2026:13:55:29 +0000] "GET /api/performances HTTP/1.1" 304 - "http://localhost:4200/admin/dashboard" - 25.088 ms
127.0.0.1 [27/Mar/2026:13:55:38 +0000] "GET /api/tournees HTTP/1.1" 304 - "http://localhost:4200/admin/tournees" - 13.426 ms
127.0.0.1 [27/Mar/2026:13:55:38 +0000] "GET /api/vehicules HTTP/1.1" 304 - "http://localhost:4200/admin/tournees" - 11.855 ms
127.0.0.1 [27/Mar/2026:13:55:38 +0000] "GET /api/quartiers HTTP/1.1" 200 36 "http://localhost:4200/admin/tournees" - 56.775 ms
127.0.0.1 [27/Mar/2026:13:55:57 +0000] "GET /api/zones/arrondissements HTTP/1.1" 304 - "http://localhost:4200/admin/zones" - 13.846 ms
127.0.0.1 [28/Mar/2026:08:58:27 +0000] "GET /api/plaintes/mes-plaintes HTTP/1.1" 401 74 "http://localhost:4200/citoyen/signalements" - 35.928 ms
127.0.0.1 [28/Mar/2026:08:58:28 +0000] "GET /api/stats/dashboard HTTP/1.1" 304 - "http://localhost:4200/admin/dashboard" - 93.355 ms
127.0.0.1 [28/Mar/2026:08:58:28 +0000] "GET /api/performances HTTP/1.1" 304 - "http://localhost:4200/admin/dashboard" - 65.911 ms
127.0.0.1 [28/Mar/2026:08:58:32 +0000] "POST /api/auth/login HTTP/1.1" 200 536 "http://localhost:4200/login?returnUrl=%2Fcitoyen%2Fsignalements" - 235.291 ms
127.0.0.1 [28/Mar/2026:08:58:32 +0000] "GET /api/plaintes/mes-plaintes HTTP/1.1" 304 - "http://localhost:4200/citoyen/signalements" - 393.313 ms
127.0.0.1 [28/Mar/2026:08:58:56 +0000] "GET /api/stats/dashboard HTTP/1.1" 304 - "http://localhost:4200/admin/dashboard" - 3.173 ms
127.0.0.1 [28/Mar/2026:08:58:56 +0000] "GET /api/performances HTTP/1.1" 304 - "http://localhost:4200/admin/dashboard" - 2.236 ms
127.0.0.1 [28/Mar/2026:08:59:18 +0000] "POST /api/auth/login HTTP/1.1" 200 559 "http://localhost:4200/login" - 100.977 ms
127.0.0.1 [28/Mar/2026:08:59:19 +0000] "GET /api/performances HTTP/1.1" 200 1879 "http://localhost:4200/admin/dashboard" - 34.506 ms
127.0.0.1 [28/Mar/2026:08:59:20 +0000] "GET /api/stats/dashboard HTTP/1.1" 200 5602 "http://localhost:4200/admin/dashboard" - 728.830 ms
127.0.0.1 [28/Mar/2026:08:59:33 +0000] "GET /api/zones HTTP/1.1" 200 4073 "http://localhost:4200/citoyen/nouveau" - 13.049 ms
127.0.0.1 [28/Mar/2026:08:59:37 +0000] "GET /api/tournees HTTP/1.1" 200 6441 "http://localhost:4200/citoyen/planning" - 521.338 ms
127.0.0.1 [28/Mar/2026:08:59:41 +0000] "GET /api/users HTTP/1.1" 200 1764 "http://localhost:4200/admin/users" - 10.893 ms
127.0.0.1 [28/Mar/2026:08:59:41 +0000] "GET /api/equipes HTTP/1.1" 200 1176 "http://localhost:4200/admin/users" - 16.028 ms
127.0.0.1 [28/Mar/2026:09:00:23 +0000] "GET /api/plaintes HTTP/1.1" 200 3343 "http://localhost:4200/admin/plaintes" - 15.831 ms
127.0.0.1 [28/Mar/2026:09:00:36 +0000] "GET /api/incidents HTTP/1.1" 200 882 "http://localhost:4200/admin/incidents" - 90.759 ms
127.0.0.1 [28/Mar/2026:09:01:01 +0000] "GET /api/stats/dashboard HTTP/1.1" 304 - "http://localhost:4200/admin/dashboard" - 6.307 ms
127.0.0.1 [28/Mar/2026:09:01:01 +0000] "GET /api/performances HTTP/1.1" 304 - "http://localhost:4200/admin/dashboard" - 3.550 ms
127.0.0.1 [28/Mar/2026:09:04:14 +0000] "GET /api/plaintes HTTP/1.1" 304 - "http://localhost:4200/admin/plaintes" - 17.164 ms
127.0.0.1 [28/Mar/2026:09:04:17 +0000] "GET /api/zones HTTP/1.1" 304 - "http://localhost:4200/citoyen/planning" - 23.741 ms
127.0.0.1 [28/Mar/2026:09:04:17 +0000] "GET /api/tournees HTTP/1.1" 304 - "http://localhost:4200/citoyen/planning" - 35.977 ms
127.0.0.1 [28/Mar/2026:09:04:53 +0000] "GET /api/tournees HTTP/1.1" 304 - "http://localhost:4200/citoyen/planning" - 32.339 ms
127.0.0.1 [28/Mar/2026:09:04:53 +0000] "GET /api/zones HTTP/1.1" 304 - "http://localhost:4200/citoyen/planning" - 14.792 ms
127.0.0.1 [28/Mar/2026:09:04:53 +0000] "GET /api/plaintes HTTP/1.1" 304 - "http://localhost:4200/admin/plaintes" - 16.555 ms
127.0.0.1 [28/Mar/2026:09:05:11 +0000] "GET /api/zones HTTP/1.1" 304 - "http://localhost:4200/citoyen/planning" - 21.336 ms
127.0.0.1 [28/Mar/2026:09:05:11 +0000] "GET /api/tournees HTTP/1.1" 304 - "http://localhost:4200/citoyen/planning" - 37.725 ms
127.0.0.1 [28/Mar/2026:09:05:11 +0000] "GET /api/plaintes HTTP/1.1" 304 - "http://localhost:4200/admin/plaintes" - 15.418 ms
127.0.0.1 [28/Mar/2026:09:05:20 +0000] "GET /api/vehicules HTTP/1.1" 200 861 "http://localhost:4200/admin/tournees" - 26.646 ms
127.0.0.1 [28/Mar/2026:09:05:20 +0000] "GET /api/quartiers HTTP/1.1" 200 36 "http://localhost:4200/admin/tournees" - 27.661 ms
127.0.0.1 [28/Mar/2026:09:05:20 +0000] "GET /api/tournees HTTP/1.1" 200 4156 "http://localhost:4200/admin/tournees" - 57.777 ms
127.0.0.1 [28/Mar/2026:09:05:20 +0000] "GET /api/equipes HTTP/1.1" 304 - "http://localhost:4200/admin/tournees" - 59.476 ms
127.0.0.1 [28/Mar/2026:09:05:20 +0000] "GET /api/zones HTTP/1.1" 200 530 "http://localhost:4200/admin/tournees" - 5.613 ms
127.0.0.1 [02/Apr/2026:12:14:58 +0000] "GET /api/stats/dashboard HTTP/1.1" 401 74 "http://localhost:4200/admin/dashboard" - 16.564 ms
127.0.0.1 [02/Apr/2026:12:14:58 +0000] "GET /api/performances HTTP/1.1" 401 74 "http://localhost:4200/admin/dashboard" - 4.661 ms
127.0.0.1 [02/Apr/2026:12:15:11 +0000] "POST /api/auth/login HTTP/1.1" 200 559 "http://localhost:4200/login?returnUrl=%2Flogin%3FreturnUrl%3D%252Fadmin%252Fdashboard" - 238.553 ms
127.0.0.1 [02/Apr/2026:12:15:12 +0000] "GET /api/performances HTTP/1.1" 200 1822 "http://localhost:4200/admin/dashboard" - 480.652 ms
127.0.0.1 [02/Apr/2026:12:15:12 +0000] "GET /api/stats/dashboard HTTP/1.1" 200 5602 "http://localhost:4200/admin/dashboard" - 618.979 ms
127.0.0.1 [02/Apr/2026:12:15:16 +0000] "GET /api/zones HTTP/1.1" 200 530 "http://localhost:4200/admin/carte" - 17.921 ms
127.0.0.1 [02/Apr/2026:12:15:16 +0000] "GET /api/bacs/stats HTTP/1.1" 200 80 "http://localhost:4200/admin/carte" - 110.894 ms
127.0.0.1 [02/Apr/2026:12:15:16 +0000] "GET /api/vehicules HTTP/1.1" 200 861 "http://localhost:4200/admin/carte" - 17.761 ms
127.0.0.1 [02/Apr/2026:12:15:16 +0000] "GET /api/bacs HTTP/1.1" 200 1130 "http://localhost:4200/admin/carte" - 47.315 ms
127.0.0.1 [02/Apr/2026:12:15:16 +0000] "GET /api/tournees HTTP/1.1" 200 4156 "http://localhost:4200/admin/carte" - 62.072 ms
127.0.0.1 [02/Apr/2026:12:15:45 +0000] "POST /api/navigation/itineraire HTTP/1.1" 200 1502 "http://localhost:4200/admin/carte" - 15.255 ms
127.0.0.1 [02/Apr/2026:12:16:28 +0000] "POST /api/navigation/itineraire HTTP/1.1" 200 1502 "http://localhost:4200/admin/carte" - 12.973 ms
127.0.0.1 [02/Apr/2026:12:16:29 +0000] "POST /api/navigation/itineraire HTTP/1.1" 200 1502 "http://localhost:4200/admin/carte" - 13.071 ms
127.0.0.1 [02/Apr/2026:12:16:30 +0000] "POST /api/navigation/itineraire HTTP/1.1" 200 1502 "http://localhost:4200/admin/carte" - 11.588 ms
127.0.0.1 [02/Apr/2026:12:16:31 +0000] "POST /api/navigation/itineraire HTTP/1.1" 200 1502 "http://localhost:4200/admin/carte" - 10.367 ms
127.0.0.1 [02/Apr/2026:12:16:31 +0000] "POST /api/navigation/itineraire HTTP/1.1" 200 1502 "http://localhost:4200/admin/carte" - 12.634 ms
127.0.0.1 [02/Apr/2026:12:16:31 +0000] "POST /api/navigation/itineraire HTTP/1.1" 200 1502 "http://localhost:4200/admin/carte" - 10.179 ms
127.0.0.1 [02/Apr/2026:12:16:31 +0000] "POST /api/navigation/itineraire HTTP/1.1" 200 1502 "http://localhost:4200/admin/carte" - 7.828 ms
127.0.0.1 [02/Apr/2026:12:16:36 +0000] "POST /api/navigation/itineraire HTTP/1.1" 200 1499 "http://localhost:4200/admin/carte" - 8.504 ms
127.0.0.1 [02/Apr/2026:12:16:37 +0000] "POST /api/navigation/itineraire HTTP/1.1" 200 1499 "http://localhost:4200/admin/carte" - 8.356 ms
127.0.0.1 [02/Apr/2026:12:16:37 +0000] "POST /api/navigation/itineraire HTTP/1.1" 200 1499 "http://localhost:4200/admin/carte" - 9.417 ms
127.0.0.1 [02/Apr/2026:12:16:37 +0000] "POST /api/navigation/itineraire HTTP/1.1" 200 1499 "http://localhost:4200/admin/carte" - 8.065 ms
127.0.0.1 [02/Apr/2026:12:16:42 +0000] "POST /api/bacs/tournee-optimisee HTTP/1.1" 200 1165 "http://localhost:4200/admin/carte" - 9.797 ms
127.0.0.1 [02/Apr/2026:12:17:01 +0000] "POST /api/navigation/itineraire HTTP/1.1" 200 1502 "http://localhost:4200/admin/carte" - 11.106 ms
127.0.0.1 [02/Apr/2026:12:17:04 +0000] "POST /api/bacs/tournee-optimisee HTTP/1.1" 200 1165 "http://localhost:4200/admin/carte" - 11.323 ms
127.0.0.1 [02/Apr/2026:12:17:11 +0000] "POST /api/navigation/itineraire HTTP/1.1" 200 1502 "http://localhost:4200/admin/carte" - 25.021 ms
127.0.0.1 [02/Apr/2026:12:17:16 +0000] "POST /api/bacs/tournee-optimisee HTTP/1.1" 200 1165 "http://localhost:4200/admin/carte" - 14.704 ms
127.0.0.1 [02/Apr/2026:12:17:22 +0000] "GET /api/vehicules HTTP/1.1" 304 - "http://localhost:4200/admin/carte" - 19.738 ms
127.0.0.1 [02/Apr/2026:12:17:22 +0000] "GET /api/bacs?statut=Plein HTTP/1.1" 200 401 "http://localhost:4200/admin/carte" - 37.392 ms
127.0.0.1 [02/Apr/2026:12:17:22 +0000] "GET /api/tournees HTTP/1.1" 304 - "http://localhost:4200/admin/carte" - 33.973 ms
127.0.0.1 [02/Apr/2026:12:17:42 +0000] "POST /api/bacs/tournee-optimisee HTTP/1.1" 200 1165 "http://localhost:4200/admin/carte" - 17.826 ms
127.0.0.1 [02/Apr/2026:12:17:53 +0000] "GET /api/bacs?zoneId=69a16bcd5922759d661fc010&statut=Vide HTTP/1.1" 200 36 "http://localhost:4200/admin/carte" - 42.462 ms
127.0.0.1 [02/Apr/2026:12:18:18 +0000] "POST /api/navigation/itineraire HTTP/1.1" 200 571 "http://localhost:4200/admin/carte" - 8.256 ms
127.0.0.1 [02/Apr/2026:12:18:39 +0000] "GET /api/vehicules HTTP/1.1" 304 - "http://localhost:4200/admin/carte" - 24.886 ms
127.0.0.1 [02/Apr/2026:12:18:39 +0000] "GET /api/tournees HTTP/1.1" 304 - "http://localhost:4200/admin/carte" - 102.076 ms
127.0.0.1 [02/Apr/2026:12:18:41 +0000] "POST /api/bacs/tournee-optimisee HTTP/1.1" 200 800 "http://localhost:4200/admin/carte" - 16.086 ms
127.0.0.1 [02/Apr/2026:12:18:55 +0000] "GET /api/bacs HTTP/1.1" 304 - "http://localhost:4200/admin/carte" - 9.488 ms
127.0.0.1 [02/Apr/2026:12:19:08 +0000] "GET /api/zones HTTP/1.1" 304 - "http://localhost:4200/admin/carte" - 22.694 ms
127.0.0.1 [02/Apr/2026:12:19:08 +0000] "GET /api/bacs/stats HTTP/1.1" 304 - "http://localhost:4200/admin/carte" - 51.389 ms
127.0.0.1 [02/Apr/2026:12:19:08 +0000] "GET /api/vehicules HTTP/1.1" 304 - "http://localhost:4200/admin/carte" - 32.095 ms
127.0.0.1 [02/Apr/2026:12:19:09 +0000] "GET /api/bacs HTTP/1.1" 304 - "http://localhost:4200/admin/carte" - 112.221 ms
127.0.0.1 [02/Apr/2026:12:19:09 +0000] "GET /api/tournees HTTP/1.1" 304 - "http://localhost:4200/admin/carte" - 114.752 ms
127.0.0.1 [02/Apr/2026:12:19:38 +0000] "GET /api/equipes HTTP/1.1" 200 1176 "http://localhost:4200/admin/tournees" - 15.078 ms
127.0.0.1 [02/Apr/2026:12:19:38 +0000] "GET /api/quartiers HTTP/1.1" 200 36 "http://localhost:4200/admin/tournees" - 152.863 ms
127.0.0.1 [02/Apr/2026:12:19:50 +0000] "GET /api/users HTTP/1.1" 200 1764 "http://localhost:4200/admin/equipes" - 10.680 ms
127.0.0.1 [02/Apr/2026:12:19:59 +0000] "GET /api/equipes/69a2e67855c78d4e6784655d HTTP/1.1" 200 547 "http://localhost:4200/admin/equipes" - 10.881 ms
127.0.0.1 [02/Apr/2026:12:20:05 +0000] "DELETE /api/equipes/69a2e67855c78d4e6784655d/membres/69b3ed93ba51244614b969bd HTTP/1.1" 200 364 "http://localhost:4200/admin/equipes" - 78.186 ms
127.0.0.1 [02/Apr/2026:12:20:05 +0000] "GET /api/equipes HTTP/1.1" 200 1082 "http://localhost:4200/admin/equipes" - 14.217 ms
127.0.0.1 [02/Apr/2026:12:20:07 +0000] "DELETE /api/equipes/69a2e67855c78d4e6784655d/membres/69a2b22cdaa7c8c780794a4a HTTP/1.1" 200 253 "http://localhost:4200/admin/equipes" - 6.862 ms
127.0.0.1 [02/Apr/2026:12:20:07 +0000] "GET /api/equipes HTTP/1.1" 200 986 "http://localhost:4200/admin/equipes" - 49.971 ms
127.0.0.1 [02/Apr/2026:12:20:27 +0000] "GET /api/users HTTP/1.1" 304 - "http://localhost:4200/admin/equipes" - 30.960 ms
127.0.0.1 [02/Apr/2026:12:20:27 +0000] "GET /api/vehicules HTTP/1.1" 304 - "http://localhost:4200/admin/equipes" - 37.254 ms
127.0.0.1 [02/Apr/2026:12:20:27 +0000] "GET /api/equipes HTTP/1.1" 304 - "http://localhost:4200/admin/equipes" - 91.866 ms
127.0.0.1 [02/Apr/2026:12:20:33 +0000] "GET /api/equipes/69a16baa5922759d661fc009 HTTP/1.1" 200 327 "http://localhost:4200/admin/equipes" - 9.204 ms
127.0.0.1 [02/Apr/2026:12:20:38 +0000] "POST /api/equipes/69a16baa5922759d661fc009/membres HTTP/1.1" 200 364 "http://localhost:4200/admin/equipes" - 144.916 ms
127.0.0.1 [02/Apr/2026:12:20:38 +0000] "GET /api/equipes HTTP/1.1" 200 1082 "http://localhost:4200/admin/equipes" - 11.475 ms
127.0.0.1 [02/Apr/2026:12:20:41 +0000] "POST /api/equipes/69a16baa5922759d661fc009/membres HTTP/1.1" 200 473 "http://localhost:4200/admin/equipes" - 17.287 ms
127.0.0.1 [02/Apr/2026:12:20:41 +0000] "GET /api/equipes HTTP/1.1" 200 1176 "http://localhost:4200/admin/equipes" - 10.774 ms
127.0.0.1 [02/Apr/2026:12:20:52 +0000] "GET /api/plaintes/mes-plaintes HTTP/1.1" 401 74 "http://localhost:4200/citoyen/signalements" - 3.509 ms
127.0.0.1 [02/Apr/2026:12:20:57 +0000] "POST /api/auth/login HTTP/1.1" 200 610 "http://localhost:4200/login?returnUrl=%2Fcitoyen%2Fsignalements" - 141.474 ms
127.0.0.1 [02/Apr/2026:12:21:12 +0000] "GET /api/users HTTP/1.1" 304 - "http://localhost:4200/admin/equipes" - 34.899 ms
127.0.0.1 [02/Apr/2026:12:21:12 +0000] "GET /api/vehicules HTTP/1.1" 304 - "http://localhost:4200/admin/equipes" - 45.250 ms
127.0.0.1 [02/Apr/2026:12:21:12 +0000] "GET /api/equipes HTTP/1.1" 304 - "http://localhost:4200/admin/equipes" - 78.144 ms
127.0.0.1 [02/Apr/2026:12:21:19 +0000] "GET /api/performances?mois=4&annee=2026 HTTP/1.1" 200 1822 "http://localhost:4200/admin/primes" - 15.978 ms
127.0.0.1 [02/Apr/2026:12:21:19 +0000] "GET /api/decaissements?mois=4&annee=2026 HTTP/1.1" 200 26 "http://localhost:4200/admin/primes" - 135.294 ms
127.0.0.1 [02/Apr/2026:12:21:48 +0000] "GET /api/zones HTTP/1.1" 304 - "http://localhost:4200/admin/zones" - 11.546 ms
127.0.0.1 [02/Apr/2026:12:21:48 +0000] "GET /api/zones/arrondissements HTTP/1.1" 200 346 "http://localhost:4200/admin/zones" - 10.466 ms
127.0.0.1 [02/Apr/2026:12:21:54 +0000] "POST /api/zones/bulk HTTP/1.1" 201 832 "http://localhost:4200/admin/zones" - 80.945 ms
127.0.0.1 [02/Apr/2026:12:21:54 +0000] "GET /api/zones HTTP/1.1" 200 1279 "http://localhost:4200/admin/zones" - 16.973 ms
127.0.0.1 [02/Apr/2026:12:21:54 +0000] "GET /api/zones/arrondissements HTTP/1.1" 200 343 "http://localhost:4200/admin/zones" - 20.274 ms
127.0.0.1 [02/Apr/2026:12:22:30 +0000] "GET /api/tournees/agent/mes-tournees HTTP/1.1" 401 74 "http://localhost:4200/agent/dashboard" - 4.335 ms
127.0.0.1 [02/Apr/2026:12:22:32 +0000] "POST /api/auth/login HTTP/1.1" 200 601 "http://localhost:4200/login?returnUrl=%2Fagent%2Fdashboard" - 187.750 ms
127.0.0.1 [02/Apr/2026:12:22:32 +0000] "GET /api/tournees/agent/mes-tournees HTTP/1.1" 200 1868 "http://localhost:4200/agent/dashboard" - 79.791 ms
127.0.0.1 [02/Apr/2026:12:22:36 +0000] "GET /api/tournees/agent/mes-tournees HTTP/1.1" 304 - "http://localhost:4200/agent/dashboard" - 28.269 ms
127.0.0.1 [02/Apr/2026:12:22:37 +0000] "GET /api/tournees/69b54cd502b6edbc15b45728 HTTP/1.1" 200 678 "http://localhost:4200/agent/tournee" - 66.872 ms
127.0.0.1 [02/Apr/2026:12:22:37 +0000] "GET /api/collectes/tournee/69b54cd502b6edbc15b45728 HTTP/1.1" 200 36 "http://localhost:4200/agent/tournee" - 35.024 ms
127.0.0.1 [02/Apr/2026:12:23:23 +0000] "GET /api/zones HTTP/1.1" 304 - "http://localhost:4200/admin/carte" - 22.899 ms
127.0.0.1 [02/Apr/2026:12:23:23 +0000] "GET /api/bacs/stats HTTP/1.1" 304 - "http://localhost:4200/admin/carte" - 33.189 ms
127.0.0.1 [02/Apr/2026:12:23:24 +0000] "GET /api/vehicules HTTP/1.1" 304 - "http://localhost:4200/admin/carte" - 31.101 ms
127.0.0.1 [02/Apr/2026:12:23:24 +0000] "GET /api/bacs HTTP/1.1" 304 - "http://localhost:4200/admin/carte" - 72.759 ms
127.0.0.1 [02/Apr/2026:12:23:24 +0000] "GET /api/tournees HTTP/1.1" 304 - "http://localhost:4200/admin/carte" - 68.329 ms
127.0.0.1 [02/Apr/2026:12:23:39 +0000] "POST /api/navigation/itineraire HTTP/1.1" 200 1539 "http://localhost:4200/admin/carte" - 10.128 ms
127.0.0.1 [02/Apr/2026:12:23:46 +0000] "POST /api/navigation/itineraire HTTP/1.1" 200 1540 "http://localhost:4200/admin/carte" - 10.875 ms
127.0.0.1 [02/Apr/2026:12:24:05 +0000] "GET /api/zones HTTP/1.1" 304 - "http://localhost:4200/admin/carte" - 8.701 ms
127.0.0.1 [02/Apr/2026:12:24:06 +0000] "GET /api/bacs/stats HTTP/1.1" 304 - "http://localhost:4200/admin/carte" - 29.863 ms
127.0.0.1 [02/Apr/2026:12:24:06 +0000] "GET /api/vehicules HTTP/1.1" 304 - "http://localhost:4200/admin/carte" - 30.856 ms
127.0.0.1 [02/Apr/2026:12:24:06 +0000] "GET /api/bacs HTTP/1.1" 304 - "http://localhost:4200/admin/carte" - 71.471 ms
127.0.0.1 [02/Apr/2026:12:24:06 +0000] "GET /api/tournees HTTP/1.1" 304 - "http://localhost:4200/admin/carte" - 79.291 ms
127.0.0.1 [02/Apr/2026:12:24:17 +0000] "POST /api/navigation/itineraire HTTP/1.1" 200 1540 "http://localhost:4200/admin/carte" - 9.308 ms
127.0.0.1 [02/Apr/2026:12:28:03 +0000] "POST /api/navigation/itineraire HTTP/1.1" 200 1516 "http://localhost:4200/admin/carte" - 9.928 ms
127.0.0.1 [02/Apr/2026:12:28:35 +0000] "GET /api/zones HTTP/1.1" 304 - "http://localhost:4200/admin/carte" - 26.273 ms
127.0.0.1 [02/Apr/2026:12:28:35 +0000] "GET /api/bacs/stats HTTP/1.1" 304 - "http://localhost:4200/admin/carte" - 24.770 ms
127.0.0.1 [02/Apr/2026:12:28:35 +0000] "GET /api/vehicules HTTP/1.1" 304 - "http://localhost:4200/admin/carte" - 20.197 ms
127.0.0.1 [02/Apr/2026:12:28:35 +0000] "GET /api/bacs HTTP/1.1" 304 - "http://localhost:4200/admin/carte" - 34.145 ms
127.0.0.1 [02/Apr/2026:12:28:35 +0000] "GET /api/tournees HTTP/1.1" 304 - "http://localhost:4200/admin/carte" - 27.207 ms
127.0.0.1 [02/Apr/2026:12:29:08 +0000] "POST /api/navigation/itineraire HTTP/1.1" 200 609 "http://localhost:4200/admin/carte" - 13.501 ms
127.0.0.1 [02/Apr/2026:12:29:48 +0000] "GET /api/vehicules HTTP/1.1" 304 - "http://localhost:4200/admin/carte" - 13.642 ms
127.0.0.1 [02/Apr/2026:12:29:48 +0000] "GET /api/bacs?zoneId=69a16bcd5922759d661fc010 HTTP/1.1" 200 399 "http://localhost:4200/admin/carte" - 26.889 ms
127.0.0.1 [02/Apr/2026:12:29:48 +0000] "GET /api/tournees HTTP/1.1" 304 - "http://localhost:4200/admin/carte" - 29.364 ms
127.0.0.1 [02/Apr/2026:12:30:00 +0000] "GET /api/zones HTTP/1.1" 304 - "http://localhost:4200/admin/carte" - 24.800 ms
127.0.0.1 [02/Apr/2026:12:30:00 +0000] "GET /api/bacs/stats HTTP/1.1" 304 - "http://localhost:4200/admin/carte" - 46.707 ms
127.0.0.1 [02/Apr/2026:12:30:00 +0000] "GET /api/vehicules HTTP/1.1" 304 - "http://localhost:4200/admin/carte" - 49.074 ms
127.0.0.1 [02/Apr/2026:12:30:00 +0000] "GET /api/bacs HTTP/1.1" 304 - "http://localhost:4200/admin/carte" - 100.411 ms
127.0.0.1 [02/Apr/2026:12:30:00 +0000] "GET /api/tournees HTTP/1.1" 304 - "http://localhost:4200/admin/carte" - 100.259 ms
127.0.0.1 [02/Apr/2026:12:30:48 +0000] "POST /api/navigation/itineraire HTTP/1.1" 200 605 "http://localhost:4200/admin/carte" - 9.861 ms
127.0.0.1 [02/Apr/2026:12:31:01 +0000] "POST /api/bacs/tournee-optimisee HTTP/1.1" 200 431 "http://localhost:4200/admin/carte" - 13.726 ms
127.0.0.1 [02/Apr/2026:12:31:14 +0000] "POST /api/navigation/itineraire HTTP/1.1" 200 605 "http://localhost:4200/admin/carte" - 13.187 ms
127.0.0.1 [02/Apr/2026:12:31:33 +0000] "POST /api/navigation/itineraire HTTP/1.1" 200 605 "http://localhost:4200/admin/carte" - 11.044 ms
127.0.0.1 [02/Apr/2026:12:31:44 +0000] "GET /api/vehicules HTTP/1.1" 304 - "http://localhost:4200/admin/carte" - 11.975 ms
127.0.0.1 [02/Apr/2026:12:31:44 +0000] "GET /api/bacs?zoneId=69a16be75922759d661fc015 HTTP/1.1" 200 766 "http://localhost:4200/admin/carte" - 27.908 ms
127.0.0.1 [02/Apr/2026:12:31:44 +0000] "GET /api/tournees HTTP/1.1" 304 - "http://localhost:4200/admin/carte" - 25.689 ms
127.0.0.1 [02/Apr/2026:12:31:53 +0000] "POST /api/navigation/itineraire HTTP/1.1" 200 1072 "http://localhost:4200/admin/carte" - 14.561 ms
127.0.0.1 [02/Apr/2026:12:32:02 +0000] "GET /api/zones HTTP/1.1" 304 - "http://localhost:4200/admin/carte" - 20.958 ms
127.0.0.1 [02/Apr/2026:12:32:02 +0000] "GET /api/bacs/stats HTTP/1.1" 304 - "http://localhost:4200/admin/carte" - 29.206 ms
127.0.0.1 [02/Apr/2026:12:32:02 +0000] "GET /api/bacs HTTP/1.1" 304 - "http://localhost:4200/admin/carte" - 15.153 ms
127.0.0.1 [02/Apr/2026:12:32:02 +0000] "GET /api/vehicules HTTP/1.1" 304 - "http://localhost:4200/admin/carte" - 19.151 ms
127.0.0.1 [02/Apr/2026:12:32:02 +0000] "GET /api/tournees HTTP/1.1" 304 - "http://localhost:4200/admin/carte" - 26.930 ms
127.0.0.1 [02/Apr/2026:12:32:17 +0000] "POST /api/navigation/itineraire HTTP/1.1" 200 1538 "http://localhost:4200/admin/carte" - 10.265 ms
127.0.0.1 [02/Apr/2026:12:32:42 +0000] "GET /api/tournees/agent/mes-tournees HTTP/1.1" 200 1868 "http://localhost:4200/agent/dashboard" - 14.921 ms
127.0.0.1 [02/Apr/2026:12:32:44 +0000] "GET /api/tournees/69b54cd502b6edbc15b45728 HTTP/1.1" 200 678 "http://localhost:4200/agent/tournee" - 12.782 ms
127.0.0.1 [02/Apr/2026:12:32:44 +0000] "GET /api/collectes/tournee/69b54cd502b6edbc15b45728 HTTP/1.1" 200 36 "http://localhost:4200/agent/tournee" - 5.101 ms
127.0.0.1 [02/Apr/2026:12:32:56 +0000] "PUT /api/tournees/69b54cd502b6edbc15b45728/demarrer HTTP/1.1" 200 605 "http://localhost:4200/agent/tournee" - 91.169 ms
127.0.0.1 [02/Apr/2026:12:32:56 +0000] "GET /api/collectes/tournee/69b54cd502b6edbc15b45728 HTTP/1.1" 304 - "http://localhost:4200/agent/tournee" - 3.906 ms
127.0.0.1 [02/Apr/2026:12:33:15 +0000] "GET /api/tournees/69b54cd502b6edbc15b45728 HTTP/1.1" 200 720 "http://localhost:4200/agent/navigation/69b54cd502b6edbc15b45728" - 14.616 ms
127.0.0.1 [02/Apr/2026:12:33:23 +0000] "POST /api/navigation/position HTTP/1.1" 200 51 "http://localhost:4200/agent/navigation/69b54cd502b6edbc15b45728" - 34.085 ms
127.0.0.1 [02/Apr/2026:12:34:02 +0000] "POST /api/navigation/position HTTP/1.1" 200 51 "http://localhost:4200/agent/navigation/69b54cd502b6edbc15b45728" - 20.279 ms
127.0.0.1 [02/Apr/2026:12:34:45 +0000] "POST /api/navigation/prochain-bac HTTP/1.1" 200 506 "http://localhost:4200/agent/navigation/69b54cd502b6edbc15b45728" - 11.085 ms
127.0.0.1 [02/Apr/2026:12:35:12 +0000] "GET /api/collectes/tournee/69b54cd502b6edbc15b45728 HTTP/1.1" 304 - "http://localhost:4200/agent/navigation/69b54cd502b6edbc15b45728" - 7.674 ms
127.0.0.1 [02/Apr/2026:12:35:12 +0000] "GET /api/tournees/69b54cd502b6edbc15b45728 HTTP/1.1" 304 - "http://localhost:4200/agent/navigation/69b54cd502b6edbc15b45728" - 19.376 ms
127.0.0.1 [02/Apr/2026:12:35:16 +0000] "POST /api/navigation/position HTTP/1.1" 200 51 "http://localhost:4200/agent/navigation/69b54cd502b6edbc15b45728" - 20.102 ms
127.0.0.1 [02/Apr/2026:12:35:23 +0000] "POST /api/navigation/position HTTP/1.1" 200 51 "http://localhost:4200/agent/navigation/69b54cd502b6edbc15b45728" - 24.700 ms
127.0.0.1 [02/Apr/2026:12:35:27 +0000] "POST /api/navigation/prochain-bac HTTP/1.1" 200 506 "http://localhost:4200/agent/navigation/69b54cd502b6edbc15b45728" - 9.649 ms
127.0.0.1 [02/Apr/2026:12:35:52 +0000] "POST /api/navigation/itineraire HTTP/1.1" 200 1538 "http://localhost:4200/admin/carte" - 12.106 ms
127.0.0.1 [02/Apr/2026:12:35:55 +0000] "POST /api/navigation/itineraire HTTP/1.1" 200 1538 "http://localhost:4200/admin/carte" - 11.765 ms
127.0.0.1 [02/Apr/2026:12:35:56 +0000] "POST /api/navigation/itineraire HTTP/1.1" 200 1538 "http://localhost:4200/admin/carte" - 10.458 ms
127.0.0.1 [02/Apr/2026:12:38:31 +0000] "POST /api/navigation/position HTTP/1.1" 200 51 "http://localhost:4200/agent/navigation/69b54cd502b6edbc15b45728" - 16.234 ms
127.0.0.1 [02/Apr/2026:12:38:41 +0000] "POST /api/navigation/prochain-bac HTTP/1.1" 200 506 "http://localhost:4200/agent/navigation/69b54cd502b6edbc15b45728" - 12.829 ms
127.0.0.1 [02/Apr/2026:12:38:43 +0000] "POST /api/navigation/prochain-bac HTTP/1.1" 200 506 "http://localhost:4200/agent/navigation/69b54cd502b6edbc15b45728" - 10.556 ms
127.0.0.1 [02/Apr/2026:12:38:44 +0000] "POST /api/navigation/prochain-bac HTTP/1.1" 200 506 "http://localhost:4200/agent/navigation/69b54cd502b6edbc15b45728" - 8.523 ms
127.0.0.1 [02/Apr/2026:12:38:44 +0000] "POST /api/navigation/prochain-bac HTTP/1.1" 200 506 "http://localhost:4200/agent/navigation/69b54cd502b6edbc15b45728" - 8.601 ms
127.0.0.1 [02/Apr/2026:12:38:44 +0000] "POST /api/navigation/prochain-bac HTTP/1.1" 200 506 "http://localhost:4200/agent/navigation/69b54cd502b6edbc15b45728" - 10.753 ms
127.0.0.1 [02/Apr/2026:12:38:45 +0000] "POST /api/navigation/prochain-bac HTTP/1.1" 200 506 "http://localhost:4200/agent/navigation/69b54cd502b6edbc15b45728" - 11.045 ms
127.0.0.1 [02/Apr/2026:12:38:45 +0000] "POST /api/navigation/prochain-bac HTTP/1.1" 200 506 "http://localhost:4200/agent/navigation/69b54cd502b6edbc15b45728" - 12.059 ms
127.0.0.1 [02/Apr/2026:12:38:46 +0000] "POST /api/navigation/prochain-bac HTTP/1.1" 200 506 "http://localhost:4200/agent/navigation/69b54cd502b6edbc15b45728" - 9.217 ms
127.0.0.1 [02/Apr/2026:12:40:23 +0000] "POST /api/navigation/prochain-bac HTTP/1.1" 200 506 "http://localhost:4200/agent/navigation/69b54cd502b6edbc15b45728" - 12.132 ms
127.0.0.1 [02/Apr/2026:12:40:24 +0000] "GET /api/tournees/agent/mes-tournees HTTP/1.1" 200 1910 "http://localhost:4200/agent/tournee" - 19.111 ms
127.0.0.1 [02/Apr/2026:12:40:24 +0000] "GET /api/tournees/69b54cd502b6edbc15b45728 HTTP/1.1" 304 - "http://localhost:4200/agent/tournee" - 9.524 ms
127.0.0.1 [02/Apr/2026:12:40:24 +0000] "GET /api/collectes/tournee/69b54cd502b6edbc15b45728 HTTP/1.1" 304 - "http://localhost:4200/agent/tournee" - 4.023 ms
127.0.0.1 [02/Apr/2026:12:40:40 +0000] "POST /api/navigation/position HTTP/1.1" 200 51 "http://localhost:4200/agent/navigation/69b54cd502b6edbc15b45728" - 21.622 ms
127.0.0.1 [02/Apr/2026:12:40:43 +0000] "POST /api/navigation/prochain-bac HTTP/1.1" 200 506 "http://localhost:4200/agent/navigation/69b54cd502b6edbc15b45728" - 10.873 ms
127.0.0.1 [02/Apr/2026:12:43:01 +0000] "POST /api/navigation/prochain-bac HTTP/1.1" 200 506 "http://localhost:4200/agent/navigation/69b54cd502b6edbc15b45728" - 14.292 ms
127.0.0.1 [02/Apr/2026:12:43:02 +0000] "POST /api/navigation/prochain-bac HTTP/1.1" 200 506 "http://localhost:4200/agent/navigation/69b54cd502b6edbc15b45728" - 8.122 ms
127.0.0.1 [02/Apr/2026:12:43:03 +0000] "POST /api/navigation/prochain-bac HTTP/1.1" 200 506 "http://localhost:4200/agent/navigation/69b54cd502b6edbc15b45728" - 7.331 ms
127.0.0.1 [02/Apr/2026:12:43:03 +0000] "POST /api/navigation/prochain-bac HTTP/1.1" 200 506 "http://localhost:4200/agent/navigation/69b54cd502b6edbc15b45728" - 9.352 ms
127.0.0.1 [02/Apr/2026:12:43:30 +0000] "GET /api/tournees/69b54cd502b6edbc15b45728 HTTP/1.1" 304 - "http://localhost:4200/agent/navigation/69b54cd502b6edbc15b45728" - 53.436 ms
127.0.0.1 [02/Apr/2026:12:43:30 +0000] "POST /api/navigation/position HTTP/1.1" 200 51 "http://localhost:4200/agent/navigation/69b54cd502b6edbc15b45728" - 88.505 ms
127.0.0.1 [02/Apr/2026:12:43:31 +0000] "GET /api/tournees/agent/mes-tournees HTTP/1.1" 304 - "http://localhost:4200/agent/dashboard" - 27.924 ms
127.0.0.1 [02/Apr/2026:12:43:31 +0000] "GET /api/tournees/agent/mes-tournees HTTP/1.1" 200 1910 "http://localhost:4200/agent/tournee" - 19.064 ms
127.0.0.1 [02/Apr/2026:12:43:31 +0000] "GET /api/tournees/69b54cd502b6edbc15b45728 HTTP/1.1" 200 720 "http://localhost:4200/agent/tournee" - 19.297 ms
127.0.0.1 [02/Apr/2026:12:43:31 +0000] "GET /api/collectes/tournee/69b54cd502b6edbc15b45728 HTTP/1.1" 304 - "http://localhost:4200/agent/tournee" - 7.886 ms
127.0.0.1 [02/Apr/2026:12:43:32 +0000] "GET /api/zones HTTP/1.1" 304 - "http://localhost:4200/admin/carte" - 14.908 ms
127.0.0.1 [02/Apr/2026:12:43:32 +0000] "GET /api/bacs/stats HTTP/1.1" 304 - "http://localhost:4200/admin/carte" - 22.225 ms
127.0.0.1 [02/Apr/2026:12:43:32 +0000] "GET /api/bacs HTTP/1.1" 304 - "http://localhost:4200/admin/carte" - 11.599 ms
127.0.0.1 [02/Apr/2026:12:43:32 +0000] "GET /api/vehicules HTTP/1.1" 200 863 "http://localhost:4200/admin/carte" - 13.898 ms
127.0.0.1 [02/Apr/2026:12:43:32 +0000] "GET /api/tournees HTTP/1.1" 200 4198 "http://localhost:4200/admin/carte" - 23.996 ms
127.0.0.1 [02/Apr/2026:12:43:39 +0000] "GET /api/tournees/69b54cd502b6edbc15b45728 HTTP/1.1" 304 - "http://localhost:4200/agent/navigation/69b54cd502b6edbc15b45728" - 76.894 ms
127.0.0.1 [02/Apr/2026:12:43:39 +0000] "GET /api/tournees/agent/mes-tournees HTTP/1.1" 304 - "http://localhost:4200/agent/dashboard" - 16.796 ms
127.0.0.1 [02/Apr/2026:12:43:39 +0000] "GET /api/tournees/agent/mes-tournees HTTP/1.1" 304 - "http://localhost:4200/agent/tournee" - 52.976 ms
127.0.0.1 [02/Apr/2026:12:43:39 +0000] "GET /api/zones HTTP/1.1" 304 - "http://localhost:4200/admin/carte" - 15.942 ms
127.0.0.1 [02/Apr/2026:12:43:39 +0000] "GET /api/bacs/stats HTTP/1.1" 304 - "http://localhost:4200/admin/carte" - 25.787 ms
127.0.0.1 [02/Apr/2026:12:43:40 +0000] "GET /api/tournees/69b54cd502b6edbc15b45728 HTTP/1.1" 304 - "http://localhost:4200/agent/tournee" - 21.088 ms
127.0.0.1 [02/Apr/2026:12:43:40 +0000] "GET /api/collectes/tournee/69b54cd502b6edbc15b45728 HTTP/1.1" 304 - "http://localhost:4200/agent/tournee" - 12.699 ms
127.0.0.1 [02/Apr/2026:12:43:40 +0000] "GET /api/vehicules HTTP/1.1" 304 - "http://localhost:4200/admin/carte" - 19.595 ms
127.0.0.1 [02/Apr/2026:12:43:40 +0000] "GET /api/bacs HTTP/1.1" 304 - "http://localhost:4200/admin/carte" - 33.991 ms
127.0.0.1 [02/Apr/2026:12:43:40 +0000] "GET /api/tournees HTTP/1.1" 304 - "http://localhost:4200/admin/carte" - 33.712 ms
127.0.0.1 [02/Apr/2026:12:43:43 +0000] "POST /api/navigation/position HTTP/1.1" 200 51 "http://localhost:4200/agent/navigation/69b54cd502b6edbc15b45728" - 20.962 ms
127.0.0.1 [02/Apr/2026:12:43:51 +0000] "GET /api/tournees/69b54cd502b6edbc15b45728 HTTP/1.1" 304 - "http://localhost:4200/agent/navigation/69b54cd502b6edbc15b45728" - 34.164 ms
127.0.0.1 [02/Apr/2026:12:43:51 +0000] "GET /api/tournees/agent/mes-tournees HTTP/1.1" 304 - "http://localhost:4200/agent/tournee" - 32.003 ms
127.0.0.1 [02/Apr/2026:12:43:51 +0000] "GET /api/tournees/69b54cd502b6edbc15b45728 HTTP/1.1" 304 - "http://localhost:4200/agent/tournee" - 41.807 ms
127.0.0.1 [02/Apr/2026:12:43:51 +0000] "GET /api/collectes/tournee/69b54cd502b6edbc15b45728 HTTP/1.1" 304 - "http://localhost:4200/agent/tournee" - 7.686 ms
127.0.0.1 [02/Apr/2026:12:43:51 +0000] "GET /api/tournees/agent/mes-tournees HTTP/1.1" 304 - "http://localhost:4200/agent/dashboard" - 31.029 ms
127.0.0.1 [02/Apr/2026:12:43:51 +0000] "GET /api/zones HTTP/1.1" 304 - "http://localhost:4200/admin/carte" - 17.667 ms
127.0.0.1 [02/Apr/2026:12:43:51 +0000] "GET /api/bacs/stats HTTP/1.1" 304 - "http://localhost:4200/admin/carte" - 25.634 ms
127.0.0.1 [02/Apr/2026:12:43:51 +0000] "GET /api/vehicules HTTP/1.1" 200 863 "http://localhost:4200/admin/carte" - 19.524 ms
127.0.0.1 [02/Apr/2026:12:43:51 +0000] "GET /api/bacs HTTP/1.1" 304 - "http://localhost:4200/admin/carte" - 34.508 ms
127.0.0.1 [02/Apr/2026:12:43:51 +0000] "GET /api/tournees HTTP/1.1" 304 - "http://localhost:4200/admin/carte" - 30.989 ms
127.0.0.1 [02/Apr/2026:12:45:09 +0000] "POST /api/navigation/prochain-bac HTTP/1.1" 200 506 "http://localhost:4200/agent/navigation/69b54cd502b6edbc15b45728" - 45.537 ms
127.0.0.1 [02/Apr/2026:12:45:15 +0000] "GET /api/collectes/tournee/69b54cd502b6edbc15b45728 HTTP/1.1" 304 - "http://localhost:4200/agent/tournee/69b54cd502b6edbc15b45728" - 18.060 ms
127.0.0.1 [02/Apr/2026:12:45:15 +0000] "GET /api/tournees/69b54cd502b6edbc15b45728 HTTP/1.1" 304 - "http://localhost:4200/agent/tournee/69b54cd502b6edbc15b45728" - 68.047 ms
127.0.0.1 [02/Apr/2026:12:45:19 +0000] "POST /api/navigation/position HTTP/1.1" 200 51 "http://localhost:4200/agent/navigation/69b54cd502b6edbc15b45728" - 47.968 ms
127.0.0.1 [02/Apr/2026:12:45:22 +0000] "POST /api/navigation/prochain-bac HTTP/1.1" 200 506 "http://localhost:4200/agent/navigation/69b54cd502b6edbc15b45728" - 18.074 ms
127.0.0.1 [02/Apr/2026:12:46:39 +0000] "POST /api/navigation/position HTTP/1.1" 200 51 "http://localhost:4200/agent/navigation/69b54cd502b6edbc15b45728" - 14.423 ms
127.0.0.1 [02/Apr/2026:12:46:52 +0000] "POST /api/navigation/position HTTP/1.1" 200 51 "http://localhost:4200/agent/navigation/69b54cd502b6edbc15b45728" - 13.758 ms
127.0.0.1 [02/Apr/2026:12:47:53 +0000] "POST /api/navigation/position HTTP/1.1" 200 51 "http://localhost:4200/agent/navigation/69b54cd502b6edbc15b45728" - 13.618 ms
127.0.0.1 [02/Apr/2026:12:48:26 +0000] "POST /api/navigation/position HTTP/1.1" 200 51 "http://localhost:4200/agent/navigation/69b54cd502b6edbc15b45728" - 14.802 ms
127.0.0.1 [02/Apr/2026:12:48:43 +0000] "POST /api/navigation/position HTTP/1.1" 200 51 "http://localhost:4200/agent/navigation/69b54cd502b6edbc15b45728" - 15.608 ms
127.0.0.1 [02/Apr/2026:12:51:57 +0000] "GET /api/tournees/69b54cd502b6edbc15b45728 HTTP/1.1" 304 - "http://localhost:4200/agent/navigation/69b54cd502b6edbc15b45728" - 74.101 ms
127.0.0.1 [02/Apr/2026:12:51:57 +0000] "POST /api/navigation/position HTTP/1.1" 200 51 "http://localhost:4200/agent/navigation/69b54cd502b6edbc15b45728" - 24.385 ms
127.0.0.1 [02/Apr/2026:12:51:58 +0000] "GET /api/tournees/agent/mes-tournees HTTP/1.1" 304 - "http://localhost:4200/agent/dashboard" - 26.275 ms
127.0.0.1 [02/Apr/2026:12:51:58 +0000] "GET /api/zones HTTP/1.1" 304 - "http://localhost:4200/admin/carte" - 29.782 ms
127.0.0.1 [02/Apr/2026:12:51:58 +0000] "GET /api/bacs/stats HTTP/1.1" 304 - "http://localhost:4200/admin/carte" - 37.103 ms
127.0.0.1 [02/Apr/2026:12:51:59 +0000] "GET /api/vehicules HTTP/1.1" 200 863 "http://localhost:4200/admin/carte" - 20.063 ms
127.0.0.1 [02/Apr/2026:12:51:59 +0000] "GET /api/bacs HTTP/1.1" 304 - "http://localhost:4200/admin/carte" - 43.584 ms
127.0.0.1 [02/Apr/2026:12:51:59 +0000] "GET /api/tournees HTTP/1.1" 304 - "http://localhost:4200/admin/carte" - 40.440 ms
127.0.0.1 [02/Apr/2026:12:54:01 +0000] "GET /api/tournees/69b54cd502b6edbc15b45728 HTTP/1.1" 304 - "http://localhost:4200/agent/navigation/69b54cd502b6edbc15b45728" - 22.596 ms
127.0.0.1 [02/Apr/2026:12:54:01 +0000] "POST /api/navigation/position HTTP/1.1" 200 51 "http://localhost:4200/agent/navigation/69b54cd502b6edbc15b45728" - 31.060 ms
127.0.0.1 [02/Apr/2026:12:54:02 +0000] "GET /api/tournees/agent/mes-tournees HTTP/1.1" 304 - "http://localhost:4200/agent/dashboard" - 21.026 ms
127.0.0.1 [02/Apr/2026:12:54:02 +0000] "GET /api/zones HTTP/1.1" 304 - "http://localhost:4200/admin/carte" - 9.942 ms
127.0.0.1 [02/Apr/2026:12:54:02 +0000] "GET /api/bacs/stats HTTP/1.1" 304 - "http://localhost:4200/admin/carte" - 20.228 ms
127.0.0.1 [02/Apr/2026:12:54:02 +0000] "GET /api/bacs HTTP/1.1" 304 - "http://localhost:4200/admin/carte" - 24.808 ms
127.0.0.1 [02/Apr/2026:12:54:02 +0000] "GET /api/vehicules HTTP/1.1" 200 863 "http://localhost:4200/admin/carte" - 18.697 ms
127.0.0.1 [02/Apr/2026:12:54:02 +0000] "GET /api/tournees HTTP/1.1" 304 - "http://localhost:4200/admin/carte" - 35.141 ms
127.0.0.1 [02/Apr/2026:12:54:23 +0000] "GET /api/tournees/69b54cd502b6edbc15b45728 HTTP/1.1" 304 - "http://localhost:4200/agent/navigation/69b54cd502b6edbc15b45728" - 123.937 ms
127.0.0.1 [02/Apr/2026:12:54:23 +0000] "GET /api/tournees/agent/mes-tournees HTTP/1.1" 304 - "http://localhost:4200/agent/dashboard" - 29.275 ms
127.0.0.1 [02/Apr/2026:12:54:24 +0000] "POST /api/navigation/position HTTP/1.1" 200 51 "http://localhost:4200/agent/navigation/69b54cd502b6edbc15b45728" - 24.894 ms
127.0.0.1 [02/Apr/2026:12:54:24 +0000] "GET /api/zones HTTP/1.1" 304 - "http://localhost:4200/admin/carte" - 16.512 ms
127.0.0.1 [02/Apr/2026:12:54:24 +0000] "GET /api/bacs/stats HTTP/1.1" 304 - "http://localhost:4200/admin/carte" - 25.584 ms
127.0.0.1 [02/Apr/2026:12:54:24 +0000] "GET /api/vehicules HTTP/1.1" 200 863 "http://localhost:4200/admin/carte" - 18.560 ms
127.0.0.1 [02/Apr/2026:12:54:24 +0000] "GET /api/bacs HTTP/1.1" 304 - "http://localhost:4200/admin/carte" - 30.270 ms
127.0.0.1 [02/Apr/2026:12:54:24 +0000] "GET /api/tournees HTTP/1.1" 304 - "http://localhost:4200/admin/carte" - 34.430 ms
127.0.0.1 [02/Apr/2026:12:54:35 +0000] "GET /api/tournees/69b54cd502b6edbc15b45728 HTTP/1.1" 304 - "http://localhost:4200/agent/navigation/69b54cd502b6edbc15b45728" - 31.058 ms
127.0.0.1 [02/Apr/2026:12:54:36 +0000] "GET /api/tournees/agent/mes-tournees HTTP/1.1" 304 - "http://localhost:4200/agent/dashboard" - 21.160 ms
127.0.0.1 [02/Apr/2026:12:54:36 +0000] "GET /api/zones HTTP/1.1" 304 - "http://localhost:4200/admin/carte" - 16.046 ms
127.0.0.1 [02/Apr/2026:12:54:36 +0000] "GET /api/bacs/stats HTTP/1.1" 304 - "http://localhost:4200/admin/carte" - 26.579 ms
127.0.0.1 [02/Apr/2026:12:54:36 +0000] "GET /api/vehicules HTTP/1.1" 304 - "http://localhost:4200/admin/carte" - 13.086 ms
127.0.0.1 [02/Apr/2026:12:54:36 +0000] "GET /api/bacs HTTP/1.1" 304 - "http://localhost:4200/admin/carte" - 29.706 ms
127.0.0.1 [02/Apr/2026:12:54:36 +0000] "GET /api/tournees HTTP/1.1" 304 - "http://localhost:4200/admin/carte" - 25.871 ms
127.0.0.1 [02/Apr/2026:12:54:38 +0000] "POST /api/navigation/position HTTP/1.1" 200 51 "http://localhost:4200/agent/navigation/69b54cd502b6edbc15b45728" - 13.877 ms
127.0.0.1 [02/Apr/2026:13:22:20 +0000] "POST /api/navigation/itineraire HTTP/1.1" 200 1516 "http://localhost:4200/admin/carte" - 47.942 ms
127.0.0.1 [02/Apr/2026:13:22:25 +0000] "POST /api/navigation/position HTTP/1.1" 200 51 "http://localhost:4200/agent/navigation/69b54cd502b6edbc15b45728" - 30.471 ms
127.0.0.1 [02/Apr/2026:13:23:30 +0000] "GET /api/tournees/69b54cd502b6edbc15b45728 HTTP/1.1" 304 - "http://localhost:4200/agent/navigation/69b54cd502b6edbc15b45728" - 85.501 ms
127.0.0.1 [02/Apr/2026:13:23:30 +0000] "POST /api/navigation/position HTTP/1.1" 200 51 "http://localhost:4200/agent/navigation/69b54cd502b6edbc15b45728" - 18.573 ms
127.0.0.1 [13/Apr/2026:17:02:34 +0000] "GET /api/stats/dashboard HTTP/1.1" 401 74 "http://localhost:4200/admin/dashboard" - 26.419 ms
127.0.0.1 [13/Apr/2026:17:02:34 +0000] "GET /api/performances HTTP/1.1" 401 74 "http://localhost:4200/admin/dashboard" - 8.492 ms
127.0.0.1 [13/Apr/2026:17:03:11 +0000] "POST /api/auth/login HTTP/1.1" 200 559 "http://localhost:4200/login?returnUrl=%2Flogin%3FreturnUrl%3D%252Fadmin%252Fdashboard" - 589.791 ms
127.0.0.1 [13/Apr/2026:17:04:06 +0000] "GET /api/stats/dashboard HTTP/1.1" 200 5660 "http://localhost:4200/admin/dashboard" - 760.295 ms
127.0.0.1 [13/Apr/2026:17:04:06 +0000] "GET /api/performances HTTP/1.1" 200 1822 "http://localhost:4200/admin/dashboard" - 759.873 ms
127.0.0.1 [13/Apr/2026:17:05:18 +0000] "GET /api/zones HTTP/1.1" 200 1279 "http://localhost:4200/admin/bacs" - 64.026 ms
127.0.0.1 [13/Apr/2026:17:05:19 +0000] "GET /api/bacs HTTP/1.1" 200 1130 "http://localhost:4200/admin/bacs" - 679.181 ms
127.0.0.1 [13/Apr/2026:17:05:20 +0000] "GET /api/bacs/stats HTTP/1.1" 200 80 "http://localhost:4200/admin/carte" - 354.634 ms
127.0.0.1 [13/Apr/2026:17:05:20 +0000] "GET /api/vehicules HTTP/1.1" 200 863 "http://localhost:4200/admin/carte" - 30.881 ms
127.0.0.1 [13/Apr/2026:17:05:20 +0000] "GET /api/tournees HTTP/1.1" 200 4198 "http://localhost:4200/admin/carte" - 90.475 ms
127.0.0.1 [13/Apr/2026:17:05:43 +0000] "GET /api/zones HTTP/1.1" 304 - "http://localhost:4200/admin/carte" - 44.160 ms
127.0.0.1 [13/Apr/2026:17:05:43 +0000] "GET /api/bacs/stats HTTP/1.1" 304 - "http://localhost:4200/admin/carte" - 91.768 ms
127.0.0.1 [13/Apr/2026:17:05:43 +0000] "GET /api/vehicules HTTP/1.1" 304 - "http://localhost:4200/admin/carte" - 45.965 ms
127.0.0.1 [13/Apr/2026:17:05:43 +0000] "GET /api/bacs HTTP/1.1" 304 - "http://localhost:4200/admin/carte" - 93.603 ms
127.0.0.1 [13/Apr/2026:17:05:43 +0000] "GET /api/tournees HTTP/1.1" 304 - "http://localhost:4200/admin/carte" - 87.944 ms
127.0.0.1 [13/Apr/2026:17:05:54 +0000] "GET /api/incidents HTTP/1.1" 200 882 "http://localhost:4200/admin/incidents" - 604.964 ms
127.0.0.1 [13/Apr/2026:17:05:57 +0000] "GET /api/stats/analytics HTTP/1.1" 500 1889 "http://localhost:4200/admin/statistiques" - 72.591 ms
127.0.0.1 [13/Apr/2026:17:06:21 +0000] "GET /api/stats/analytics HTTP/1.1" 500 1889 "http://localhost:4200/admin/statistiques" - 34.100 ms
127.0.0.1 [13/Apr/2026:17:06:44 +0000] "GET /api/decaissements?mois=4&annee=2026 HTTP/1.1" 200 26 "http://localhost:4200/admin/primes" - 21.874 ms
127.0.0.1 [13/Apr/2026:17:06:44 +0000] "GET /api/performances?mois=4&annee=2026 HTTP/1.1" 200 1822 "http://localhost:4200/admin/primes" - 44.634 ms
127.0.0.1 [13/Apr/2026:17:06:59 +0000] "GET /api/zones HTTP/1.1" 304 - "http://localhost:4200/admin/carte" - 116.334 ms
127.0.0.1 [13/Apr/2026:17:06:59 +0000] "GET /api/vehicules HTTP/1.1" 304 - "http://localhost:4200/admin/carte" - 109.980 ms
127.0.0.1 [13/Apr/2026:17:06:59 +0000] "GET /api/bacs/stats HTTP/1.1" 304 - "http://localhost:4200/admin/carte" - 195.472 ms
127.0.0.1 [13/Apr/2026:17:06:59 +0000] "GET /api/tournees HTTP/1.1" 304 - "http://localhost:4200/admin/carte" - 170.995 ms
127.0.0.1 [13/Apr/2026:17:06:59 +0000] "GET /api/bacs HTTP/1.1" 304 - "http://localhost:4200/admin/carte" - 149.478 ms
127.0.0.1 [13/Apr/2026:17:07:11 +0000] "POST /api/navigation/itineraire HTTP/1.1" 200 1502 "http://localhost:4200/admin/carte" - 32.102 ms
127.0.0.1 [13/Apr/2026:17:07:54 +0000] "POST /api/bacs/tournee-optimisee HTTP/1.1" 200 1165 "http://localhost:4200/admin/carte" - 29.114 ms
127.0.0.1 [13/Apr/2026:17:07:58 +0000] "POST /api/navigation/itineraire HTTP/1.1" 200 1502 "http://localhost:4200/admin/carte" - 21.807 ms
127.0.0.1 [13/Apr/2026:17:08:00 +0000] "POST /api/navigation/itineraire HTTP/1.1" 200 1502 "http://localhost:4200/admin/carte" - 18.996 ms
127.0.0.1 [13/Apr/2026:17:08:01 +0000] "POST /api/navigation/itineraire HTTP/1.1" 200 1502 "http://localhost:4200/admin/carte" - 55.111 ms
127.0.0.1 [13/Apr/2026:17:08:17 +0000] "GET /api/zones HTTP/1.1" 304 - "http://localhost:4200/admin/carte" - 72.978 ms
127.0.0.1 [13/Apr/2026:17:08:18 +0000] "GET /api/bacs/stats HTTP/1.1" 304 - "http://localhost:4200/admin/carte" - 161.588 ms
127.0.0.1 [13/Apr/2026:17:08:18 +0000] "GET /api/vehicules HTTP/1.1" 304 - "http://localhost:4200/admin/carte" - 33.927 ms
127.0.0.1 [13/Apr/2026:17:08:18 +0000] "GET /api/bacs HTTP/1.1" 304 - "http://localhost:4200/admin/carte" - 108.945 ms
127.0.0.1 [13/Apr/2026:17:08:18 +0000] "GET /api/tournees HTTP/1.1" 304 - "http://localhost:4200/admin/carte" - 98.563 ms
127.0.0.1 [14/Apr/2026:14:20:06 +0000] "GET /api/stats/dashboard HTTP/1.1" 200 5660 "http://localhost:4200/admin/dashboard" - 134.506 ms
127.0.0.1 [14/Apr/2026:14:20:06 +0000] "GET /api/performances HTTP/1.1" 200 1822 "http://localhost:4200/admin/dashboard" - 113.145 ms
127.0.0.1 [14/Apr/2026:14:20:17 +0000] "GET /api/users HTTP/1.1" 200 1764 "http://localhost:4200/admin/equipes" - 10.564 ms
127.0.0.1 [14/Apr/2026:14:20:17 +0000] "GET /api/equipes HTTP/1.1" 200 1177 "http://localhost:4200/admin/equipes" - 28.487 ms
127.0.0.1 [14/Apr/2026:14:20:18 +0000] "GET /api/vehicules HTTP/1.1" 304 - "http://localhost:4200/admin/equipes" - 12.009 ms
127.0.0.1 [14/Apr/2026:14:20:31 +0000] "GET /api/zones HTTP/1.1" 304 - "http://localhost:4200/admin/carte" - 19.351 ms
127.0.0.1 [14/Apr/2026:14:20:31 +0000] "GET /api/bacs/stats HTTP/1.1" 304 - "http://localhost:4200/admin/carte" - 57.089 ms
127.0.0.1 [14/Apr/2026:14:20:32 +0000] "GET /api/bacs HTTP/1.1" 304 - "http://localhost:4200/admin/carte" - 26.213 ms
127.0.0.1 [14/Apr/2026:14:20:32 +0000] "GET /api/tournees HTTP/1.1" 304 - "http://localhost:4200/admin/carte" - 26.618 ms
127.0.0.1 [14/Apr/2026:15:03:01 +0000] "GET /api/performances HTTP/1.1" 304 - "http://localhost:4200/admin/dashboard" - 32.166 ms
127.0.0.1 [14/Apr/2026:15:03:01 +0000] "GET /api/stats/dashboard HTTP/1.1" 304 - "http://localhost:4200/admin/dashboard" - 74.792 ms
127.0.0.1 [14/Apr/2026:15:03:05 +0000] "GET /api/zones HTTP/1.1" 304 - "http://localhost:4200/admin/carte" - 18.896 ms
127.0.0.1 [14/Apr/2026:15:03:05 +0000] "GET /api/bacs/stats HTTP/1.1" 304 - "http://localhost:4200/admin/carte" - 29.416 ms
127.0.0.1 [14/Apr/2026:15:03:05 +0000] "GET /api/vehicules HTTP/1.1" 304 - "http://localhost:4200/admin/carte" - 19.991 ms
127.0.0.1 [14/Apr/2026:15:03:05 +0000] "GET /api/bacs HTTP/1.1" 304 - "http://localhost:4200/admin/carte" - 33.508 ms
127.0.0.1 [14/Apr/2026:15:03:05 +0000] "GET /api/tournees HTTP/1.1" 304 - "http://localhost:4200/admin/carte" - 35.760 ms
127.0.0.1 [14/Apr/2026:15:03:59 +0000] "POST /api/navigation/itineraire HTTP/1.1" 200 1516 "http://localhost:4200/admin/carte" - 16.524 ms
127.0.0.1 [25/Apr/2026:08:57:00 +0000] "POST /api/auth/login HTTP/1.1" 200 601 "http://localhost:4200/login" - 237.117 ms
127.0.0.1 [25/Apr/2026:08:57:11 +0000] "POST /api/auth/login HTTP/1.1" 200 601 "http://localhost:4200/login" - 105.768 ms
127.0.0.1 [25/Apr/2026:09:00:24 +0000] "POST /api/auth/login HTTP/1.1" 200 601 "http://localhost:4200/login" - 97.306 ms
127.0.0.1 [25/Apr/2026:09:00:35 +0000] "GET /api/stats/dashboard HTTP/1.1" 401 74 "http://localhost:4200/admin/dashboard" - 65.265 ms
127.0.0.1 [25/Apr/2026:09:00:36 +0000] "GET /api/performances HTTP/1.1" 401 74 "http://localhost:4200/admin/dashboard" - 4.000 ms
127.0.0.1 [25/Apr/2026:09:00:36 +0000] "GET /api/tournees/agent/mes-tournees HTTP/1.1" 304 - "http://localhost:4200/agent/dashboard" - 397.419 ms
127.0.0.1 [25/Apr/2026:09:00:44 +0000] "POST /api/auth/login HTTP/1.1" 200 559 "http://localhost:4200/login?returnUrl=%2Flogin%3FreturnUrl%3D%252Fadmin%252Fdashboard" - 136.412 ms
127.0.0.1 [25/Apr/2026:09:01:25 +0000] "GET /api/stats/dashboard HTTP/1.1" 200 5660 "http://localhost:4200/admin/dashboard" - 333.634 ms
127.0.0.1 [25/Apr/2026:09:01:25 +0000] "GET /api/performances HTTP/1.1" 200 1822 "http://localhost:4200/admin/dashboard" - 296.059 ms
127.0.0.1 [25/Apr/2026:09:01:42 +0000] "GET /api/stats/dashboard HTTP/1.1" 304 - "http://localhost:4200/admin/dashboard" - 9.160 ms
127.0.0.1 [25/Apr/2026:09:01:42 +0000] "GET /api/performances HTTP/1.1" 304 - "http://localhost:4200/admin/dashboard" - 3.817 ms
127.0.0.1 [25/Apr/2026:09:01:59 +0000] "GET /api/zones HTTP/1.1" 200 1279 "http://localhost:4200/admin/carte" - 14.424 ms
127.0.0.1 [25/Apr/2026:09:01:59 +0000] "GET /api/bacs/stats HTTP/1.1" 200 80 "http://localhost:4200/admin/carte" - 101.943 ms
127.0.0.1 [25/Apr/2026:09:02:00 +0000] "GET /api/vehicules HTTP/1.1" 200 863 "http://localhost:4200/admin/carte" - 11.628 ms
127.0.0.1 [25/Apr/2026:09:02:00 +0000] "GET /api/tournees HTTP/1.1" 200 4198 "http://localhost:4200/admin/carte" - 22.783 ms
127.0.0.1 [25/Apr/2026:09:02:00 +0000] "GET /api/bacs HTTP/1.1" 200 1130 "http://localhost:4200/admin/carte" - 41.850 ms
127.0.0.1 [25/Apr/2026:09:03:01 +0000] "POST /api/bacs/tournee-optimisee HTTP/1.1" 200 1165 "http://localhost:4200/admin/carte" - 18.534 ms
127.0.0.1 [25/Apr/2026:09:06:31 +0000] "POST /api/bacs/tournee-optimisee HTTP/1.1" 200 1165 "http://localhost:4200/admin/carte" - 13.289 ms
127.0.0.1 [25/Apr/2026:09:06:37 +0000] "GET /api/zones HTTP/1.1" 304 - "http://localhost:4200/admin/carte" - 27.868 ms
127.0.0.1 [25/Apr/2026:09:06:37 +0000] "GET /api/bacs/stats HTTP/1.1" 304 - "http://localhost:4200/admin/carte" - 32.727 ms
127.0.0.1 [25/Apr/2026:09:06:38 +0000] "GET /api/vehicules HTTP/1.1" 304 - "http://localhost:4200/admin/carte" - 12.915 ms
127.0.0.1 [25/Apr/2026:09:06:38 +0000] "GET /api/bacs HTTP/1.1" 304 - "http://localhost:4200/admin/carte" - 31.086 ms
127.0.0.1 [25/Apr/2026:09:06:38 +0000] "GET /api/tournees HTTP/1.1" 304 - "http://localhost:4200/admin/carte" - 31.034 ms
127.0.0.1 [25/Apr/2026:09:06:40 +0000] "POST /api/bacs/tournee-optimisee HTTP/1.1" 200 1165 "http://localhost:4200/admin/carte" - 6.621 ms
127.0.0.1 [25/Apr/2026:09:13:01 +0000] "GET /api/tournees/agent/mes-tournees HTTP/1.1" 304 - "http://localhost:4200/agent/dashboard" - 18.298 ms
127.0.0.1 [25/Apr/2026:09:13:01 +0000] "GET /api/zones HTTP/1.1" 304 - "http://localhost:4200/admin/carte" - 20.221 ms
127.0.0.1 [25/Apr/2026:09:13:02 +0000] "GET /api/bacs/stats HTTP/1.1" 304 - "http://localhost:4200/admin/carte" - 43.268 ms
127.0.0.1 [25/Apr/2026:09:13:02 +0000] "GET /api/vehicules HTTP/1.1" 304 - "http://localhost:4200/admin/carte" - 10.952 ms
127.0.0.1 [25/Apr/2026:09:13:02 +0000] "GET /api/bacs HTTP/1.1" 304 - "http://localhost:4200/admin/carte" - 28.300 ms
127.0.0.1 [25/Apr/2026:09:13:02 +0000] "GET /api/tournees HTTP/1.1" 304 - "http://localhost:4200/admin/carte" - 23.153 ms
127.0.0.1 [25/Apr/2026:09:29:29 +0000] "GET /api/stats/dashboard HTTP/1.1" 304 - "http://localhost:4200/admin/dashboard" - 37.958 ms
127.0.0.1 [25/Apr/2026:09:29:29 +0000] "GET /api/performances HTTP/1.1" 304 - "http://localhost:4200/admin/dashboard" - 38.457 ms
127.0.0.1 [25/Apr/2026:09:36:21 +0000] "GET /api/stats/dashboard HTTP/1.1" 304 - "http://localhost:4200/admin/dashboard" - 33.713 ms
127.0.0.1 [25/Apr/2026:09:36:21 +0000] "GET /api/performances HTTP/1.1" 304 - "http://localhost:4200/admin/dashboard" - 31.647 ms
127.0.0.1 [25/Apr/2026:09:37:07 +0000] "POST /api/auth/login HTTP/1.1" 200 559 "http://localhost:4200/login" - 146.180 ms
127.0.0.1 [25/Apr/2026:09:37:07 +0000] "GET /api/stats/dashboard HTTP/1.1" 304 - "http://localhost:4200/admin/dashboard" - 2.047 ms
127.0.0.1 [25/Apr/2026:09:37:07 +0000] "GET /api/performances HTTP/1.1" 304 - "http://localhost:4200/admin/dashboard" - 2.292 ms
127.0.0.1 [25/Apr/2026:09:37:10 +0000] "GET /api/zones HTTP/1.1" 304 - "http://localhost:4200/admin/carte" - 12.045 ms
127.0.0.1 [25/Apr/2026:09:37:10 +0000] "GET /api/bacs/stats HTTP/1.1" 304 - "http://localhost:4200/admin/carte" - 19.494 ms
127.0.0.1 [25/Apr/2026:09:37:10 +0000] "GET /api/vehicules HTTP/1.1" 304 - "http://localhost:4200/admin/carte" - 17.648 ms
127.0.0.1 [25/Apr/2026:09:37:10 +0000] "GET /api/bacs HTTP/1.1" 304 - "http://localhost:4200/admin/carte" - 46.327 ms
127.0.0.1 [25/Apr/2026:09:37:10 +0000] "GET /api/tournees HTTP/1.1" 304 - "http://localhost:4200/admin/carte" - 28.707 ms
127.0.0.1 [25/Apr/2026:09:37:30 +0000] "POST /api/bacs/tournee-optimisee HTTP/1.1" 200 1165 "http://localhost:4200/admin/carte" - 8.889 ms
127.0.0.1 [25/Apr/2026:09:38:12 +0000] "POST /api/navigation/itineraire HTTP/1.1" 200 1516 "http://localhost:4200/admin/carte" - 13.596 ms
127.0.0.1 [25/Apr/2026:09:38:26 +0000] "POST /api/bacs/tournee-optimisee HTTP/1.1" 200 1165 "http://localhost:4200/admin/carte" - 12.539 ms
127.0.0.1 [25/Apr/2026:09:42:10 +0000] "GET /api/tournees HTTP/1.1" 304 - "http://localhost:4200/admin/tournees" - 15.996 ms
127.0.0.1 [25/Apr/2026:09:42:10 +0000] "GET /api/zones HTTP/1.1" 304 - "http://localhost:4200/admin/tournees" - 14.173 ms
127.0.0.1 [25/Apr/2026:09:42:10 +0000] "GET /api/vehicules HTTP/1.1" 304 - "http://localhost:4200/admin/tournees" - 14.616 ms
127.0.0.1 [25/Apr/2026:09:42:10 +0000] "GET /api/equipes HTTP/1.1" 200 1177 "http://localhost:4200/admin/tournees" - 30.961 ms
127.0.0.1 [25/Apr/2026:09:42:10 +0000] "GET /api/quartiers HTTP/1.1" 200 36 "http://localhost:4200/admin/tournees" - 49.998 ms
127.0.0.1 [25/Apr/2026:09:42:25 +0000] "GET /api/bacs/stats HTTP/1.1" 304 - "http://localhost:4200/admin/carte" - 43.289 ms
127.0.0.1 [25/Apr/2026:09:42:25 +0000] "GET /api/bacs HTTP/1.1" 304 - "http://localhost:4200/admin/carte" - 23.405 ms
127.0.0.1 [25/Apr/2026:09:42:31 +0000] "POST /api/bacs/tournee-optimisee HTTP/1.1" 200 1165 "http://localhost:4200/admin/carte" - 7.974 ms
127.0.0.1 [25/Apr/2026:09:42:51 +0000] "GET /api/bacs HTTP/1.1" 304 - "http://localhost:4200/admin/bacs" - 11.904 ms
127.0.0.1 [25/Apr/2026:09:43:07 +0000] "PATCH /api/bacs/69b548c0d14195dd88d4357b/niveau HTTP/1.1" 200 359 "http://localhost:4200/admin/bacs" - 134.219 ms
127.0.0.1 [25/Apr/2026:09:43:07 +0000] "GET /api/bacs HTTP/1.1" 200 1129 "http://localhost:4200/admin/bacs" - 11.389 ms
127.0.0.1 [25/Apr/2026:09:44:11 +0000] "PUT /api/bacs/69b548c0d14195dd88d4357b HTTP/1.1" 200 357 "http://localhost:4200/admin/bacs" - 84.991 ms
127.0.0.1 [25/Apr/2026:09:44:11 +0000] "GET /api/bacs HTTP/1.1" 200 1127 "http://localhost:4200/admin/bacs" - 32.423 ms
127.0.0.1 [25/Apr/2026:09:44:18 +0000] "GET /api/zones HTTP/1.1" 304 - "http://localhost:4200/admin/carte" - 55.110 ms
127.0.0.1 [25/Apr/2026:09:44:18 +0000] "GET /api/vehicules HTTP/1.1" 304 - "http://localhost:4200/admin/carte" - 38.490 ms
127.0.0.1 [25/Apr/2026:09:44:18 +0000] "GET /api/tournees HTTP/1.1" 304 - "http://localhost:4200/admin/carte" - 69.466 ms
127.0.0.1 [25/Apr/2026:09:44:18 +0000] "GET /api/bacs/stats HTTP/1.1" 200 80 "http://localhost:4200/admin/carte" - 101.428 ms
127.0.0.1 [25/Apr/2026:09:44:20 +0000] "POST /api/bacs/tournee-optimisee HTTP/1.1" 200 1162 "http://localhost:4200/admin/carte" - 20.201 ms
127.0.0.1 [25/Apr/2026:09:46:04 +0000] "PUT /api/vehicules/69a16b905922759d661fc003 HTTP/1.1" 200 316 "http://localhost:4200/admin/vehicules" - 66.166 ms
127.0.0.1 [25/Apr/2026:09:46:04 +0000] "GET /api/vehicules HTTP/1.1" 200 862 "http://localhost:4200/admin/vehicules" - 7.897 ms
127.0.0.1 [25/Apr/2026:09:46:12 +0000] "GET /api/zones HTTP/1.1" 304 - "http://localhost:4200/admin/carte" - 13.468 ms
127.0.0.1 [25/Apr/2026:09:46:12 +0000] "GET /api/bacs/stats HTTP/1.1" 304 - "http://localhost:4200/admin/carte" - 38.251 ms
127.0.0.1 [25/Apr/2026:09:46:12 +0000] "GET /api/bacs HTTP/1.1" 304 - "http://localhost:4200/admin/carte" - 37.281 ms
127.0.0.1 [25/Apr/2026:09:46:12 +0000] "GET /api/tournees HTTP/1.1" 304 - "http://localhost:4200/admin/carte" - 38.353 ms
127.0.0.1 [25/Apr/2026:09:46:16 +0000] "POST /api/bacs/tournee-optimisee HTTP/1.1" 200 1162 "http://localhost:4200/admin/carte" - 13.261 ms
127.0.0.1 [25/Apr/2026:09:49:36 +0000] "GET /api/zones HTTP/1.1" 304 - "http://localhost:4200/admin/carte" - 12.489 ms
127.0.0.1 [25/Apr/2026:09:49:36 +0000] "GET /api/bacs/stats HTTP/1.1" 304 - "http://localhost:4200/admin/carte" - 18.661 ms
127.0.0.1 [25/Apr/2026:09:49:37 +0000] "GET /api/vehicules HTTP/1.1" 304 - "http://localhost:4200/admin/carte" - 18.724 ms
127.0.0.1 [25/Apr/2026:09:49:37 +0000] "GET /api/bacs HTTP/1.1" 304 - "http://localhost:4200/admin/carte" - 36.611 ms
127.0.0.1 [25/Apr/2026:09:49:37 +0000] "GET /api/tournees HTTP/1.1" 304 - "http://localhost:4200/admin/carte" - 40.420 ms
127.0.0.1 [25/Apr/2026:09:49:47 +0000] "GET /api/zones HTTP/1.1" 304 - "http://localhost:4200/admin/carte" - 17.282 ms
127.0.0.1 [25/Apr/2026:09:49:47 +0000] "GET /api/bacs/stats HTTP/1.1" 304 - "http://localhost:4200/admin/carte" - 23.310 ms
127.0.0.1 [25/Apr/2026:09:49:47 +0000] "GET /api/vehicules HTTP/1.1" 304 - "http://localhost:4200/admin/carte" - 16.695 ms
127.0.0.1 [25/Apr/2026:09:49:47 +0000] "GET /api/bacs HTTP/1.1" 304 - "http://localhost:4200/admin/carte" - 39.701 ms
127.0.0.1 [25/Apr/2026:09:49:47 +0000] "GET /api/tournees HTTP/1.1" 304 - "http://localhost:4200/admin/carte" - 41.332 ms
127.0.0.1 [25/Apr/2026:09:54:15 +0000] "POST /api/navigation/itineraire HTTP/1.1" 200 1512 "http://localhost:4200/admin/carte" - 10.094 ms
127.0.0.1 [25/Apr/2026:09:54:43 +0000] "POST /api/navigation/itineraire HTTP/1.1" 200 1507 "http://localhost:4200/admin/carte" - 10.843 ms
127.0.0.1 [25/Apr/2026:09:54:46 +0000] "POST /api/navigation/itineraire HTTP/1.1" 200 1507 "http://localhost:4200/admin/carte" - 9.460 ms
127.0.0.1 [25/Apr/2026:09:54:47 +0000] "POST /api/navigation/itineraire HTTP/1.1" 200 1507 "http://localhost:4200/admin/carte" - 9.413 ms
127.0.0.1 [25/Apr/2026:09:54:47 +0000] "POST /api/navigation/itineraire HTTP/1.1" 200 1507 "http://localhost:4200/admin/carte" - 8.866 ms
127.0.0.1 [25/Apr/2026:09:54:49 +0000] "POST /api/bacs/tournee-optimisee HTTP/1.1" 200 1162 "http://localhost:4200/admin/carte" - 11.614 ms
127.0.0.1 [25/Apr/2026:09:54:59 +0000] "GET /api/vehicules HTTP/1.1" 304 - "http://localhost:4200/admin/carte" - 16.156 ms
127.0.0.1 [25/Apr/2026:09:54:59 +0000] "GET /api/bacs?statut=Plein HTTP/1.1" 200 401 "http://localhost:4200/admin/carte" - 34.960 ms
127.0.0.1 [25/Apr/2026:09:54:59 +0000] "GET /api/tournees HTTP/1.1" 304 - "http://localhost:4200/admin/carte" - 22.273 ms
127.0.0.1 [25/Apr/2026:09:55:44 +0000] "GET /api/zones HTTP/1.1" 304 - "http://localhost:4200/admin/carte" - 25.554 ms
127.0.0.1 [25/Apr/2026:09:55:44 +0000] "GET /api/bacs/stats HTTP/1.1" 304 - "http://localhost:4200/admin/carte" - 33.268 ms
127.0.0.1 [25/Apr/2026:09:55:44 +0000] "GET /api/vehicules HTTP/1.1" 304 - "http://localhost:4200/admin/carte" - 26.053 ms
127.0.0.1 [25/Apr/2026:09:55:44 +0000] "GET /api/bacs HTTP/1.1" 304 - "http://localhost:4200/admin/carte" - 46.028 ms
127.0.0.1 [25/Apr/2026:09:55:44 +0000] "GET /api/tournees HTTP/1.1" 304 - "http://localhost:4200/admin/carte" - 47.333 ms
127.0.0.1 [25/Apr/2026:09:56:18 +0000] "POST /api/bacs/tournee-optimisee HTTP/1.1" 200 119 "http://localhost:4200/admin/carte" - 6.915 ms
127.0.0.1 [25/Apr/2026:09:56:28 +0000] "GET /api/bacs?zoneId=69ce5f623b9ed255040d989d HTTP/1.1" 200 36 "http://localhost:4200/admin/carte" - 6.633 ms
127.0.0.1 [25/Apr/2026:09:56:46 +0000] "POST /api/bacs/tournee-optimisee HTTP/1.1" 200 800 "http://localhost:4200/admin/carte" - 10.222 ms
127.0.0.1 [25/Apr/2026:09:57:00 +0000] "GET /api/vehicules HTTP/1.1" 304 - "http://localhost:4200/admin/carte" - 15.686 ms
127.0.0.1 [25/Apr/2026:09:57:00 +0000] "GET /api/bacs HTTP/1.1" 304 - "http://localhost:4200/admin/carte" - 31.721 ms
127.0.0.1 [25/Apr/2026:09:57:00 +0000] "GET /api/tournees HTTP/1.1" 304 - "http://localhost:4200/admin/carte" - 25.699 ms
127.0.0.1 [25/Apr/2026:09:57:23 +0000] "POST /api/navigation/itineraire HTTP/1.1" 200 1512 "http://localhost:4200/admin/carte" - 8.313 ms
127.0.0.1 [25/Apr/2026:10:01:39 +0000] "GET /api/zones HTTP/1.1" 304 - "http://localhost:4200/admin/carte" - 65.129 ms
127.0.0.1 [25/Apr/2026:10:01:39 +0000] "GET /api/bacs/stats HTTP/1.1" 304 - "http://localhost:4200/admin/carte" - 56.180 ms
127.0.0.1 [25/Apr/2026:10:01:39 +0000] "GET /api/vehicules HTTP/1.1" 304 - "http://localhost:4200/admin/carte" - 38.929 ms
127.0.0.1 [25/Apr/2026:10:01:39 +0000] "GET /api/bacs HTTP/1.1" 304 - "http://localhost:4200/admin/carte" - 89.227 ms
127.0.0.1 [25/Apr/2026:10:01:39 +0000] "GET /api/tournees HTTP/1.1" 304 - "http://localhost:4200/admin/carte" - 89.176 ms
127.0.0.1 [25/Apr/2026:10:12:23 +0000] "GET /api/zones HTTP/1.1" 304 - "http://localhost:4200/admin/carte" - 20.449 ms
127.0.0.1 [25/Apr/2026:10:12:23 +0000] "GET /api/bacs/stats HTTP/1.1" 304 - "http://localhost:4200/admin/carte" - 25.790 ms
127.0.0.1 [25/Apr/2026:10:12:23 +0000] "GET /api/vehicules HTTP/1.1" 304 - "http://localhost:4200/admin/carte" - 15.898 ms
127.0.0.1 [25/Apr/2026:10:12:23 +0000] "GET /api/bacs HTTP/1.1" 304 - "http://localhost:4200/admin/carte" - 34.761 ms
127.0.0.1 [25/Apr/2026:10:12:23 +0000] "GET /api/tournees HTTP/1.1" 304 - "http://localhost:4200/admin/carte" - 31.955 ms
127.0.0.1 [25/Apr/2026:10:12:36 +0000] "POST /api/navigation/itineraire HTTP/1.1" 200 1533 "http://localhost:4200/admin/carte" - 11.082 ms
127.0.0.1 [25/Apr/2026:10:12:57 +0000] "POST /api/bacs/tournee-optimisee HTTP/1.1" 200 1162 "http://localhost:4200/admin/carte" - 16.386 ms
127.0.0.1 [25/Apr/2026:10:13:07 +0000] "POST /api/bacs/tournee-optimisee HTTP/1.1" 200 1162 "http://localhost:4200/admin/carte" - 10.423 ms
127.0.0.1 [25/Apr/2026:10:13:47 +0000] "POST /api/navigation/itineraire HTTP/1.1" 200 1534 "http://localhost:4200/admin/carte" - 10.385 ms
127.0.0.1 [25/Apr/2026:10:15:35 +0000] "GET /api/zones HTTP/1.1" 304 - "http://localhost:4200/admin/carte" - 17.209 ms
127.0.0.1 [25/Apr/2026:10:15:35 +0000] "GET /api/bacs/stats HTTP/1.1" 304 - "http://localhost:4200/admin/carte" - 31.571 ms
127.0.0.1 [25/Apr/2026:10:15:35 +0000] "GET /api/vehicules HTTP/1.1" 304 - "http://localhost:4200/admin/carte" - 35.020 ms
127.0.0.1 [25/Apr/2026:10:15:35 +0000] "GET /api/tournees HTTP/1.1" 304 - "http://localhost:4200/admin/carte" - 46.558 ms
127.0.0.1 [25/Apr/2026:10:15:35 +0000] "GET /api/bacs HTTP/1.1" 304 - "http://localhost:4200/admin/carte" - 119.114 ms
127.0.0.1 [25/Apr/2026:10:15:52 +0000] "GET /api/zones HTTP/1.1" 304 - "http://localhost:4200/admin/carte" - 13.795 ms
127.0.0.1 [25/Apr/2026:10:15:52 +0000] "GET /api/bacs/stats HTTP/1.1" 304 - "http://localhost:4200/admin/carte" - 23.042 ms
127.0.0.1 [25/Apr/2026:10:15:53 +0000] "GET /api/vehicules HTTP/1.1" 304 - "http://localhost:4200/admin/carte" - 18.646 ms
127.0.0.1 [25/Apr/2026:10:15:53 +0000] "GET /api/bacs HTTP/1.1" 304 - "http://localhost:4200/admin/carte" - 40.944 ms
127.0.0.1 [25/Apr/2026:10:15:53 +0000] "GET /api/tournees HTTP/1.1" 304 - "http://localhost:4200/admin/carte" - 38.308 ms
127.0.0.1 [25/Apr/2026:10:16:16 +0000] "GET /api/zones HTTP/1.1" 304 - "http://localhost:4200/admin/carte" - 14.816 ms
127.0.0.1 [25/Apr/2026:10:16:16 +0000] "GET /api/bacs/stats HTTP/1.1" 304 - "http://localhost:4200/admin/carte" - 23.642 ms
127.0.0.1 [25/Apr/2026:10:16:17 +0000] "GET /api/vehicules HTTP/1.1" 304 - "http://localhost:4200/admin/carte" - 13.376 ms
127.0.0.1 [25/Apr/2026:10:16:17 +0000] "GET /api/bacs HTTP/1.1" 304 - "http://localhost:4200/admin/carte" - 22.315 ms
127.0.0.1 [25/Apr/2026:10:16:17 +0000] "GET /api/tournees HTTP/1.1" 304 - "http://localhost:4200/admin/carte" - 17.531 ms
127.0.0.1 [25/Apr/2026:10:16:35 +0000] "GET /api/zones HTTP/1.1" 304 - "http://localhost:4200/admin/carte" - 14.536 ms
127.0.0.1 [25/Apr/2026:10:16:35 +0000] "GET /api/bacs/stats HTTP/1.1" 304 - "http://localhost:4200/admin/carte" - 22.614 ms
127.0.0.1 [25/Apr/2026:10:16:35 +0000] "GET /api/vehicules HTTP/1.1" 304 - "http://localhost:4200/admin/carte" - 17.823 ms
127.0.0.1 [25/Apr/2026:10:16:35 +0000] "GET /api/bacs HTTP/1.1" 304 - "http://localhost:4200/admin/carte" - 35.298 ms
127.0.0.1 [25/Apr/2026:10:16:35 +0000] "GET /api/tournees HTTP/1.1" 304 - "http://localhost:4200/admin/carte" - 38.456 ms
127.0.0.1 [25/Apr/2026:10:32:18 +0000] "GET /api/zones HTTP/1.1" 304 - "http://localhost:4200/admin/carte" - 22.137 ms
127.0.0.1 [25/Apr/2026:10:32:18 +0000] "GET /api/bacs/stats HTTP/1.1" 304 - "http://localhost:4200/admin/carte" - 27.127 ms
127.0.0.1 [25/Apr/2026:10:32:18 +0000] "GET /api/vehicules HTTP/1.1" 304 - "http://localhost:4200/admin/carte" - 9.898 ms
127.0.0.1 [25/Apr/2026:10:32:18 +0000] "GET /api/bacs HTTP/1.1" 304 - "http://localhost:4200/admin/carte" - 22.222 ms
127.0.0.1 [25/Apr/2026:10:32:18 +0000] "GET /api/tournees HTTP/1.1" 304 - "http://localhost:4200/admin/carte" - 19.676 ms
127.0.0.1 [25/Apr/2026:10:41:51 +0000] "GET /api/zones HTTP/1.1" 304 - "http://localhost:4200/admin/carte" - 11.675 ms
127.0.0.1 [25/Apr/2026:10:41:51 +0000] "GET /api/bacs/stats HTTP/1.1" 304 - "http://localhost:4200/admin/carte" - 20.049 ms
127.0.0.1 [25/Apr/2026:10:41:51 +0000] "GET /api/vehicules HTTP/1.1" 304 - "http://localhost:4200/admin/carte" - 11.458 ms
127.0.0.1 [25/Apr/2026:10:41:51 +0000] "GET /api/bacs HTTP/1.1" 304 - "http://localhost:4200/admin/carte" - 27.431 ms
127.0.0.1 [25/Apr/2026:10:41:51 +0000] "GET /api/tournees HTTP/1.1" 304 - "http://localhost:4200/admin/carte" - 24.994 ms
127.0.0.1 [25/Apr/2026:10:41:56 +0000] "GET /api/stats/dashboard HTTP/1.1" 304 - "http://localhost:4200/admin/dashboard" - 49.094 ms
127.0.0.1 [25/Apr/2026:10:41:56 +0000] "GET /api/performances HTTP/1.1" 304 - "http://localhost:4200/admin/dashboard" - 39.316 ms
127.0.0.1 [25/Apr/2026:10:48:43 +0000] "POST /api/auth/login HTTP/1.1" 200 592 "http://localhost:4200/login" - 153.910 ms
127.0.0.1 [25/Apr/2026:10:48:43 +0000] "GET /api/stats/dashboard HTTP/1.1" 200 2334 "http://localhost:4200/admin/dashboard" - 17.557 ms
127.0.0.1 [25/Apr/2026:10:48:43 +0000] "GET /api/performances HTTP/1.1" 200 227 "http://localhost:4200/admin/dashboard" - 15.736 ms
